"ID","Release_year","Group","year","Zone","Location","Genotype","Rep","yield","Loc_Count","environment"
"6184","1970","Medium","2002","1","Bhanga","G_winter_013","1",5.8,"1","2002_Bhanga"
"6185","1970","Medium","2002","1","Bhanga","G_winter_013","2",5.3,"2","2002_Bhanga"
"6186","1970","Medium","2002","1","Bhanga","G_winter_013","3",6,"3","2002_Bhanga"
"6187","1985","Medium","2002","1","Bhanga","G_winter_014","1",7.4,"4","2002_Bhanga"
"6188","1985","Medium","2002","1","Bhanga","G_winter_014","2",7.5,"5","2002_Bhanga"
"6189","1985","Medium","2002","1","Bhanga","G_winter_014","3",7.4,"6","2002_Bhanga"
"6190","1977","Medium","2002","1","Bhanga","G_winter_015","1",7.6,"7","2002_Bhanga"
"6191","1977","Medium","2002","1","Bhanga","G_winter_015","2",7.3,"8","2002_Bhanga"
"6192","1977","Medium","2002","1","Bhanga","G_winter_015","3",7.4,"9","2002_Bhanga"
"6193","1978","Medium","2002","1","Bhanga","G_winter_016","1",5.4,"10","2002_Bhanga"
"6194","1978","Medium","2002","1","Bhanga","G_winter_016","2",7.1,"11","2002_Bhanga"
"6195","1978","Medium","2002","1","Bhanga","G_winter_016","3",7.4,"12","2002_Bhanga"
"6196","1998","Medium","2002","1","Bhanga","G_winter_017","1",7.7,"13","2002_Bhanga"
"6197","1998","Medium","2002","1","Bhanga","G_winter_017","2",7.1,"14","2002_Bhanga"
"6198","1998","Medium","2002","1","Bhanga","G_winter_017","3",6,"15","2002_Bhanga"
"6199","1970","Medium","2002","1","Cumilla","G_winter_013","1",6.87,"1","2002_Cumilla"
"6200","1970","Medium","2002","1","Cumilla","G_winter_013","2",6.03,"2","2002_Cumilla"
"6201","1970","Medium","2002","1","Cumilla","G_winter_013","3",5.96,"3","2002_Cumilla"
"6202","1985","Medium","2002","1","Cumilla","G_winter_014","1",5.8,"4","2002_Cumilla"
"6203","1985","Medium","2002","1","Cumilla","G_winter_014","2",5.61,"5","2002_Cumilla"
"6204","1985","Medium","2002","1","Cumilla","G_winter_014","3",5.44,"6","2002_Cumilla"
"6205","1977","Medium","2002","1","Cumilla","G_winter_015","1",5.79,"7","2002_Cumilla"
"6206","1977","Medium","2002","1","Cumilla","G_winter_015","2",5.35,"8","2002_Cumilla"
"6207","1977","Medium","2002","1","Cumilla","G_winter_015","3",4.99,"9","2002_Cumilla"
"6208","1978","Medium","2002","1","Cumilla","G_winter_016","1",5.2,"10","2002_Cumilla"
"6209","1978","Medium","2002","1","Cumilla","G_winter_016","2",5.57,"11","2002_Cumilla"
"6210","1978","Medium","2002","1","Cumilla","G_winter_016","3",5.36,"12","2002_Cumilla"
"6211","1998","Medium","2002","1","Cumilla","G_winter_017","1",6.35,"13","2002_Cumilla"
"6212","1998","Medium","2002","1","Cumilla","G_winter_017","2",6.22,"14","2002_Cumilla"
"6213","1998","Medium","2002","1","Cumilla","G_winter_017","3",6.03,"15","2002_Cumilla"
"6214","1970","Medium","2002","1","Rangpur","G_winter_013","1",5.17,"1","2002_Rangpur"
"6215","1970","Medium","2002","1","Rangpur","G_winter_013","2",6.13,"2","2002_Rangpur"
"6216","1970","Medium","2002","1","Rangpur","G_winter_013","3",4.82,"3","2002_Rangpur"
"6217","1985","Medium","2002","1","Rangpur","G_winter_014","1",8.02,"4","2002_Rangpur"
"6218","1985","Medium","2002","1","Rangpur","G_winter_014","2",7.37,"5","2002_Rangpur"
"6219","1985","Medium","2002","1","Rangpur","G_winter_014","3",7.56,"6","2002_Rangpur"
"6220","1977","Medium","2002","1","Rangpur","G_winter_015","1",6.05,"7","2002_Rangpur"
"6221","1977","Medium","2002","1","Rangpur","G_winter_015","2",7.12,"8","2002_Rangpur"
"6222","1977","Medium","2002","1","Rangpur","G_winter_015","3",7.27,"9","2002_Rangpur"
"6223","1978","Medium","2002","1","Rangpur","G_winter_016","1",6.66,"10","2002_Rangpur"
"6224","1978","Medium","2002","1","Rangpur","G_winter_016","2",8.21,"11","2002_Rangpur"
"6225","1978","Medium","2002","1","Rangpur","G_winter_016","3",7.18,"12","2002_Rangpur"
"6226","1998","Medium","2002","1","Rangpur","G_winter_017","1",6.47,"13","2002_Rangpur"
"6227","1998","Medium","2002","1","Rangpur","G_winter_017","2",7.31,"14","2002_Rangpur"
"6228","1998","Medium","2002","1","Rangpur","G_winter_017","3",6.06,"15","2002_Rangpur"
"6229","1970","Medium","2002","2","Kushtia","G_winter_013","1",6.66,"1","2002_Kushtia"
"6230","1970","Medium","2002","2","Kushtia","G_winter_013","2",6.57,"2","2002_Kushtia"
"6231","1970","Medium","2002","2","Kushtia","G_winter_013","3",6.42,"3","2002_Kushtia"
"6232","1985","Medium","2002","2","Kushtia","G_winter_014","1",5.74,"4","2002_Kushtia"
"6233","1985","Medium","2002","2","Kushtia","G_winter_014","2",5.82,"5","2002_Kushtia"
"6234","1985","Medium","2002","2","Kushtia","G_winter_014","3",5.68,"6","2002_Kushtia"
"6235","1977","Medium","2002","2","Kushtia","G_winter_015","1",5.18,"7","2002_Kushtia"
"6236","1977","Medium","2002","2","Kushtia","G_winter_015","2",5.16,"8","2002_Kushtia"
"6237","1977","Medium","2002","2","Kushtia","G_winter_015","3",5.65,"9","2002_Kushtia"
"6238","1978","Medium","2002","2","Kushtia","G_winter_016","1",6.35,"10","2002_Kushtia"
"6239","1978","Medium","2002","2","Kushtia","G_winter_016","2",4.73,"11","2002_Kushtia"
"6240","1978","Medium","2002","2","Kushtia","G_winter_016","3",6.38,"12","2002_Kushtia"
"6241","1998","Medium","2002","2","Kushtia","G_winter_017","1",6.05,"13","2002_Kushtia"
"6242","1998","Medium","2002","2","Kushtia","G_winter_017","2",6.12,"14","2002_Kushtia"
"6243","1998","Medium","2002","2","Kushtia","G_winter_017","3",6,"15","2002_Kushtia"
"6244","1970","Medium","2002","2","Satkhira","G_winter_013","1",5.27,"1","2002_Satkhira"
"6245","1970","Medium","2002","2","Satkhira","G_winter_013","2",5.12,"2","2002_Satkhira"
"6246","1970","Medium","2002","2","Satkhira","G_winter_013","3",5.32,"3","2002_Satkhira"
"6247","1985","Medium","2002","2","Satkhira","G_winter_014","1",5.53,"4","2002_Satkhira"
"6248","1985","Medium","2002","2","Satkhira","G_winter_014","2",5.53,"5","2002_Satkhira"
"6249","1985","Medium","2002","2","Satkhira","G_winter_014","3",5.63,"6","2002_Satkhira"
"6250","1977","Medium","2002","2","Satkhira","G_winter_015","1",4.2,"7","2002_Satkhira"
"6251","1977","Medium","2002","2","Satkhira","G_winter_015","2",4.09,"8","2002_Satkhira"
"6252","1977","Medium","2002","2","Satkhira","G_winter_015","3",4.35,"9","2002_Satkhira"
"6253","1978","Medium","2002","2","Satkhira","G_winter_016","1",6.45,"10","2002_Satkhira"
"6254","1978","Medium","2002","2","Satkhira","G_winter_016","2",6.55,"11","2002_Satkhira"
"6255","1978","Medium","2002","2","Satkhira","G_winter_016","3",6.65,"12","2002_Satkhira"
"6256","1998","Medium","2002","2","Satkhira","G_winter_017","1",5.63,"13","2002_Satkhira"
"6257","1998","Medium","2002","2","Satkhira","G_winter_017","2",5.37,"14","2002_Satkhira"
"6258","1998","Medium","2002","2","Satkhira","G_winter_017","3",5.53,"15","2002_Satkhira"
"6259","1970","Medium","2002","3","Gazipur","G_winter_013","1",3.65,"1","2002_Gazipur"
"6260","1970","Medium","2002","3","Gazipur","G_winter_013","2",3.44,"2","2002_Gazipur"
"6261","1970","Medium","2002","3","Gazipur","G_winter_013","3",3.65,"3","2002_Gazipur"
"6262","1985","Medium","2002","3","Gazipur","G_winter_014","1",3.11,"4","2002_Gazipur"
"6263","1985","Medium","2002","3","Gazipur","G_winter_014","2",3.94,"5","2002_Gazipur"
"6264","1985","Medium","2002","3","Gazipur","G_winter_014","3",3.93,"6","2002_Gazipur"
"6265","1977","Medium","2002","3","Gazipur","G_winter_015","1",3.23,"7","2002_Gazipur"
"6266","1977","Medium","2002","3","Gazipur","G_winter_015","2",4.99,"8","2002_Gazipur"
"6267","1977","Medium","2002","3","Gazipur","G_winter_015","3",3.48,"9","2002_Gazipur"
"6268","1978","Medium","2002","3","Gazipur","G_winter_016","1",3.25,"10","2002_Gazipur"
"6269","1978","Medium","2002","3","Gazipur","G_winter_016","2",5.99,"11","2002_Gazipur"
"6270","1978","Medium","2002","3","Gazipur","G_winter_016","3",3.94,"12","2002_Gazipur"
"6271","1998","Medium","2002","3","Gazipur","G_winter_017","1",4.7,"13","2002_Gazipur"
"6272","1998","Medium","2002","3","Gazipur","G_winter_017","2",3.96,"14","2002_Gazipur"
"6273","1998","Medium","2002","3","Gazipur","G_winter_017","3",3.82,"15","2002_Gazipur"
"6274","1970","Medium","2002","3","Habiganj","G_winter_013","1",5.67,"1","2002_Habiganj"
"6275","1970","Medium","2002","3","Habiganj","G_winter_013","2",5.65,"2","2002_Habiganj"
"6276","1970","Medium","2002","3","Habiganj","G_winter_013","3",5.27,"3","2002_Habiganj"
"6277","1985","Medium","2002","3","Habiganj","G_winter_014","1",5.53,"4","2002_Habiganj"
"6278","1985","Medium","2002","3","Habiganj","G_winter_014","2",6.04,"5","2002_Habiganj"
"6279","1985","Medium","2002","3","Habiganj","G_winter_014","3",6.15,"6","2002_Habiganj"
"6280","1977","Medium","2002","3","Habiganj","G_winter_015","1",5.24,"7","2002_Habiganj"
"6281","1977","Medium","2002","3","Habiganj","G_winter_015","2",5.13,"8","2002_Habiganj"
"6282","1977","Medium","2002","3","Habiganj","G_winter_015","3",5.36,"9","2002_Habiganj"
"6283","1978","Medium","2002","3","Habiganj","G_winter_016","1",4.98,"10","2002_Habiganj"
"6284","1978","Medium","2002","3","Habiganj","G_winter_016","2",5.44,"11","2002_Habiganj"
"6285","1978","Medium","2002","3","Habiganj","G_winter_016","3",5.57,"12","2002_Habiganj"
"6286","1998","Medium","2002","3","Habiganj","G_winter_017","1",5.38,"13","2002_Habiganj"
"6287","1998","Medium","2002","3","Habiganj","G_winter_017","2",4.92,"14","2002_Habiganj"
"6288","1998","Medium","2002","3","Habiganj","G_winter_017","3",4.61,"15","2002_Habiganj"
"6289","1970","Medium","2002","4","Barishal","G_winter_013","1",6.12,"1","2002_Barishal"
"6290","1970","Medium","2002","4","Barishal","G_winter_013","2",6.72,"2","2002_Barishal"
"6291","1970","Medium","2002","4","Barishal","G_winter_013","3",6.83,"3","2002_Barishal"
"6292","1985","Medium","2002","4","Barishal","G_winter_014","1",6.38,"4","2002_Barishal"
"6293","1985","Medium","2002","4","Barishal","G_winter_014","2",6.81,"5","2002_Barishal"
"6294","1985","Medium","2002","4","Barishal","G_winter_014","3",6.01,"6","2002_Barishal"
"6295","1977","Medium","2002","4","Barishal","G_winter_015","1",4.88,"7","2002_Barishal"
"6296","1977","Medium","2002","4","Barishal","G_winter_015","2",5.37,"8","2002_Barishal"
"6297","1977","Medium","2002","4","Barishal","G_winter_015","3",5.96,"9","2002_Barishal"
"6298","1978","Medium","2002","4","Barishal","G_winter_016","1",7.67,"10","2002_Barishal"
"6299","1978","Medium","2002","4","Barishal","G_winter_016","2",7.75,"11","2002_Barishal"
"6300","1978","Medium","2002","4","Barishal","G_winter_016","3",7.48,"12","2002_Barishal"
"6301","1998","Medium","2002","4","Barishal","G_winter_017","1",7.08,"13","2002_Barishal"
"6302","1998","Medium","2002","4","Barishal","G_winter_017","2",7.5,"14","2002_Barishal"
"6303","1998","Medium","2002","4","Barishal","G_winter_017","3",7.58,"15","2002_Barishal"
"6304","1970","Medium","2002","4","Rajshahi","G_winter_013","1",6.1,"1","2002_Rajshahi"
"6305","1970","Medium","2002","4","Rajshahi","G_winter_013","2",4.6,"2","2002_Rajshahi"
"6306","1970","Medium","2002","4","Rajshahi","G_winter_013","3",5.5,"3","2002_Rajshahi"
"6307","1985","Medium","2002","4","Rajshahi","G_winter_014","1",4.6,"4","2002_Rajshahi"
"6308","1985","Medium","2002","4","Rajshahi","G_winter_014","2",4.9,"5","2002_Rajshahi"
"6309","1985","Medium","2002","4","Rajshahi","G_winter_014","3",5.4,"6","2002_Rajshahi"
"6310","1977","Medium","2002","4","Rajshahi","G_winter_015","1",4.6,"7","2002_Rajshahi"
"6311","1977","Medium","2002","4","Rajshahi","G_winter_015","2",3.7,"8","2002_Rajshahi"
"6312","1977","Medium","2002","4","Rajshahi","G_winter_015","3",4.6,"9","2002_Rajshahi"
"6313","1978","Medium","2002","4","Rajshahi","G_winter_016","1",5,"10","2002_Rajshahi"
"6314","1978","Medium","2002","4","Rajshahi","G_winter_016","2",5,"11","2002_Rajshahi"
"6315","1978","Medium","2002","4","Rajshahi","G_winter_016","3",4.2,"12","2002_Rajshahi"
"6316","1998","Medium","2002","4","Rajshahi","G_winter_017","1",5.4,"13","2002_Rajshahi"
"6317","1998","Medium","2002","4","Rajshahi","G_winter_017","2",6.3,"14","2002_Rajshahi"
"6318","1998","Medium","2002","4","Rajshahi","G_winter_017","3",5.3,"15","2002_Rajshahi"
"6319","1970","Medium","2003","1","Bhanga","G_winter_013","1",5.56,"16","2003_Bhanga"
"6320","1970","Medium","2003","1","Bhanga","G_winter_013","2",5.59,"17","2003_Bhanga"
"6321","1970","Medium","2003","1","Bhanga","G_winter_013","3",4.24,"18","2003_Bhanga"
"6322","1985","Medium","2003","1","Bhanga","G_winter_014","1",6.17,"19","2003_Bhanga"
"6323","1985","Medium","2003","1","Bhanga","G_winter_014","2",6.83,"20","2003_Bhanga"
"6324","1985","Medium","2003","1","Bhanga","G_winter_014","3",6.64,"21","2003_Bhanga"
"6325","1977","Medium","2003","1","Bhanga","G_winter_015","1",5.21,"22","2003_Bhanga"
"6326","1977","Medium","2003","1","Bhanga","G_winter_015","2",5.94,"23","2003_Bhanga"
"6327","1977","Medium","2003","1","Bhanga","G_winter_015","3",6.17,"24","2003_Bhanga"
"6328","1978","Medium","2003","1","Bhanga","G_winter_016","1",6.52,"25","2003_Bhanga"
"6329","1978","Medium","2003","1","Bhanga","G_winter_016","2",7.45,"26","2003_Bhanga"
"6330","1978","Medium","2003","1","Bhanga","G_winter_016","3",7.06,"27","2003_Bhanga"
"6331","1998","Medium","2003","1","Bhanga","G_winter_017","1",6.4,"28","2003_Bhanga"
"6332","1998","Medium","2003","1","Bhanga","G_winter_017","2",7.25,"29","2003_Bhanga"
"6333","1998","Medium","2003","1","Bhanga","G_winter_017","3",6.56,"30","2003_Bhanga"
"6334","1970","Medium","2003","1","Cumilla","G_winter_013","1",4.74,"16","2003_Cumilla"
"6335","1970","Medium","2003","1","Cumilla","G_winter_013","2",4.88,"17","2003_Cumilla"
"6336","1970","Medium","2003","1","Cumilla","G_winter_013","3",4.58,"18","2003_Cumilla"
"6337","1985","Medium","2003","1","Cumilla","G_winter_014","1",5.67,"19","2003_Cumilla"
"6338","1985","Medium","2003","1","Cumilla","G_winter_014","2",5.91,"20","2003_Cumilla"
"6339","1985","Medium","2003","1","Cumilla","G_winter_014","3",6.04,"21","2003_Cumilla"
"6340","1977","Medium","2003","1","Cumilla","G_winter_015","1",5.64,"22","2003_Cumilla"
"6341","1977","Medium","2003","1","Cumilla","G_winter_015","2",5.63,"23","2003_Cumilla"
"6342","1977","Medium","2003","1","Cumilla","G_winter_015","3",5.94,"24","2003_Cumilla"
"6343","1978","Medium","2003","1","Cumilla","G_winter_016","1",5.8,"25","2003_Cumilla"
"6344","1978","Medium","2003","1","Cumilla","G_winter_016","2",6.04,"26","2003_Cumilla"
"6345","1978","Medium","2003","1","Cumilla","G_winter_016","3",5.66,"27","2003_Cumilla"
"6346","1998","Medium","2003","1","Cumilla","G_winter_017","1",4.48,"28","2003_Cumilla"
"6347","1998","Medium","2003","1","Cumilla","G_winter_017","2",5.56,"29","2003_Cumilla"
"6348","1998","Medium","2003","1","Cumilla","G_winter_017","3",4.49,"30","2003_Cumilla"
"6349","1970","Medium","2003","1","Rangpur","G_winter_013","1",3.33,"16","2003_Rangpur"
"6350","1970","Medium","2003","1","Rangpur","G_winter_013","2",3.54,"17","2003_Rangpur"
"6351","1970","Medium","2003","1","Rangpur","G_winter_013","3",3.14,"18","2003_Rangpur"
"6352","1985","Medium","2003","1","Rangpur","G_winter_014","1",5.06,"19","2003_Rangpur"
"6353","1985","Medium","2003","1","Rangpur","G_winter_014","2",4.32,"20","2003_Rangpur"
"6354","1985","Medium","2003","1","Rangpur","G_winter_014","3",4.57,"21","2003_Rangpur"
"6355","1977","Medium","2003","1","Rangpur","G_winter_015","1",3.86,"22","2003_Rangpur"
"6356","1977","Medium","2003","1","Rangpur","G_winter_015","2",3.55,"23","2003_Rangpur"
"6357","1977","Medium","2003","1","Rangpur","G_winter_015","3",3.58,"24","2003_Rangpur"
"6358","1978","Medium","2003","1","Rangpur","G_winter_016","1",5.34,"25","2003_Rangpur"
"6359","1978","Medium","2003","1","Rangpur","G_winter_016","2",3.88,"26","2003_Rangpur"
"6360","1978","Medium","2003","1","Rangpur","G_winter_016","3",3.75,"27","2003_Rangpur"
"6361","1998","Medium","2003","1","Rangpur","G_winter_017","1",3.91,"28","2003_Rangpur"
"6362","1998","Medium","2003","1","Rangpur","G_winter_017","2",4.17,"29","2003_Rangpur"
"6363","1998","Medium","2003","1","Rangpur","G_winter_017","3",3.72,"30","2003_Rangpur"
"6364","1970","Medium","2003","2","Kushtia","G_winter_013","1",7.44,"16","2003_Kushtia"
"6365","1970","Medium","2003","2","Kushtia","G_winter_013","2",7.34,"17","2003_Kushtia"
"6366","1970","Medium","2003","2","Kushtia","G_winter_013","3",7.54,"18","2003_Kushtia"
"6367","1985","Medium","2003","2","Kushtia","G_winter_014","1",4.92,"19","2003_Kushtia"
"6368","1985","Medium","2003","2","Kushtia","G_winter_014","2",5.65,"20","2003_Kushtia"
"6369","1985","Medium","2003","2","Kushtia","G_winter_014","3",6.72,"21","2003_Kushtia"
"6370","1977","Medium","2003","2","Kushtia","G_winter_015","1",5.39,"22","2003_Kushtia"
"6371","1977","Medium","2003","2","Kushtia","G_winter_015","2",5.35,"23","2003_Kushtia"
"6372","1977","Medium","2003","2","Kushtia","G_winter_015","3",5.63,"24","2003_Kushtia"
"6373","1978","Medium","2003","2","Kushtia","G_winter_016","1",5.29,"25","2003_Kushtia"
"6374","1978","Medium","2003","2","Kushtia","G_winter_016","2",5.49,"26","2003_Kushtia"
"6375","1978","Medium","2003","2","Kushtia","G_winter_016","3",7.33,"27","2003_Kushtia"
"6376","1998","Medium","2003","2","Kushtia","G_winter_017","1",6.81,"28","2003_Kushtia"
"6377","1998","Medium","2003","2","Kushtia","G_winter_017","2",6.68,"29","2003_Kushtia"
"6378","1998","Medium","2003","2","Kushtia","G_winter_017","3",6.73,"30","2003_Kushtia"
"6379","1970","Medium","2003","2","Satkhira","G_winter_013","1",4.55,"16","2003_Satkhira"
"6380","1970","Medium","2003","2","Satkhira","G_winter_013","2",4.45,"17","2003_Satkhira"
"6381","1970","Medium","2003","2","Satkhira","G_winter_013","3",4.35,"18","2003_Satkhira"
"6382","1985","Medium","2003","2","Satkhira","G_winter_014","1",5.55,"19","2003_Satkhira"
"6383","1985","Medium","2003","2","Satkhira","G_winter_014","2",5.45,"20","2003_Satkhira"
"6384","1985","Medium","2003","2","Satkhira","G_winter_014","3",5.55,"21","2003_Satkhira"
"6385","1977","Medium","2003","2","Satkhira","G_winter_015","1",4.49,"22","2003_Satkhira"
"6386","1977","Medium","2003","2","Satkhira","G_winter_015","2",4.35,"23","2003_Satkhira"
"6387","1977","Medium","2003","2","Satkhira","G_winter_015","3",4.45,"24","2003_Satkhira"
"6388","1978","Medium","2003","2","Satkhira","G_winter_016","1",3.85,"25","2003_Satkhira"
"6389","1978","Medium","2003","2","Satkhira","G_winter_016","2",4.85,"26","2003_Satkhira"
"6390","1978","Medium","2003","2","Satkhira","G_winter_016","3",4.95,"27","2003_Satkhira"
"6391","1998","Medium","2003","2","Satkhira","G_winter_017","1",4.55,"28","2003_Satkhira"
"6392","1998","Medium","2003","2","Satkhira","G_winter_017","2",4.35,"29","2003_Satkhira"
"6393","1998","Medium","2003","2","Satkhira","G_winter_017","3",4.25,"30","2003_Satkhira"
"6394","1970","Medium","2003","3","Gazipur","G_winter_013","1",4.57,"16","2003_Gazipur"
"6395","1970","Medium","2003","3","Gazipur","G_winter_013","2",4.46,"17","2003_Gazipur"
"6396","1970","Medium","2003","3","Gazipur","G_winter_013","3",4.24,"18","2003_Gazipur"
"6397","1985","Medium","2003","3","Gazipur","G_winter_014","1",5.03,"19","2003_Gazipur"
"6398","1985","Medium","2003","3","Gazipur","G_winter_014","2",4.86,"20","2003_Gazipur"
"6399","1985","Medium","2003","3","Gazipur","G_winter_014","3",4.97,"21","2003_Gazipur"
"6400","1977","Medium","2003","3","Gazipur","G_winter_015","1",3.61,"22","2003_Gazipur"
"6401","1977","Medium","2003","3","Gazipur","G_winter_015","2",3.13,"23","2003_Gazipur"
"6402","1977","Medium","2003","3","Gazipur","G_winter_015","3",3.94,"24","2003_Gazipur"
"6403","1978","Medium","2003","3","Gazipur","G_winter_016","1",3.44,"25","2003_Gazipur"
"6404","1978","Medium","2003","3","Gazipur","G_winter_016","2",4.33,"26","2003_Gazipur"
"6405","1978","Medium","2003","3","Gazipur","G_winter_016","3",4.71,"27","2003_Gazipur"
"6406","1998","Medium","2003","3","Gazipur","G_winter_017","1",6.25,"28","2003_Gazipur"
"6407","1998","Medium","2003","3","Gazipur","G_winter_017","2",4.45,"29","2003_Gazipur"
"6408","1998","Medium","2003","3","Gazipur","G_winter_017","3",3.33,"30","2003_Gazipur"
"6409","1970","Medium","2003","3","Habiganj","G_winter_013","1",4.93,"16","2003_Habiganj"
"6410","1970","Medium","2003","3","Habiganj","G_winter_013","2",5.32,"17","2003_Habiganj"
"6411","1970","Medium","2003","3","Habiganj","G_winter_013","3",5.55,"18","2003_Habiganj"
"6412","1985","Medium","2003","3","Habiganj","G_winter_014","1",5.48,"19","2003_Habiganj"
"6413","1985","Medium","2003","3","Habiganj","G_winter_014","2",5.11,"20","2003_Habiganj"
"6414","1985","Medium","2003","3","Habiganj","G_winter_014","3",4.96,"21","2003_Habiganj"
"6415","1977","Medium","2003","3","Habiganj","G_winter_015","1",5.31,"22","2003_Habiganj"
"6416","1977","Medium","2003","3","Habiganj","G_winter_015","2",4.55,"23","2003_Habiganj"
"6417","1977","Medium","2003","3","Habiganj","G_winter_015","3",4.58,"24","2003_Habiganj"
"6418","1978","Medium","2003","3","Habiganj","G_winter_016","1",6.16,"25","2003_Habiganj"
"6419","1978","Medium","2003","3","Habiganj","G_winter_016","2",5.77,"26","2003_Habiganj"
"6420","1978","Medium","2003","3","Habiganj","G_winter_016","3",5.12,"27","2003_Habiganj"
"6421","1998","Medium","2003","3","Habiganj","G_winter_017","1",6.29,"28","2003_Habiganj"
"6422","1998","Medium","2003","3","Habiganj","G_winter_017","2",5.92,"29","2003_Habiganj"
"6423","1998","Medium","2003","3","Habiganj","G_winter_017","3",5.53,"30","2003_Habiganj"
"6424","1970","Medium","2003","4","Barishal","G_winter_013","1",4.28,"16","2003_Barishal"
"6425","1970","Medium","2003","4","Barishal","G_winter_013","2",3.91,"17","2003_Barishal"
"6426","1970","Medium","2003","4","Barishal","G_winter_013","3",5.24,"18","2003_Barishal"
"6427","1985","Medium","2003","4","Barishal","G_winter_014","1",4.43,"19","2003_Barishal"
"6428","1985","Medium","2003","4","Barishal","G_winter_014","2",4.63,"20","2003_Barishal"
"6429","1985","Medium","2003","4","Barishal","G_winter_014","3",5.03,"21","2003_Barishal"
"6430","1977","Medium","2003","4","Barishal","G_winter_015","1",4.89,"22","2003_Barishal"
"6431","1977","Medium","2003","4","Barishal","G_winter_015","2",5.06,"23","2003_Barishal"
"6432","1977","Medium","2003","4","Barishal","G_winter_015","3",4.78,"24","2003_Barishal"
"6433","1978","Medium","2003","4","Barishal","G_winter_016","1",5.7,"25","2003_Barishal"
"6434","1978","Medium","2003","4","Barishal","G_winter_016","2",5.51,"26","2003_Barishal"
"6435","1978","Medium","2003","4","Barishal","G_winter_016","3",5.34,"27","2003_Barishal"
"6436","1998","Medium","2003","4","Barishal","G_winter_017","1",5.6,"28","2003_Barishal"
"6437","1998","Medium","2003","4","Barishal","G_winter_017","2",5.2,"29","2003_Barishal"
"6438","1998","Medium","2003","4","Barishal","G_winter_017","3",4.98,"30","2003_Barishal"
"6439","1970","Medium","2003","4","Rajshahi","G_winter_013","1",3.7,"16","2003_Rajshahi"
"6440","1970","Medium","2003","4","Rajshahi","G_winter_013","2",2.9,"17","2003_Rajshahi"
"6441","1970","Medium","2003","4","Rajshahi","G_winter_013","3",5.4,"18","2003_Rajshahi"
"6442","1985","Medium","2003","4","Rajshahi","G_winter_014","1",5.5,"19","2003_Rajshahi"
"6443","1985","Medium","2003","4","Rajshahi","G_winter_014","2",5,"20","2003_Rajshahi"
"6444","1985","Medium","2003","4","Rajshahi","G_winter_014","3",6.6,"21","2003_Rajshahi"
"6445","1977","Medium","2003","4","Rajshahi","G_winter_015","1",2.7,"22","2003_Rajshahi"
"6446","1977","Medium","2003","4","Rajshahi","G_winter_015","2",3.1,"23","2003_Rajshahi"
"6447","1977","Medium","2003","4","Rajshahi","G_winter_015","3",4.8,"24","2003_Rajshahi"
"6448","1978","Medium","2003","4","Rajshahi","G_winter_016","1",5,"25","2003_Rajshahi"
"6449","1978","Medium","2003","4","Rajshahi","G_winter_016","2",5,"26","2003_Rajshahi"
"6450","1978","Medium","2003","4","Rajshahi","G_winter_016","3",6.5,"27","2003_Rajshahi"
"6451","1998","Medium","2003","4","Rajshahi","G_winter_017","1",3.3,"28","2003_Rajshahi"
"6452","1998","Medium","2003","4","Rajshahi","G_winter_017","2",3.2,"29","2003_Rajshahi"
"6453","1998","Medium","2003","4","Rajshahi","G_winter_017","3",3.25,"30","2003_Rajshahi"
"6454","1970","Medium","2004","1","Bhanga","G_winter_013","1",2.79,"31","2004_Bhanga"
"6455","1970","Medium","2004","1","Bhanga","G_winter_013","2",5.87,"32","2004_Bhanga"
"6456","1970","Medium","2004","1","Bhanga","G_winter_013","3",5.17,"33","2004_Bhanga"
"6457","1985","Medium","2004","1","Bhanga","G_winter_014","1",6.72,"34","2004_Bhanga"
"6458","1985","Medium","2004","1","Bhanga","G_winter_014","2",6.22,"35","2004_Bhanga"
"6459","1985","Medium","2004","1","Bhanga","G_winter_014","3",5.7,"36","2004_Bhanga"
"6460","1977","Medium","2004","1","Bhanga","G_winter_015","1",6.43,"37","2004_Bhanga"
"6461","1977","Medium","2004","1","Bhanga","G_winter_015","2",6.08,"38","2004_Bhanga"
"6462","1977","Medium","2004","1","Bhanga","G_winter_015","3",5.41,"39","2004_Bhanga"
"6463","1978","Medium","2004","1","Bhanga","G_winter_016","1",5.85,"40","2004_Bhanga"
"6464","1978","Medium","2004","1","Bhanga","G_winter_016","2",5.19,"41","2004_Bhanga"
"6465","1978","Medium","2004","1","Bhanga","G_winter_016","3",6.14,"42","2004_Bhanga"
"6466","1998","Medium","2004","1","Bhanga","G_winter_017","1",5.4,"43","2004_Bhanga"
"6467","1998","Medium","2004","1","Bhanga","G_winter_017","2",6.86,"44","2004_Bhanga"
"6468","1998","Medium","2004","1","Bhanga","G_winter_017","3",5.47,"45","2004_Bhanga"
"6469","1970","Medium","2004","1","Cumilla","G_winter_013","1",4.02,"31","2004_Cumilla"
"6470","1970","Medium","2004","1","Cumilla","G_winter_013","2",4.22,"32","2004_Cumilla"
"6471","1970","Medium","2004","1","Cumilla","G_winter_013","3",4.53,"33","2004_Cumilla"
"6472","1985","Medium","2004","1","Cumilla","G_winter_014","1",4.81,"34","2004_Cumilla"
"6473","1985","Medium","2004","1","Cumilla","G_winter_014","2",5.25,"35","2004_Cumilla"
"6474","1985","Medium","2004","1","Cumilla","G_winter_014","3",4.65,"36","2004_Cumilla"
"6475","1977","Medium","2004","1","Cumilla","G_winter_015","1",4.27,"37","2004_Cumilla"
"6476","1977","Medium","2004","1","Cumilla","G_winter_015","2",4.4,"38","2004_Cumilla"
"6477","1977","Medium","2004","1","Cumilla","G_winter_015","3",3.83,"39","2004_Cumilla"
"6478","1978","Medium","2004","1","Cumilla","G_winter_016","1",4.75,"40","2004_Cumilla"
"6479","1978","Medium","2004","1","Cumilla","G_winter_016","2",4.93,"41","2004_Cumilla"
"6480","1978","Medium","2004","1","Cumilla","G_winter_016","3",4.61,"42","2004_Cumilla"
"6481","1998","Medium","2004","1","Cumilla","G_winter_017","1",5.06,"43","2004_Cumilla"
"6482","1998","Medium","2004","1","Cumilla","G_winter_017","2",4.83,"44","2004_Cumilla"
"6483","1998","Medium","2004","1","Cumilla","G_winter_017","3",4.88,"45","2004_Cumilla"
"6484","1970","Medium","2004","1","Rangpur","G_winter_013","1",4.45,"31","2004_Rangpur"
"6485","1970","Medium","2004","1","Rangpur","G_winter_013","2",4.09,"32","2004_Rangpur"
"6486","1970","Medium","2004","1","Rangpur","G_winter_013","3",4.25,"33","2004_Rangpur"
"6487","1985","Medium","2004","1","Rangpur","G_winter_014","1",5.15,"34","2004_Rangpur"
"6488","1985","Medium","2004","1","Rangpur","G_winter_014","2",4.89,"35","2004_Rangpur"
"6489","1985","Medium","2004","1","Rangpur","G_winter_014","3",4.73,"36","2004_Rangpur"
"6490","1977","Medium","2004","1","Rangpur","G_winter_015","1",4.19,"37","2004_Rangpur"
"6491","1977","Medium","2004","1","Rangpur","G_winter_015","2",5.61,"38","2004_Rangpur"
"6492","1977","Medium","2004","1","Rangpur","G_winter_015","3",4.25,"39","2004_Rangpur"
"6493","1978","Medium","2004","1","Rangpur","G_winter_016","1",5.91,"40","2004_Rangpur"
"6494","1978","Medium","2004","1","Rangpur","G_winter_016","2",5.73,"41","2004_Rangpur"
"6495","1978","Medium","2004","1","Rangpur","G_winter_016","3",5.76,"42","2004_Rangpur"
"6496","1998","Medium","2004","1","Rangpur","G_winter_017","1",4.82,"43","2004_Rangpur"
"6497","1998","Medium","2004","1","Rangpur","G_winter_017","2",4.72,"44","2004_Rangpur"
"6498","1998","Medium","2004","1","Rangpur","G_winter_017","3",4.68,"45","2004_Rangpur"
"6499","1970","Medium","2004","2","Kushtia","G_winter_013","1",6.56,"31","2004_Kushtia"
"6500","1970","Medium","2004","2","Kushtia","G_winter_013","2",6.23,"32","2004_Kushtia"
"6501","1970","Medium","2004","2","Kushtia","G_winter_013","3",6.96,"33","2004_Kushtia"
"6502","1985","Medium","2004","2","Kushtia","G_winter_014","1",5.55,"34","2004_Kushtia"
"6503","1985","Medium","2004","2","Kushtia","G_winter_014","2",5.86,"35","2004_Kushtia"
"6504","1985","Medium","2004","2","Kushtia","G_winter_014","3",6.5,"36","2004_Kushtia"
"6505","1977","Medium","2004","2","Kushtia","G_winter_015","1",5.5,"37","2004_Kushtia"
"6506","1977","Medium","2004","2","Kushtia","G_winter_015","2",5.5,"38","2004_Kushtia"
"6507","1977","Medium","2004","2","Kushtia","G_winter_015","3",5.85,"39","2004_Kushtia"
"6508","1978","Medium","2004","2","Kushtia","G_winter_016","1",5.64,"40","2004_Kushtia"
"6509","1978","Medium","2004","2","Kushtia","G_winter_016","2",7.16,"41","2004_Kushtia"
"6510","1978","Medium","2004","2","Kushtia","G_winter_016","3",6.65,"42","2004_Kushtia"
"6511","1998","Medium","2004","2","Kushtia","G_winter_017","1",5.87,"43","2004_Kushtia"
"6512","1998","Medium","2004","2","Kushtia","G_winter_017","2",5.88,"44","2004_Kushtia"
"6513","1998","Medium","2004","2","Kushtia","G_winter_017","3",5.81,"45","2004_Kushtia"
"6514","1970","Medium","2004","2","Satkhira","G_winter_013","1",5.4,"31","2004_Satkhira"
"6515","1970","Medium","2004","2","Satkhira","G_winter_013","2",5.24,"32","2004_Satkhira"
"6516","1970","Medium","2004","2","Satkhira","G_winter_013","3",5.47,"33","2004_Satkhira"
"6517","1985","Medium","2004","2","Satkhira","G_winter_014","1",6.34,"34","2004_Satkhira"
"6518","1985","Medium","2004","2","Satkhira","G_winter_014","2",6.19,"35","2004_Satkhira"
"6519","1985","Medium","2004","2","Satkhira","G_winter_014","3",6.29,"36","2004_Satkhira"
"6520","1977","Medium","2004","2","Satkhira","G_winter_015","1",5.37,"37","2004_Satkhira"
"6521","1977","Medium","2004","2","Satkhira","G_winter_015","2",5.61,"38","2004_Satkhira"
"6522","1977","Medium","2004","2","Satkhira","G_winter_015","3",4.63,"39","2004_Satkhira"
"6523","1978","Medium","2004","2","Satkhira","G_winter_016","1",6.34,"40","2004_Satkhira"
"6524","1978","Medium","2004","2","Satkhira","G_winter_016","2",6.43,"41","2004_Satkhira"
"6525","1978","Medium","2004","2","Satkhira","G_winter_016","3",6.32,"42","2004_Satkhira"
"6526","1998","Medium","2004","2","Satkhira","G_winter_017","1",5.3,"43","2004_Satkhira"
"6527","1998","Medium","2004","2","Satkhira","G_winter_017","2",5.1,"44","2004_Satkhira"
"6528","1998","Medium","2004","2","Satkhira","G_winter_017","3",5.32,"45","2004_Satkhira"
"6529","1970","Medium","2004","3","Gazipur","G_winter_013","1",2.73,"31","2004_Gazipur"
"6530","1970","Medium","2004","3","Gazipur","G_winter_013","2",4.8,"32","2004_Gazipur"
"6531","1970","Medium","2004","3","Gazipur","G_winter_013","3",5.15,"33","2004_Gazipur"
"6532","1985","Medium","2004","3","Gazipur","G_winter_014","1",3.08,"34","2004_Gazipur"
"6533","1985","Medium","2004","3","Gazipur","G_winter_014","2",3.89,"35","2004_Gazipur"
"6534","1985","Medium","2004","3","Gazipur","G_winter_014","3",2.89,"36","2004_Gazipur"
"6535","1977","Medium","2004","3","Gazipur","G_winter_015","1",2.79,"37","2004_Gazipur"
"6536","1977","Medium","2004","3","Gazipur","G_winter_015","2",2.52,"38","2004_Gazipur"
"6537","1977","Medium","2004","3","Gazipur","G_winter_015","3",3.01,"39","2004_Gazipur"
"6538","1978","Medium","2004","3","Gazipur","G_winter_016","1",2.8,"40","2004_Gazipur"
"6539","1978","Medium","2004","3","Gazipur","G_winter_016","2",2.7,"41","2004_Gazipur"
"6540","1978","Medium","2004","3","Gazipur","G_winter_016","3",3.17,"42","2004_Gazipur"
"6541","1998","Medium","2004","3","Gazipur","G_winter_017","1",3.15,"43","2004_Gazipur"
"6542","1998","Medium","2004","3","Gazipur","G_winter_017","2",3.47,"44","2004_Gazipur"
"6543","1998","Medium","2004","3","Gazipur","G_winter_017","3",4.32,"45","2004_Gazipur"
"6544","1970","Medium","2004","3","Habiganj","G_winter_013","1",3.51,"31","2004_Habiganj"
"6545","1970","Medium","2004","3","Habiganj","G_winter_013","2",4.03,"32","2004_Habiganj"
"6546","1970","Medium","2004","3","Habiganj","G_winter_013","3",4.1,"33","2004_Habiganj"
"6547","1985","Medium","2004","3","Habiganj","G_winter_014","1",5.03,"34","2004_Habiganj"
"6548","1985","Medium","2004","3","Habiganj","G_winter_014","2",4.97,"35","2004_Habiganj"
"6549","1985","Medium","2004","3","Habiganj","G_winter_014","3",4.76,"36","2004_Habiganj"
"6550","1977","Medium","2004","3","Habiganj","G_winter_015","1",6.23,"37","2004_Habiganj"
"6551","1977","Medium","2004","3","Habiganj","G_winter_015","2",5.89,"38","2004_Habiganj"
"6552","1977","Medium","2004","3","Habiganj","G_winter_015","3",4.31,"39","2004_Habiganj"
"6553","1978","Medium","2004","3","Habiganj","G_winter_016","1",5.39,"40","2004_Habiganj"
"6554","1978","Medium","2004","3","Habiganj","G_winter_016","2",5.46,"41","2004_Habiganj"
"6555","1978","Medium","2004","3","Habiganj","G_winter_016","3",5.56,"42","2004_Habiganj"
"6556","1998","Medium","2004","3","Habiganj","G_winter_017","1",5.55,"43","2004_Habiganj"
"6557","1998","Medium","2004","3","Habiganj","G_winter_017","2",5.08,"44","2004_Habiganj"
"6558","1998","Medium","2004","3","Habiganj","G_winter_017","3",4.93,"45","2004_Habiganj"
"6559","1970","Medium","2004","4","Barishal","G_winter_013","1",4.69,"31","2004_Barishal"
"6560","1970","Medium","2004","4","Barishal","G_winter_013","2",4.47,"32","2004_Barishal"
"6561","1970","Medium","2004","4","Barishal","G_winter_013","3",5.13,"33","2004_Barishal"
"6562","1985","Medium","2004","4","Barishal","G_winter_014","1",5.35,"34","2004_Barishal"
"6563","1985","Medium","2004","4","Barishal","G_winter_014","2",5.25,"35","2004_Barishal"
"6564","1985","Medium","2004","4","Barishal","G_winter_014","3",4.86,"36","2004_Barishal"
"6565","1977","Medium","2004","4","Barishal","G_winter_015","1",4.5,"37","2004_Barishal"
"6566","1977","Medium","2004","4","Barishal","G_winter_015","2",4.3,"38","2004_Barishal"
"6567","1977","Medium","2004","4","Barishal","G_winter_015","3",5.49,"39","2004_Barishal"
"6568","1978","Medium","2004","4","Barishal","G_winter_016","1",4.77,"40","2004_Barishal"
"6569","1978","Medium","2004","4","Barishal","G_winter_016","2",4.77,"41","2004_Barishal"
"6570","1978","Medium","2004","4","Barishal","G_winter_016","3",4.89,"42","2004_Barishal"
"6571","1998","Medium","2004","4","Barishal","G_winter_017","1",3.64,"43","2004_Barishal"
"6572","1998","Medium","2004","4","Barishal","G_winter_017","2",5.39,"44","2004_Barishal"
"6573","1998","Medium","2004","4","Barishal","G_winter_017","3",5.39,"45","2004_Barishal"
"6574","1970","Medium","2004","4","Rajshahi","G_winter_013","1",4.58,"31","2004_Rajshahi"
"6575","1970","Medium","2004","4","Rajshahi","G_winter_013","2",3.78,"32","2004_Rajshahi"
"6576","1970","Medium","2004","4","Rajshahi","G_winter_013","3",7.93,"33","2004_Rajshahi"
"6577","1985","Medium","2004","4","Rajshahi","G_winter_014","1",2.7,"34","2004_Rajshahi"
"6578","1985","Medium","2004","4","Rajshahi","G_winter_014","2",2.5,"35","2004_Rajshahi"
"6579","1985","Medium","2004","4","Rajshahi","G_winter_014","3",4.28,"36","2004_Rajshahi"
"6580","1977","Medium","2004","4","Rajshahi","G_winter_015","1",3.51,"37","2004_Rajshahi"
"6581","1977","Medium","2004","4","Rajshahi","G_winter_015","2",2.53,"38","2004_Rajshahi"
"6582","1977","Medium","2004","4","Rajshahi","G_winter_015","3",3.03,"39","2004_Rajshahi"
"6583","1978","Medium","2004","4","Rajshahi","G_winter_016","1",2.68,"40","2004_Rajshahi"
"6584","1978","Medium","2004","4","Rajshahi","G_winter_016","2",4.49,"41","2004_Rajshahi"
"6585","1978","Medium","2004","4","Rajshahi","G_winter_016","3",2.92,"42","2004_Rajshahi"
"6586","1998","Medium","2004","4","Rajshahi","G_winter_017","1",4.79,"43","2004_Rajshahi"
"6587","1998","Medium","2004","4","Rajshahi","G_winter_017","2",4.79,"44","2004_Rajshahi"
"6588","1998","Medium","2004","4","Rajshahi","G_winter_017","3",6.4,"45","2004_Rajshahi"
"6589","1970","Medium","2005","1","Bhanga","G_winter_013","1",6.49,"46","2005_Bhanga"
"6590","1970","Medium","2005","1","Bhanga","G_winter_013","2",6.24,"47","2005_Bhanga"
"6591","1970","Medium","2005","1","Bhanga","G_winter_013","3",7.27,"48","2005_Bhanga"
"6592","1985","Medium","2005","1","Bhanga","G_winter_014","1",7.7,"49","2005_Bhanga"
"6593","1985","Medium","2005","1","Bhanga","G_winter_014","2",6.71,"50","2005_Bhanga"
"6594","1985","Medium","2005","1","Bhanga","G_winter_014","3",7.69,"51","2005_Bhanga"
"6595","1977","Medium","2005","1","Bhanga","G_winter_015","1",7.31,"52","2005_Bhanga"
"6596","1977","Medium","2005","1","Bhanga","G_winter_015","2",7.24,"53","2005_Bhanga"
"6597","1977","Medium","2005","1","Bhanga","G_winter_015","3",7.6,"54","2005_Bhanga"
"6598","1978","Medium","2005","1","Bhanga","G_winter_016","1",8.27,"55","2005_Bhanga"
"6599","1978","Medium","2005","1","Bhanga","G_winter_016","2",8.11,"56","2005_Bhanga"
"6600","1978","Medium","2005","1","Bhanga","G_winter_016","3",8.45,"57","2005_Bhanga"
"6601","1998","Medium","2005","1","Bhanga","G_winter_017","1",6.79,"58","2005_Bhanga"
"6602","1998","Medium","2005","1","Bhanga","G_winter_017","2",6,"59","2005_Bhanga"
"6603","1998","Medium","2005","1","Bhanga","G_winter_017","3",6.8,"60","2005_Bhanga"
"6604","1970","Medium","2005","1","Cumilla","G_winter_013","1",5.69,"46","2005_Cumilla"
"6605","1970","Medium","2005","1","Cumilla","G_winter_013","2",6.26,"47","2005_Cumilla"
"6606","1970","Medium","2005","1","Cumilla","G_winter_013","3",5.72,"48","2005_Cumilla"
"6607","1985","Medium","2005","1","Cumilla","G_winter_014","1",6.07,"49","2005_Cumilla"
"6608","1985","Medium","2005","1","Cumilla","G_winter_014","2",7.26,"50","2005_Cumilla"
"6609","1985","Medium","2005","1","Cumilla","G_winter_014","3",6.24,"51","2005_Cumilla"
"6610","1977","Medium","2005","1","Cumilla","G_winter_015","1",5.47,"52","2005_Cumilla"
"6611","1977","Medium","2005","1","Cumilla","G_winter_015","2",6.33,"53","2005_Cumilla"
"6612","1977","Medium","2005","1","Cumilla","G_winter_015","3",5.59,"54","2005_Cumilla"
"6613","1978","Medium","2005","1","Cumilla","G_winter_016","1",6.33,"55","2005_Cumilla"
"6614","1978","Medium","2005","1","Cumilla","G_winter_016","2",5.58,"56","2005_Cumilla"
"6615","1978","Medium","2005","1","Cumilla","G_winter_016","3",6.17,"57","2005_Cumilla"
"6616","1998","Medium","2005","1","Cumilla","G_winter_017","1",5.91,"58","2005_Cumilla"
"6617","1998","Medium","2005","1","Cumilla","G_winter_017","2",6.36,"59","2005_Cumilla"
"6618","1998","Medium","2005","1","Cumilla","G_winter_017","3",6.11,"60","2005_Cumilla"
"6619","1970","Medium","2005","1","Rangpur","G_winter_013","1",5.29,"46","2005_Rangpur"
"6620","1970","Medium","2005","1","Rangpur","G_winter_013","2",5.27,"47","2005_Rangpur"
"6621","1970","Medium","2005","1","Rangpur","G_winter_013","3",5.08,"48","2005_Rangpur"
"6622","1985","Medium","2005","1","Rangpur","G_winter_014","1",5.57,"49","2005_Rangpur"
"6623","1985","Medium","2005","1","Rangpur","G_winter_014","2",5.45,"50","2005_Rangpur"
"6624","1985","Medium","2005","1","Rangpur","G_winter_014","3",5.13,"51","2005_Rangpur"
"6625","1977","Medium","2005","1","Rangpur","G_winter_015","1",5.09,"52","2005_Rangpur"
"6626","1977","Medium","2005","1","Rangpur","G_winter_015","2",4.6,"53","2005_Rangpur"
"6627","1977","Medium","2005","1","Rangpur","G_winter_015","3",5.82,"54","2005_Rangpur"
"6628","1978","Medium","2005","1","Rangpur","G_winter_016","1",5.47,"55","2005_Rangpur"
"6629","1978","Medium","2005","1","Rangpur","G_winter_016","2",5.38,"56","2005_Rangpur"
"6630","1978","Medium","2005","1","Rangpur","G_winter_016","3",5.9,"57","2005_Rangpur"
"6631","1998","Medium","2005","1","Rangpur","G_winter_017","1",5.63,"58","2005_Rangpur"
"6632","1998","Medium","2005","1","Rangpur","G_winter_017","2",4.74,"59","2005_Rangpur"
"6633","1998","Medium","2005","1","Rangpur","G_winter_017","3",5.46,"60","2005_Rangpur"
"6634","1970","Medium","2005","2","Kushtia","G_winter_013","1",6.15,"46","2005_Kushtia"
"6635","1970","Medium","2005","2","Kushtia","G_winter_013","2",6.04,"47","2005_Kushtia"
"6636","1970","Medium","2005","2","Kushtia","G_winter_013","3",5.81,"48","2005_Kushtia"
"6637","1985","Medium","2005","2","Kushtia","G_winter_014","1",5.38,"49","2005_Kushtia"
"6638","1985","Medium","2005","2","Kushtia","G_winter_014","2",5.41,"50","2005_Kushtia"
"6639","1985","Medium","2005","2","Kushtia","G_winter_014","3",5.18,"51","2005_Kushtia"
"6640","1977","Medium","2005","2","Kushtia","G_winter_015","1",4.99,"52","2005_Kushtia"
"6641","1977","Medium","2005","2","Kushtia","G_winter_015","2",4.78,"53","2005_Kushtia"
"6642","1977","Medium","2005","2","Kushtia","G_winter_015","3",5.15,"54","2005_Kushtia"
"6643","1978","Medium","2005","2","Kushtia","G_winter_016","1",5.65,"55","2005_Kushtia"
"6644","1978","Medium","2005","2","Kushtia","G_winter_016","2",5.31,"56","2005_Kushtia"
"6645","1978","Medium","2005","2","Kushtia","G_winter_016","3",5.51,"57","2005_Kushtia"
"6646","1998","Medium","2005","2","Kushtia","G_winter_017","1",5.5,"58","2005_Kushtia"
"6647","1998","Medium","2005","2","Kushtia","G_winter_017","2",5.72,"59","2005_Kushtia"
"6648","1998","Medium","2005","2","Kushtia","G_winter_017","3",5.58,"60","2005_Kushtia"
"6649","1970","Medium","2005","2","Satkhira","G_winter_013","1",5.32,"46","2005_Satkhira"
"6650","1970","Medium","2005","2","Satkhira","G_winter_013","2",5.43,"47","2005_Satkhira"
"6651","1970","Medium","2005","2","Satkhira","G_winter_013","3",5.54,"48","2005_Satkhira"
"6652","1985","Medium","2005","2","Satkhira","G_winter_014","1",6.43,"49","2005_Satkhira"
"6653","1985","Medium","2005","2","Satkhira","G_winter_014","2",6.44,"50","2005_Satkhira"
"6654","1985","Medium","2005","2","Satkhira","G_winter_014","3",6.44,"51","2005_Satkhira"
"6655","1977","Medium","2005","2","Satkhira","G_winter_015","1",5.75,"52","2005_Satkhira"
"6656","1977","Medium","2005","2","Satkhira","G_winter_015","2",5.77,"53","2005_Satkhira"
"6657","1977","Medium","2005","2","Satkhira","G_winter_015","3",5.66,"54","2005_Satkhira"
"6658","1978","Medium","2005","2","Satkhira","G_winter_016","1",6.65,"55","2005_Satkhira"
"6659","1978","Medium","2005","2","Satkhira","G_winter_016","2",6.53,"56","2005_Satkhira"
"6660","1978","Medium","2005","2","Satkhira","G_winter_016","3",6.33,"57","2005_Satkhira"
"6661","1998","Medium","2005","2","Satkhira","G_winter_017","1",5.32,"58","2005_Satkhira"
"6662","1998","Medium","2005","2","Satkhira","G_winter_017","2",5.4,"59","2005_Satkhira"
"6663","1998","Medium","2005","2","Satkhira","G_winter_017","3",5.31,"60","2005_Satkhira"
"6664","1970","Medium","2005","3","Gazipur","G_winter_013","1",4.21,"46","2005_Gazipur"
"6665","1970","Medium","2005","3","Gazipur","G_winter_013","2",4.75,"47","2005_Gazipur"
"6666","1970","Medium","2005","3","Gazipur","G_winter_013","3",3.94,"48","2005_Gazipur"
"6667","1985","Medium","2005","3","Gazipur","G_winter_014","1",4.49,"49","2005_Gazipur"
"6668","1985","Medium","2005","3","Gazipur","G_winter_014","2",4.53,"50","2005_Gazipur"
"6669","1985","Medium","2005","3","Gazipur","G_winter_014","3",4.27,"51","2005_Gazipur"
"6670","1977","Medium","2005","3","Gazipur","G_winter_015","1",4.1,"52","2005_Gazipur"
"6671","1977","Medium","2005","3","Gazipur","G_winter_015","2",4.28,"53","2005_Gazipur"
"6672","1977","Medium","2005","3","Gazipur","G_winter_015","3",3.84,"54","2005_Gazipur"
"6673","1978","Medium","2005","3","Gazipur","G_winter_016","1",3.55,"55","2005_Gazipur"
"6674","1978","Medium","2005","3","Gazipur","G_winter_016","2",3.63,"56","2005_Gazipur"
"6675","1978","Medium","2005","3","Gazipur","G_winter_016","3",3.98,"57","2005_Gazipur"
"6676","1998","Medium","2005","3","Gazipur","G_winter_017","1",4,"58","2005_Gazipur"
"6677","1998","Medium","2005","3","Gazipur","G_winter_017","2",3.72,"59","2005_Gazipur"
"6678","1998","Medium","2005","3","Gazipur","G_winter_017","3",3.75,"60","2005_Gazipur"
"6679","1970","Medium","2005","3","Habiganj","G_winter_013","1",5.03,"46","2005_Habiganj"
"6680","1970","Medium","2005","3","Habiganj","G_winter_013","2",4.51,"47","2005_Habiganj"
"6681","1970","Medium","2005","3","Habiganj","G_winter_013","3",4.52,"48","2005_Habiganj"
"6682","1985","Medium","2005","3","Habiganj","G_winter_014","1",5.49,"49","2005_Habiganj"
"6683","1985","Medium","2005","3","Habiganj","G_winter_014","2",5.46,"50","2005_Habiganj"
"6684","1985","Medium","2005","3","Habiganj","G_winter_014","3",5.22,"51","2005_Habiganj"
"6685","1977","Medium","2005","3","Habiganj","G_winter_015","1",5.03,"52","2005_Habiganj"
"6686","1977","Medium","2005","3","Habiganj","G_winter_015","2",5.26,"53","2005_Habiganj"
"6687","1977","Medium","2005","3","Habiganj","G_winter_015","3",5.22,"54","2005_Habiganj"
"6688","1978","Medium","2005","3","Habiganj","G_winter_016","1",5.8,"55","2005_Habiganj"
"6689","1978","Medium","2005","3","Habiganj","G_winter_016","2",5.82,"56","2005_Habiganj"
"6690","1978","Medium","2005","3","Habiganj","G_winter_016","3",5.05,"57","2005_Habiganj"
"6691","1998","Medium","2005","3","Habiganj","G_winter_017","1",5.63,"58","2005_Habiganj"
"6692","1998","Medium","2005","3","Habiganj","G_winter_017","2",4.44,"59","2005_Habiganj"
"6693","1998","Medium","2005","3","Habiganj","G_winter_017","3",5.42,"60","2005_Habiganj"
"6694","1970","Medium","2005","4","Barishal","G_winter_013","1",5.69,"46","2005_Barishal"
"6695","1970","Medium","2005","4","Barishal","G_winter_013","2",4.76,"47","2005_Barishal"
"6696","1970","Medium","2005","4","Barishal","G_winter_013","3",5.27,"48","2005_Barishal"
"6697","1985","Medium","2005","4","Barishal","G_winter_014","1",5.47,"49","2005_Barishal"
"6698","1985","Medium","2005","4","Barishal","G_winter_014","2",5.49,"50","2005_Barishal"
"6699","1985","Medium","2005","4","Barishal","G_winter_014","3",5.88,"51","2005_Barishal"
"6700","1977","Medium","2005","4","Barishal","G_winter_015","1",4.68,"52","2005_Barishal"
"6701","1977","Medium","2005","4","Barishal","G_winter_015","2",4.9,"53","2005_Barishal"
"6702","1977","Medium","2005","4","Barishal","G_winter_015","3",4.83,"54","2005_Barishal"
"6703","1978","Medium","2005","4","Barishal","G_winter_016","1",6.29,"55","2005_Barishal"
"6704","1978","Medium","2005","4","Barishal","G_winter_016","2",6.69,"56","2005_Barishal"
"6705","1978","Medium","2005","4","Barishal","G_winter_016","3",6.08,"57","2005_Barishal"
"6706","1998","Medium","2005","4","Barishal","G_winter_017","1",6.96,"58","2005_Barishal"
"6707","1998","Medium","2005","4","Barishal","G_winter_017","2",5.51,"59","2005_Barishal"
"6708","1998","Medium","2005","4","Barishal","G_winter_017","3",6,"60","2005_Barishal"
"6709","1970","Medium","2005","4","Rajshahi","G_winter_013","1",5.72,"46","2005_Rajshahi"
"6710","1970","Medium","2005","4","Rajshahi","G_winter_013","2",6.18,"47","2005_Rajshahi"
"6711","1970","Medium","2005","4","Rajshahi","G_winter_013","3",5.16,"48","2005_Rajshahi"
"6712","1985","Medium","2005","4","Rajshahi","G_winter_014","1",5.75,"49","2005_Rajshahi"
"6713","1985","Medium","2005","4","Rajshahi","G_winter_014","2",6.25,"50","2005_Rajshahi"
"6714","1985","Medium","2005","4","Rajshahi","G_winter_014","3",5.99,"51","2005_Rajshahi"
"6715","1977","Medium","2005","4","Rajshahi","G_winter_015","1",5.59,"52","2005_Rajshahi"
"6716","1977","Medium","2005","4","Rajshahi","G_winter_015","2",5.7,"53","2005_Rajshahi"
"6717","1977","Medium","2005","4","Rajshahi","G_winter_015","3",6.13,"54","2005_Rajshahi"
"6718","1978","Medium","2005","4","Rajshahi","G_winter_016","1",5.91,"55","2005_Rajshahi"
"6719","1978","Medium","2005","4","Rajshahi","G_winter_016","2",5.83,"56","2005_Rajshahi"
"6720","1978","Medium","2005","4","Rajshahi","G_winter_016","3",6.04,"57","2005_Rajshahi"
"6721","1998","Medium","2005","4","Rajshahi","G_winter_017","1",3.47,"58","2005_Rajshahi"
"6722","1998","Medium","2005","4","Rajshahi","G_winter_017","2",4.81,"59","2005_Rajshahi"
"6723","1998","Medium","2005","4","Rajshahi","G_winter_017","3",5.21,"60","2005_Rajshahi"
"6724","1970","Medium","2006","1","Bhanga","G_winter_013","1",5.37,"61","2006_Bhanga"
"6725","1970","Medium","2006","1","Bhanga","G_winter_013","2",5.44,"62","2006_Bhanga"
"6726","1970","Medium","2006","1","Bhanga","G_winter_013","3",5.06,"63","2006_Bhanga"
"6727","1985","Medium","2006","1","Bhanga","G_winter_014","1",3.82,"64","2006_Bhanga"
"6728","1985","Medium","2006","1","Bhanga","G_winter_014","2",6.8,"65","2006_Bhanga"
"6729","1985","Medium","2006","1","Bhanga","G_winter_014","3",6.28,"66","2006_Bhanga"
"6730","1977","Medium","2006","1","Bhanga","G_winter_015","1",4.66,"67","2006_Bhanga"
"6731","1977","Medium","2006","1","Bhanga","G_winter_015","2",4.66,"68","2006_Bhanga"
"6732","1977","Medium","2006","1","Bhanga","G_winter_015","3",5.21,"69","2006_Bhanga"
"6733","1978","Medium","2006","1","Bhanga","G_winter_016","1",6.48,"70","2006_Bhanga"
"6734","1978","Medium","2006","1","Bhanga","G_winter_016","2",6.22,"71","2006_Bhanga"
"6735","1978","Medium","2006","1","Bhanga","G_winter_016","3",7.78,"72","2006_Bhanga"
"6736","1998","Medium","2006","1","Bhanga","G_winter_017","1",7.08,"73","2006_Bhanga"
"6737","1998","Medium","2006","1","Bhanga","G_winter_017","2",6.36,"74","2006_Bhanga"
"6738","1998","Medium","2006","1","Bhanga","G_winter_017","3",6.76,"75","2006_Bhanga"
"6739","1970","Medium","2006","1","Cumilla","G_winter_013","1",6.73,"61","2006_Cumilla"
"6740","1970","Medium","2006","1","Cumilla","G_winter_013","2",6.51,"62","2006_Cumilla"
"6741","1970","Medium","2006","1","Cumilla","G_winter_013","3",6.19,"63","2006_Cumilla"
"6742","1985","Medium","2006","1","Cumilla","G_winter_014","1",6.23,"64","2006_Cumilla"
"6743","1985","Medium","2006","1","Cumilla","G_winter_014","2",6.31,"65","2006_Cumilla"
"6744","1985","Medium","2006","1","Cumilla","G_winter_014","3",5.8,"66","2006_Cumilla"
"6745","1977","Medium","2006","1","Cumilla","G_winter_015","1",4.99,"67","2006_Cumilla"
"6746","1977","Medium","2006","1","Cumilla","G_winter_015","2",4.97,"68","2006_Cumilla"
"6747","1977","Medium","2006","1","Cumilla","G_winter_015","3",4.97,"69","2006_Cumilla"
"6748","1978","Medium","2006","1","Cumilla","G_winter_016","1",5.1,"70","2006_Cumilla"
"6749","1978","Medium","2006","1","Cumilla","G_winter_016","2",5.07,"71","2006_Cumilla"
"6750","1978","Medium","2006","1","Cumilla","G_winter_016","3",5.22,"72","2006_Cumilla"
"6751","1998","Medium","2006","1","Cumilla","G_winter_017","1",5.67,"73","2006_Cumilla"
"6752","1998","Medium","2006","1","Cumilla","G_winter_017","2",5.67,"74","2006_Cumilla"
"6753","1998","Medium","2006","1","Cumilla","G_winter_017","3",5.79,"75","2006_Cumilla"
"6754","1970","Medium","2006","1","Rangpur","G_winter_013","1",4.52,"61","2006_Rangpur"
"6755","1970","Medium","2006","1","Rangpur","G_winter_013","2",2.61,"62","2006_Rangpur"
"6756","1970","Medium","2006","1","Rangpur","G_winter_013","3",5.02,"63","2006_Rangpur"
"6757","1985","Medium","2006","1","Rangpur","G_winter_014","1",3.81,"64","2006_Rangpur"
"6758","1985","Medium","2006","1","Rangpur","G_winter_014","2",4.45,"65","2006_Rangpur"
"6759","1985","Medium","2006","1","Rangpur","G_winter_014","3",4.46,"66","2006_Rangpur"
"6760","1977","Medium","2006","1","Rangpur","G_winter_015","1",4.78,"67","2006_Rangpur"
"6761","1977","Medium","2006","1","Rangpur","G_winter_015","2",5.23,"68","2006_Rangpur"
"6762","1977","Medium","2006","1","Rangpur","G_winter_015","3",4.79,"69","2006_Rangpur"
"6763","1978","Medium","2006","1","Rangpur","G_winter_016","1",4.86,"70","2006_Rangpur"
"6764","1978","Medium","2006","1","Rangpur","G_winter_016","2",5.29,"71","2006_Rangpur"
"6765","1978","Medium","2006","1","Rangpur","G_winter_016","3",5.18,"72","2006_Rangpur"
"6766","1998","Medium","2006","1","Rangpur","G_winter_017","1",3.12,"73","2006_Rangpur"
"6767","1998","Medium","2006","1","Rangpur","G_winter_017","2",3.57,"74","2006_Rangpur"
"6768","1998","Medium","2006","1","Rangpur","G_winter_017","3",3.68,"75","2006_Rangpur"
"6769","1970","Medium","2006","2","Kushtia","G_winter_013","1",7.18,"61","2006_Kushtia"
"6770","1970","Medium","2006","2","Kushtia","G_winter_013","2",7.1,"62","2006_Kushtia"
"6771","1970","Medium","2006","2","Kushtia","G_winter_013","3",7.03,"63","2006_Kushtia"
"6772","1985","Medium","2006","2","Kushtia","G_winter_014","1",6.1,"64","2006_Kushtia"
"6773","1985","Medium","2006","2","Kushtia","G_winter_014","2",6.24,"65","2006_Kushtia"
"6774","1985","Medium","2006","2","Kushtia","G_winter_014","3",6.18,"66","2006_Kushtia"
"6775","1977","Medium","2006","2","Kushtia","G_winter_015","1",5.36,"67","2006_Kushtia"
"6776","1977","Medium","2006","2","Kushtia","G_winter_015","2",5.55,"68","2006_Kushtia"
"6777","1977","Medium","2006","2","Kushtia","G_winter_015","3",6.14,"69","2006_Kushtia"
"6778","1978","Medium","2006","2","Kushtia","G_winter_016","1",7.05,"70","2006_Kushtia"
"6779","1978","Medium","2006","2","Kushtia","G_winter_016","2",6.37,"71","2006_Kushtia"
"6780","1978","Medium","2006","2","Kushtia","G_winter_016","3",7.25,"72","2006_Kushtia"
"6781","1998","Medium","2006","2","Kushtia","G_winter_017","1",6.6,"73","2006_Kushtia"
"6782","1998","Medium","2006","2","Kushtia","G_winter_017","2",6.51,"74","2006_Kushtia"
"6783","1998","Medium","2006","2","Kushtia","G_winter_017","3",6.43,"75","2006_Kushtia"
"6784","1970","Medium","2006","2","Satkhira","G_winter_013","1",5.73,"61","2006_Satkhira"
"6785","1970","Medium","2006","2","Satkhira","G_winter_013","2",5.91,"62","2006_Satkhira"
"6786","1970","Medium","2006","2","Satkhira","G_winter_013","3",5.53,"63","2006_Satkhira"
"6787","1985","Medium","2006","2","Satkhira","G_winter_014","1",5.09,"64","2006_Satkhira"
"6788","1985","Medium","2006","2","Satkhira","G_winter_014","2",6.49,"65","2006_Satkhira"
"6789","1985","Medium","2006","2","Satkhira","G_winter_014","3",5.9,"66","2006_Satkhira"
"6790","1977","Medium","2006","2","Satkhira","G_winter_015","1",5.21,"67","2006_Satkhira"
"6791","1977","Medium","2006","2","Satkhira","G_winter_015","2",5.33,"68","2006_Satkhira"
"6792","1977","Medium","2006","2","Satkhira","G_winter_015","3",5.19,"69","2006_Satkhira"
"6793","1978","Medium","2006","2","Satkhira","G_winter_016","1",6.05,"70","2006_Satkhira"
"6794","1978","Medium","2006","2","Satkhira","G_winter_016","2",5.81,"71","2006_Satkhira"
"6795","1978","Medium","2006","2","Satkhira","G_winter_016","3",6.42,"72","2006_Satkhira"
"6796","1998","Medium","2006","2","Satkhira","G_winter_017","1",5.97,"73","2006_Satkhira"
"6797","1998","Medium","2006","2","Satkhira","G_winter_017","2",5.93,"74","2006_Satkhira"
"6798","1998","Medium","2006","2","Satkhira","G_winter_017","3",6.12,"75","2006_Satkhira"
"6799","1970","Medium","2006","3","Gazipur","G_winter_013","1",4.76,"61","2006_Gazipur"
"6800","1970","Medium","2006","3","Gazipur","G_winter_013","2",6.37,"62","2006_Gazipur"
"6801","1970","Medium","2006","3","Gazipur","G_winter_013","3",5.92,"63","2006_Gazipur"
"6802","1985","Medium","2006","3","Gazipur","G_winter_014","1",4.91,"64","2006_Gazipur"
"6803","1985","Medium","2006","3","Gazipur","G_winter_014","2",5.4,"65","2006_Gazipur"
"6804","1985","Medium","2006","3","Gazipur","G_winter_014","3",5.34,"66","2006_Gazipur"
"6805","1977","Medium","2006","3","Gazipur","G_winter_015","1",5.16,"67","2006_Gazipur"
"6806","1977","Medium","2006","3","Gazipur","G_winter_015","2",5.14,"68","2006_Gazipur"
"6807","1977","Medium","2006","3","Gazipur","G_winter_015","3",4.79,"69","2006_Gazipur"
"6808","1978","Medium","2006","3","Gazipur","G_winter_016","1",4.46,"70","2006_Gazipur"
"6809","1978","Medium","2006","3","Gazipur","G_winter_016","2",5.37,"71","2006_Gazipur"
"6810","1978","Medium","2006","3","Gazipur","G_winter_016","3",5.19,"72","2006_Gazipur"
"6811","1998","Medium","2006","3","Gazipur","G_winter_017","1",5.21,"73","2006_Gazipur"
"6812","1998","Medium","2006","3","Gazipur","G_winter_017","2",5.6,"74","2006_Gazipur"
"6813","1998","Medium","2006","3","Gazipur","G_winter_017","3",5.51,"75","2006_Gazipur"
"6814","1970","Medium","2006","3","Habiganj","G_winter_013","1",6.5,"61","2006_Habiganj"
"6815","1970","Medium","2006","3","Habiganj","G_winter_013","2",6.4,"62","2006_Habiganj"
"6816","1970","Medium","2006","3","Habiganj","G_winter_013","3",6.5,"63","2006_Habiganj"
"6817","1985","Medium","2006","3","Habiganj","G_winter_014","1",7.4,"64","2006_Habiganj"
"6818","1985","Medium","2006","3","Habiganj","G_winter_014","2",8.2,"65","2006_Habiganj"
"6819","1985","Medium","2006","3","Habiganj","G_winter_014","3",7.4,"66","2006_Habiganj"
"6820","1977","Medium","2006","3","Habiganj","G_winter_015","1",7.2,"67","2006_Habiganj"
"6821","1977","Medium","2006","3","Habiganj","G_winter_015","2",6,"68","2006_Habiganj"
"6822","1977","Medium","2006","3","Habiganj","G_winter_015","3",5.9,"69","2006_Habiganj"
"6823","1978","Medium","2006","3","Habiganj","G_winter_016","1",7.5,"70","2006_Habiganj"
"6824","1978","Medium","2006","3","Habiganj","G_winter_016","2",7.1,"71","2006_Habiganj"
"6825","1978","Medium","2006","3","Habiganj","G_winter_016","3",7.9,"72","2006_Habiganj"
"6826","1998","Medium","2006","3","Habiganj","G_winter_017","1",8.7,"73","2006_Habiganj"
"6827","1998","Medium","2006","3","Habiganj","G_winter_017","2",7.3,"74","2006_Habiganj"
"6828","1998","Medium","2006","3","Habiganj","G_winter_017","3",6.4,"75","2006_Habiganj"
"6829","1970","Medium","2006","4","Barishal","G_winter_013","1",6.18,"61","2006_Barishal"
"6830","1970","Medium","2006","4","Barishal","G_winter_013","2",5.03,"62","2006_Barishal"
"6831","1970","Medium","2006","4","Barishal","G_winter_013","3",5.73,"63","2006_Barishal"
"6832","1985","Medium","2006","4","Barishal","G_winter_014","1",7.2,"64","2006_Barishal"
"6833","1985","Medium","2006","4","Barishal","G_winter_014","2",5.63,"65","2006_Barishal"
"6834","1985","Medium","2006","4","Barishal","G_winter_014","3",4.06,"66","2006_Barishal"
"6835","1977","Medium","2006","4","Barishal","G_winter_015","1",4.9,"67","2006_Barishal"
"6836","1977","Medium","2006","4","Barishal","G_winter_015","2",5.58,"68","2006_Barishal"
"6837","1977","Medium","2006","4","Barishal","G_winter_015","3",5.24,"69","2006_Barishal"
"6838","1978","Medium","2006","4","Barishal","G_winter_016","1",6.43,"70","2006_Barishal"
"6839","1978","Medium","2006","4","Barishal","G_winter_016","2",5.73,"71","2006_Barishal"
"6840","1978","Medium","2006","4","Barishal","G_winter_016","3",6.08,"72","2006_Barishal"
"6841","1998","Medium","2006","4","Barishal","G_winter_017","1",7.45,"73","2006_Barishal"
"6842","1998","Medium","2006","4","Barishal","G_winter_017","2",6.61,"74","2006_Barishal"
"6843","1998","Medium","2006","4","Barishal","G_winter_017","3",7.03,"75","2006_Barishal"
"6844","1970","Medium","2006","4","Rajshahi","G_winter_013","1",3.78,"61","2006_Rajshahi"
"6845","1970","Medium","2006","4","Rajshahi","G_winter_013","2",2.87,"62","2006_Rajshahi"
"6846","1970","Medium","2006","4","Rajshahi","G_winter_013","3",3.42,"63","2006_Rajshahi"
"6847","1985","Medium","2006","4","Rajshahi","G_winter_014","1",5.99,"64","2006_Rajshahi"
"6848","1985","Medium","2006","4","Rajshahi","G_winter_014","2",6.12,"65","2006_Rajshahi"
"6849","1985","Medium","2006","4","Rajshahi","G_winter_014","3",6.2,"66","2006_Rajshahi"
"6850","1977","Medium","2006","4","Rajshahi","G_winter_015","1",6.96,"67","2006_Rajshahi"
"6851","1977","Medium","2006","4","Rajshahi","G_winter_015","2",7.55,"68","2006_Rajshahi"
"6852","1977","Medium","2006","4","Rajshahi","G_winter_015","3",6.8,"69","2006_Rajshahi"
"6853","1978","Medium","2006","4","Rajshahi","G_winter_016","1",6.93,"70","2006_Rajshahi"
"6854","1978","Medium","2006","4","Rajshahi","G_winter_016","2",7.22,"71","2006_Rajshahi"
"6855","1978","Medium","2006","4","Rajshahi","G_winter_016","3",7.3,"72","2006_Rajshahi"
"6856","1998","Medium","2006","4","Rajshahi","G_winter_017","1",5.4,"73","2006_Rajshahi"
"6857","1998","Medium","2006","4","Rajshahi","G_winter_017","2",4.91,"74","2006_Rajshahi"
"6858","1998","Medium","2006","4","Rajshahi","G_winter_017","3",4.26,"75","2006_Rajshahi"
"6859","1970","Medium","2007","1","Bhanga","G_winter_013","1",6.43,"76","2007_Bhanga"
"6860","1970","Medium","2007","1","Bhanga","G_winter_013","2",6.62,"77","2007_Bhanga"
"6861","1970","Medium","2007","1","Bhanga","G_winter_013","3",6.28,"78","2007_Bhanga"
"6862","1985","Medium","2007","1","Bhanga","G_winter_014","1",7.2,"79","2007_Bhanga"
"6863","1985","Medium","2007","1","Bhanga","G_winter_014","2",6.78,"80","2007_Bhanga"
"6864","1985","Medium","2007","1","Bhanga","G_winter_014","3",7.05,"81","2007_Bhanga"
"6865","1977","Medium","2007","1","Bhanga","G_winter_015","1",6.49,"82","2007_Bhanga"
"6866","1977","Medium","2007","1","Bhanga","G_winter_015","2",6.21,"83","2007_Bhanga"
"6867","1977","Medium","2007","1","Bhanga","G_winter_015","3",6.23,"84","2007_Bhanga"
"6868","1978","Medium","2007","1","Bhanga","G_winter_016","1",7.12,"85","2007_Bhanga"
"6869","1978","Medium","2007","1","Bhanga","G_winter_016","2",7.26,"86","2007_Bhanga"
"6870","1978","Medium","2007","1","Bhanga","G_winter_016","3",6.94,"87","2007_Bhanga"
"6871","1998","Medium","2007","1","Bhanga","G_winter_017","1",6.34,"88","2007_Bhanga"
"6872","1998","Medium","2007","1","Bhanga","G_winter_017","2",6.82,"89","2007_Bhanga"
"6873","1998","Medium","2007","1","Bhanga","G_winter_017","3",6.47,"90","2007_Bhanga"
"6874","1970","Medium","2007","1","Cumilla","G_winter_013","1",6.25,"76","2007_Cumilla"
"6875","1970","Medium","2007","1","Cumilla","G_winter_013","2",6.37,"77","2007_Cumilla"
"6876","1970","Medium","2007","1","Cumilla","G_winter_013","3",6.48,"78","2007_Cumilla"
"6877","1985","Medium","2007","1","Cumilla","G_winter_014","1",5.65,"79","2007_Cumilla"
"6878","1985","Medium","2007","1","Cumilla","G_winter_014","2",5.98,"80","2007_Cumilla"
"6879","1985","Medium","2007","1","Cumilla","G_winter_014","3",6.18,"81","2007_Cumilla"
"6880","1977","Medium","2007","1","Cumilla","G_winter_015","1",5.02,"82","2007_Cumilla"
"6881","1977","Medium","2007","1","Cumilla","G_winter_015","2",5.23,"83","2007_Cumilla"
"6882","1977","Medium","2007","1","Cumilla","G_winter_015","3",5.05,"84","2007_Cumilla"
"6883","1978","Medium","2007","1","Cumilla","G_winter_016","1",5.1,"85","2007_Cumilla"
"6884","1978","Medium","2007","1","Cumilla","G_winter_016","2",5.06,"86","2007_Cumilla"
"6885","1978","Medium","2007","1","Cumilla","G_winter_016","3",5.02,"87","2007_Cumilla"
"6886","1998","Medium","2007","1","Cumilla","G_winter_017","1",5.89,"88","2007_Cumilla"
"6887","1998","Medium","2007","1","Cumilla","G_winter_017","2",5.94,"89","2007_Cumilla"
"6888","1998","Medium","2007","1","Cumilla","G_winter_017","3",6.17,"90","2007_Cumilla"
"6889","1970","Medium","2007","1","Rangpur","G_winter_013","1",5.44,"76","2007_Rangpur"
"6890","1970","Medium","2007","1","Rangpur","G_winter_013","2",5.64,"77","2007_Rangpur"
"6891","1970","Medium","2007","1","Rangpur","G_winter_013","3",5.21,"78","2007_Rangpur"
"6892","1985","Medium","2007","1","Rangpur","G_winter_014","1",6.18,"79","2007_Rangpur"
"6893","1985","Medium","2007","1","Rangpur","G_winter_014","2",6.08,"80","2007_Rangpur"
"6894","1985","Medium","2007","1","Rangpur","G_winter_014","3",5.87,"81","2007_Rangpur"
"6895","1977","Medium","2007","1","Rangpur","G_winter_015","1",4.81,"82","2007_Rangpur"
"6896","1977","Medium","2007","1","Rangpur","G_winter_015","2",4.55,"83","2007_Rangpur"
"6897","1977","Medium","2007","1","Rangpur","G_winter_015","3",4.89,"84","2007_Rangpur"
"6898","1978","Medium","2007","1","Rangpur","G_winter_016","1",5.79,"85","2007_Rangpur"
"6899","1978","Medium","2007","1","Rangpur","G_winter_016","2",5.91,"86","2007_Rangpur"
"6900","1978","Medium","2007","1","Rangpur","G_winter_016","3",5.59,"87","2007_Rangpur"
"6901","1998","Medium","2007","1","Rangpur","G_winter_017","1",5.67,"88","2007_Rangpur"
"6902","1998","Medium","2007","1","Rangpur","G_winter_017","2",5.48,"89","2007_Rangpur"
"6903","1998","Medium","2007","1","Rangpur","G_winter_017","3",5.77,"90","2007_Rangpur"
"6904","1970","Medium","2007","2","Kushtia","G_winter_013","1",8.2,"76","2007_Kushtia"
"6905","1970","Medium","2007","2","Kushtia","G_winter_013","2",8.16,"77","2007_Kushtia"
"6906","1970","Medium","2007","2","Kushtia","G_winter_013","3",8.24,"78","2007_Kushtia"
"6907","1985","Medium","2007","2","Kushtia","G_winter_014","1",7.69,"79","2007_Kushtia"
"6908","1985","Medium","2007","2","Kushtia","G_winter_014","2",7.08,"80","2007_Kushtia"
"6909","1985","Medium","2007","2","Kushtia","G_winter_014","3",7.57,"81","2007_Kushtia"
"6910","1977","Medium","2007","2","Kushtia","G_winter_015","1",6.44,"82","2007_Kushtia"
"6911","1977","Medium","2007","2","Kushtia","G_winter_015","2",6.02,"83","2007_Kushtia"
"6912","1977","Medium","2007","2","Kushtia","G_winter_015","3",6.07,"84","2007_Kushtia"
"6913","1978","Medium","2007","2","Kushtia","G_winter_016","1",8.22,"85","2007_Kushtia"
"6914","1978","Medium","2007","2","Kushtia","G_winter_016","2",7.37,"86","2007_Kushtia"
"6915","1978","Medium","2007","2","Kushtia","G_winter_016","3",8.21,"87","2007_Kushtia"
"6916","1998","Medium","2007","2","Kushtia","G_winter_017","1",7.69,"88","2007_Kushtia"
"6917","1998","Medium","2007","2","Kushtia","G_winter_017","2",7.3,"89","2007_Kushtia"
"6918","1998","Medium","2007","2","Kushtia","G_winter_017","3",7.27,"90","2007_Kushtia"
"6919","1970","Medium","2007","2","Satkhira","G_winter_013","1",5.5,"76","2007_Satkhira"
"6920","1970","Medium","2007","2","Satkhira","G_winter_013","2",5.67,"77","2007_Satkhira"
"6921","1970","Medium","2007","2","Satkhira","G_winter_013","3",5.38,"78","2007_Satkhira"
"6922","1985","Medium","2007","2","Satkhira","G_winter_014","1",5.79,"79","2007_Satkhira"
"6923","1985","Medium","2007","2","Satkhira","G_winter_014","2",5.81,"80","2007_Satkhira"
"6924","1985","Medium","2007","2","Satkhira","G_winter_014","3",5.66,"81","2007_Satkhira"
"6925","1977","Medium","2007","2","Satkhira","G_winter_015","1",5.39,"82","2007_Satkhira"
"6926","1977","Medium","2007","2","Satkhira","G_winter_015","2",5.51,"83","2007_Satkhira"
"6927","1977","Medium","2007","2","Satkhira","G_winter_015","3",5.18,"84","2007_Satkhira"
"6928","1978","Medium","2007","2","Satkhira","G_winter_016","1",6.85,"85","2007_Satkhira"
"6929","1978","Medium","2007","2","Satkhira","G_winter_016","2",6.72,"86","2007_Satkhira"
"6930","1978","Medium","2007","2","Satkhira","G_winter_016","3",6.94,"87","2007_Satkhira"
"6931","1998","Medium","2007","2","Satkhira","G_winter_017","1",7.02,"88","2007_Satkhira"
"6932","1998","Medium","2007","2","Satkhira","G_winter_017","2",7.25,"89","2007_Satkhira"
"6933","1998","Medium","2007","2","Satkhira","G_winter_017","3",7.36,"90","2007_Satkhira"
"6934","1970","Medium","2007","3","Gazipur","G_winter_013","1",4.99,"76","2007_Gazipur"
"6935","1970","Medium","2007","3","Gazipur","G_winter_013","2",5.29,"77","2007_Gazipur"
"6936","1970","Medium","2007","3","Gazipur","G_winter_013","3",5.01,"78","2007_Gazipur"
"6937","1985","Medium","2007","3","Gazipur","G_winter_014","1",5.36,"79","2007_Gazipur"
"6938","1985","Medium","2007","3","Gazipur","G_winter_014","2",5.29,"80","2007_Gazipur"
"6939","1985","Medium","2007","3","Gazipur","G_winter_014","3",5.26,"81","2007_Gazipur"
"6940","1977","Medium","2007","3","Gazipur","G_winter_015","1",2.78,"82","2007_Gazipur"
"6941","1977","Medium","2007","3","Gazipur","G_winter_015","2",3.35,"83","2007_Gazipur"
"6942","1977","Medium","2007","3","Gazipur","G_winter_015","3",4.29,"84","2007_Gazipur"
"6943","1978","Medium","2007","3","Gazipur","G_winter_016","1",4.99,"85","2007_Gazipur"
"6944","1978","Medium","2007","3","Gazipur","G_winter_016","2",4.52,"86","2007_Gazipur"
"6945","1978","Medium","2007","3","Gazipur","G_winter_016","3",5.15,"87","2007_Gazipur"
"6946","1998","Medium","2007","3","Gazipur","G_winter_017","1",4.72,"88","2007_Gazipur"
"6947","1998","Medium","2007","3","Gazipur","G_winter_017","2",4.82,"89","2007_Gazipur"
"6948","1998","Medium","2007","3","Gazipur","G_winter_017","3",4.06,"90","2007_Gazipur"
"6949","1970","Medium","2007","3","Habiganj","G_winter_013","1",4.07,"76","2007_Habiganj"
"6950","1970","Medium","2007","3","Habiganj","G_winter_013","2",3.9,"77","2007_Habiganj"
"6951","1970","Medium","2007","3","Habiganj","G_winter_013","3",4.62,"78","2007_Habiganj"
"6952","1985","Medium","2007","3","Habiganj","G_winter_014","1",6.75,"79","2007_Habiganj"
"6953","1985","Medium","2007","3","Habiganj","G_winter_014","2",6.65,"80","2007_Habiganj"
"6954","1985","Medium","2007","3","Habiganj","G_winter_014","3",6.63,"81","2007_Habiganj"
"6955","1977","Medium","2007","3","Habiganj","G_winter_015","1",7.35,"82","2007_Habiganj"
"6956","1977","Medium","2007","3","Habiganj","G_winter_015","2",5.56,"83","2007_Habiganj"
"6957","1977","Medium","2007","3","Habiganj","G_winter_015","3",6.7,"84","2007_Habiganj"
"6958","1978","Medium","2007","3","Habiganj","G_winter_016","1",6.28,"85","2007_Habiganj"
"6959","1978","Medium","2007","3","Habiganj","G_winter_016","2",5.26,"86","2007_Habiganj"
"6960","1978","Medium","2007","3","Habiganj","G_winter_016","3",6.09,"87","2007_Habiganj"
"6961","1998","Medium","2007","3","Habiganj","G_winter_017","1",6.08,"88","2007_Habiganj"
"6962","1998","Medium","2007","3","Habiganj","G_winter_017","2",5.39,"89","2007_Habiganj"
"6963","1998","Medium","2007","3","Habiganj","G_winter_017","3",5.82,"90","2007_Habiganj"
"6964","1970","Medium","2007","4","Barishal","G_winter_013","1",6.25,"76","2007_Barishal"
"6965","1970","Medium","2007","4","Barishal","G_winter_013","2",6.23,"77","2007_Barishal"
"6966","1970","Medium","2007","4","Barishal","G_winter_013","3",6.01,"78","2007_Barishal"
"6967","1985","Medium","2007","4","Barishal","G_winter_014","1",5.5,"79","2007_Barishal"
"6968","1985","Medium","2007","4","Barishal","G_winter_014","2",5.58,"80","2007_Barishal"
"6969","1985","Medium","2007","4","Barishal","G_winter_014","3",5.63,"81","2007_Barishal"
"6970","1977","Medium","2007","4","Barishal","G_winter_015","1",4.65,"82","2007_Barishal"
"6971","1977","Medium","2007","4","Barishal","G_winter_015","2",4.59,"83","2007_Barishal"
"6972","1977","Medium","2007","4","Barishal","G_winter_015","3",4.61,"84","2007_Barishal"
"6973","1978","Medium","2007","4","Barishal","G_winter_016","1",5.15,"85","2007_Barishal"
"6974","1978","Medium","2007","4","Barishal","G_winter_016","2",5.54,"86","2007_Barishal"
"6975","1978","Medium","2007","4","Barishal","G_winter_016","3",5.03,"87","2007_Barishal"
"6976","1998","Medium","2007","4","Barishal","G_winter_017","1",4.76,"88","2007_Barishal"
"6977","1998","Medium","2007","4","Barishal","G_winter_017","2",5.2,"89","2007_Barishal"
"6978","1998","Medium","2007","4","Barishal","G_winter_017","3",4.71,"90","2007_Barishal"
"6979","1970","Medium","2007","4","Rajshahi","G_winter_013","1",5.3,"76","2007_Rajshahi"
"6980","1970","Medium","2007","4","Rajshahi","G_winter_013","2",4.6,"77","2007_Rajshahi"
"6981","1970","Medium","2007","4","Rajshahi","G_winter_013","3",5.3,"78","2007_Rajshahi"
"6982","1985","Medium","2007","4","Rajshahi","G_winter_014","1",4.6,"79","2007_Rajshahi"
"6983","1985","Medium","2007","4","Rajshahi","G_winter_014","2",5.5,"80","2007_Rajshahi"
"6984","1985","Medium","2007","4","Rajshahi","G_winter_014","3",3.1,"81","2007_Rajshahi"
"6985","1977","Medium","2007","4","Rajshahi","G_winter_015","1",4.5,"82","2007_Rajshahi"
"6986","1977","Medium","2007","4","Rajshahi","G_winter_015","2",4.7,"83","2007_Rajshahi"
"6987","1977","Medium","2007","4","Rajshahi","G_winter_015","3",4.3,"84","2007_Rajshahi"
"6988","1978","Medium","2007","4","Rajshahi","G_winter_016","1",5,"85","2007_Rajshahi"
"6989","1978","Medium","2007","4","Rajshahi","G_winter_016","2",5.5,"86","2007_Rajshahi"
"6990","1978","Medium","2007","4","Rajshahi","G_winter_016","3",4.5,"87","2007_Rajshahi"
"6991","1998","Medium","2007","4","Rajshahi","G_winter_017","1",3.7,"88","2007_Rajshahi"
"6992","1998","Medium","2007","4","Rajshahi","G_winter_017","2",4.9,"89","2007_Rajshahi"
"6993","1998","Medium","2007","4","Rajshahi","G_winter_017","3",5.2,"90","2007_Rajshahi"
"6994","1970","Medium","2008","1","Bhanga","G_winter_013","1",5.83,"91","2008_Bhanga"
"6995","1970","Medium","2008","1","Bhanga","G_winter_013","2",5.64,"92","2008_Bhanga"
"6996","1970","Medium","2008","1","Bhanga","G_winter_013","3",5.63,"93","2008_Bhanga"
"6997","1985","Medium","2008","1","Bhanga","G_winter_014","1",5.84,"94","2008_Bhanga"
"6998","1985","Medium","2008","1","Bhanga","G_winter_014","2",5.67,"95","2008_Bhanga"
"6999","1985","Medium","2008","1","Bhanga","G_winter_014","3",5.59,"96","2008_Bhanga"
"7000","1977","Medium","2008","1","Bhanga","G_winter_015","1",5.89,"97","2008_Bhanga"
"7001","1977","Medium","2008","1","Bhanga","G_winter_015","2",5.52,"98","2008_Bhanga"
"7002","1977","Medium","2008","1","Bhanga","G_winter_015","3",5.98,"99","2008_Bhanga"
"7003","1978","Medium","2008","1","Bhanga","G_winter_016","1",5.72,"100","2008_Bhanga"
"7004","1978","Medium","2008","1","Bhanga","G_winter_016","2",5.64,"101","2008_Bhanga"
"7005","1978","Medium","2008","1","Bhanga","G_winter_016","3",5.44,"102","2008_Bhanga"
"7006","1998","Medium","2008","1","Bhanga","G_winter_017","1",5.84,"103","2008_Bhanga"
"7007","1998","Medium","2008","1","Bhanga","G_winter_017","2",6.48,"104","2008_Bhanga"
"7008","1998","Medium","2008","1","Bhanga","G_winter_017","3",5.98,"105","2008_Bhanga"
"7009","1970","Medium","2008","1","Cumilla","G_winter_013","1",6.54,"91","2008_Cumilla"
"7010","1970","Medium","2008","1","Cumilla","G_winter_013","2",6.29,"92","2008_Cumilla"
"7011","1970","Medium","2008","1","Cumilla","G_winter_013","3",6.38,"93","2008_Cumilla"
"7012","1985","Medium","2008","1","Cumilla","G_winter_014","1",7.49,"94","2008_Cumilla"
"7013","1985","Medium","2008","1","Cumilla","G_winter_014","2",7.98,"95","2008_Cumilla"
"7014","1985","Medium","2008","1","Cumilla","G_winter_014","3",7.94,"96","2008_Cumilla"
"7015","1977","Medium","2008","1","Cumilla","G_winter_015","1",6.8,"97","2008_Cumilla"
"7016","1977","Medium","2008","1","Cumilla","G_winter_015","2",6.19,"98","2008_Cumilla"
"7017","1977","Medium","2008","1","Cumilla","G_winter_015","3",6.82,"99","2008_Cumilla"
"7018","1978","Medium","2008","1","Cumilla","G_winter_016","1",7.69,"100","2008_Cumilla"
"7019","1978","Medium","2008","1","Cumilla","G_winter_016","2",7.42,"101","2008_Cumilla"
"7020","1978","Medium","2008","1","Cumilla","G_winter_016","3",7.98,"102","2008_Cumilla"
"7021","1998","Medium","2008","1","Cumilla","G_winter_017","1",6.38,"103","2008_Cumilla"
"7022","1998","Medium","2008","1","Cumilla","G_winter_017","2",6.61,"104","2008_Cumilla"
"7023","1998","Medium","2008","1","Cumilla","G_winter_017","3",6.82,"105","2008_Cumilla"
"7024","1970","Medium","2008","1","Rangpur","G_winter_013","1",2.8,"91","2008_Rangpur"
"7025","1970","Medium","2008","1","Rangpur","G_winter_013","2",4.79,"92","2008_Rangpur"
"7026","1970","Medium","2008","1","Rangpur","G_winter_013","3",5.32,"93","2008_Rangpur"
"7027","1985","Medium","2008","1","Rangpur","G_winter_014","1",2.7,"94","2008_Rangpur"
"7028","1985","Medium","2008","1","Rangpur","G_winter_014","2",2.5,"95","2008_Rangpur"
"7029","1985","Medium","2008","1","Rangpur","G_winter_014","3",2.9,"96","2008_Rangpur"
"7030","1977","Medium","2008","1","Rangpur","G_winter_015","1",2.7,"97","2008_Rangpur"
"7031","1977","Medium","2008","1","Rangpur","G_winter_015","2",2.45,"98","2008_Rangpur"
"7032","1977","Medium","2008","1","Rangpur","G_winter_015","3",5.57,"99","2008_Rangpur"
"7033","1978","Medium","2008","1","Rangpur","G_winter_016","1",2.9,"100","2008_Rangpur"
"7034","1978","Medium","2008","1","Rangpur","G_winter_016","2",2.7,"101","2008_Rangpur"
"7035","1978","Medium","2008","1","Rangpur","G_winter_016","3",2.73,"102","2008_Rangpur"
"7036","1998","Medium","2008","1","Rangpur","G_winter_017","1",2.5,"103","2008_Rangpur"
"7037","1998","Medium","2008","1","Rangpur","G_winter_017","2",4.78,"104","2008_Rangpur"
"7038","1998","Medium","2008","1","Rangpur","G_winter_017","3",5.1,"105","2008_Rangpur"
"7039","1970","Medium","2008","2","Kushtia","G_winter_013","1",6.67,"91","2008_Kushtia"
"7040","1970","Medium","2008","2","Kushtia","G_winter_013","2",6.52,"92","2008_Kushtia"
"7041","1970","Medium","2008","2","Kushtia","G_winter_013","3",6.84,"93","2008_Kushtia"
"7042","1985","Medium","2008","2","Kushtia","G_winter_014","1",6.11,"94","2008_Kushtia"
"7043","1985","Medium","2008","2","Kushtia","G_winter_014","2",6.02,"95","2008_Kushtia"
"7044","1985","Medium","2008","2","Kushtia","G_winter_014","3",5.87,"96","2008_Kushtia"
"7045","1977","Medium","2008","2","Kushtia","G_winter_015","1",5.32,"97","2008_Kushtia"
"7046","1977","Medium","2008","2","Kushtia","G_winter_015","2",5.36,"98","2008_Kushtia"
"7047","1977","Medium","2008","2","Kushtia","G_winter_015","3",5.19,"99","2008_Kushtia"
"7048","1978","Medium","2008","2","Kushtia","G_winter_016","1",6.5,"100","2008_Kushtia"
"7049","1978","Medium","2008","2","Kushtia","G_winter_016","2",6.75,"101","2008_Kushtia"
"7050","1978","Medium","2008","2","Kushtia","G_winter_016","3",6.44,"102","2008_Kushtia"
"7051","1998","Medium","2008","2","Kushtia","G_winter_017","1",5.92,"103","2008_Kushtia"
"7052","1998","Medium","2008","2","Kushtia","G_winter_017","2",6.05,"104","2008_Kushtia"
"7053","1998","Medium","2008","2","Kushtia","G_winter_017","3",6.18,"105","2008_Kushtia"
"7054","1970","Medium","2008","2","Satkhira","G_winter_013","1",8,"91","2008_Satkhira"
"7055","1970","Medium","2008","2","Satkhira","G_winter_013","2",4,"92","2008_Satkhira"
"7056","1970","Medium","2008","2","Satkhira","G_winter_013","3",8.5,"93","2008_Satkhira"
"7057","1985","Medium","2008","2","Satkhira","G_winter_014","1",6,"94","2008_Satkhira"
"7058","1985","Medium","2008","2","Satkhira","G_winter_014","2",7,"95","2008_Satkhira"
"7059","1985","Medium","2008","2","Satkhira","G_winter_014","3",6,"96","2008_Satkhira"
"7060","1977","Medium","2008","2","Satkhira","G_winter_015","1",6.8,"97","2008_Satkhira"
"7061","1977","Medium","2008","2","Satkhira","G_winter_015","2",7,"98","2008_Satkhira"
"7062","1977","Medium","2008","2","Satkhira","G_winter_015","3",5.9,"99","2008_Satkhira"
"7063","1978","Medium","2008","2","Satkhira","G_winter_016","1",7.5,"100","2008_Satkhira"
"7064","1978","Medium","2008","2","Satkhira","G_winter_016","2",7,"101","2008_Satkhira"
"7065","1978","Medium","2008","2","Satkhira","G_winter_016","3",7.5,"102","2008_Satkhira"
"7066","1998","Medium","2008","2","Satkhira","G_winter_017","1",5.8,"103","2008_Satkhira"
"7067","1998","Medium","2008","2","Satkhira","G_winter_017","2",6,"104","2008_Satkhira"
"7068","1998","Medium","2008","2","Satkhira","G_winter_017","3",6.5,"105","2008_Satkhira"
"7069","1970","Medium","2008","3","Gazipur","G_winter_013","1",4.7,"91","2008_Gazipur"
"7070","1970","Medium","2008","3","Gazipur","G_winter_013","2",4.7,"92","2008_Gazipur"
"7071","1970","Medium","2008","3","Gazipur","G_winter_013","3",4.9,"93","2008_Gazipur"
"7072","1985","Medium","2008","3","Gazipur","G_winter_014","1",4.75,"94","2008_Gazipur"
"7073","1985","Medium","2008","3","Gazipur","G_winter_014","2",5.15,"95","2008_Gazipur"
"7074","1985","Medium","2008","3","Gazipur","G_winter_014","3",4.45,"96","2008_Gazipur"
"7075","1977","Medium","2008","3","Gazipur","G_winter_015","1",4.75,"97","2008_Gazipur"
"7076","1977","Medium","2008","3","Gazipur","G_winter_015","2",4.75,"98","2008_Gazipur"
"7077","1977","Medium","2008","3","Gazipur","G_winter_015","3",5.1,"99","2008_Gazipur"
"7078","1978","Medium","2008","3","Gazipur","G_winter_016","1",5.15,"100","2008_Gazipur"
"7079","1978","Medium","2008","3","Gazipur","G_winter_016","2",4.8,"101","2008_Gazipur"
"7080","1978","Medium","2008","3","Gazipur","G_winter_016","3",5.3,"102","2008_Gazipur"
"7081","1998","Medium","2008","3","Gazipur","G_winter_017","1",4.6,"103","2008_Gazipur"
"7082","1998","Medium","2008","3","Gazipur","G_winter_017","2",4.6,"104","2008_Gazipur"
"7083","1998","Medium","2008","3","Gazipur","G_winter_017","3",3.7,"105","2008_Gazipur"
"7084","1970","Medium","2008","3","Habiganj","G_winter_013","1",4.71,"91","2008_Habiganj"
"7085","1970","Medium","2008","3","Habiganj","G_winter_013","2",4.71,"92","2008_Habiganj"
"7086","1970","Medium","2008","3","Habiganj","G_winter_013","3",5.27,"93","2008_Habiganj"
"7087","1985","Medium","2008","3","Habiganj","G_winter_014","1",4.57,"94","2008_Habiganj"
"7088","1985","Medium","2008","3","Habiganj","G_winter_014","2",5.27,"95","2008_Habiganj"
"7089","1985","Medium","2008","3","Habiganj","G_winter_014","3",5.27,"96","2008_Habiganj"
"7090","1977","Medium","2008","3","Habiganj","G_winter_015","1",5.27,"97","2008_Habiganj"
"7091","1977","Medium","2008","3","Habiganj","G_winter_015","2",4.57,"98","2008_Habiganj"
"7092","1977","Medium","2008","3","Habiganj","G_winter_015","3",4.71,"99","2008_Habiganj"
"7093","1978","Medium","2008","3","Habiganj","G_winter_016","1",5.67,"100","2008_Habiganj"
"7094","1978","Medium","2008","3","Habiganj","G_winter_016","2",4.71,"101","2008_Habiganj"
"7095","1978","Medium","2008","3","Habiganj","G_winter_016","3",4.57,"102","2008_Habiganj"
"7096","1998","Medium","2008","3","Habiganj","G_winter_017","1",5.65,"103","2008_Habiganj"
"7097","1998","Medium","2008","3","Habiganj","G_winter_017","2",5.65,"104","2008_Habiganj"
"7098","1998","Medium","2008","3","Habiganj","G_winter_017","3",5.67,"105","2008_Habiganj"
"7099","1970","Medium","2008","4","Barishal","G_winter_013","1",6.21,"91","2008_Barishal"
"7100","1970","Medium","2008","4","Barishal","G_winter_013","2",5.63,"92","2008_Barishal"
"7101","1970","Medium","2008","4","Barishal","G_winter_013","3",5.87,"93","2008_Barishal"
"7102","1985","Medium","2008","4","Barishal","G_winter_014","1",5.85,"94","2008_Barishal"
"7103","1985","Medium","2008","4","Barishal","G_winter_014","2",5.56,"95","2008_Barishal"
"7104","1985","Medium","2008","4","Barishal","G_winter_014","3",5.75,"96","2008_Barishal"
"7105","1977","Medium","2008","4","Barishal","G_winter_015","1",5.27,"97","2008_Barishal"
"7106","1977","Medium","2008","4","Barishal","G_winter_015","2",4.43,"98","2008_Barishal"
"7107","1977","Medium","2008","4","Barishal","G_winter_015","3",4.58,"99","2008_Barishal"
"7108","1978","Medium","2008","4","Barishal","G_winter_016","1",5.86,"100","2008_Barishal"
"7109","1978","Medium","2008","4","Barishal","G_winter_016","2",5.07,"101","2008_Barishal"
"7110","1978","Medium","2008","4","Barishal","G_winter_016","3",4.76,"102","2008_Barishal"
"7111","1998","Medium","2008","4","Barishal","G_winter_017","1",6.1,"103","2008_Barishal"
"7112","1998","Medium","2008","4","Barishal","G_winter_017","2",5.9,"104","2008_Barishal"
"7113","1998","Medium","2008","4","Barishal","G_winter_017","3",5.87,"105","2008_Barishal"
"7114","1970","Medium","2008","4","Rajshahi","G_winter_013","1",4.88,"91","2008_Rajshahi"
"7115","1970","Medium","2008","4","Rajshahi","G_winter_013","2",5.02,"92","2008_Rajshahi"
"7116","1970","Medium","2008","4","Rajshahi","G_winter_013","3",4.5,"93","2008_Rajshahi"
"7117","1985","Medium","2008","4","Rajshahi","G_winter_014","1",4.84,"94","2008_Rajshahi"
"7118","1985","Medium","2008","4","Rajshahi","G_winter_014","2",4.69,"95","2008_Rajshahi"
"7119","1985","Medium","2008","4","Rajshahi","G_winter_014","3",4.3,"96","2008_Rajshahi"
"7120","1977","Medium","2008","4","Rajshahi","G_winter_015","1",4.61,"97","2008_Rajshahi"
"7121","1977","Medium","2008","4","Rajshahi","G_winter_015","2",4.91,"98","2008_Rajshahi"
"7122","1977","Medium","2008","4","Rajshahi","G_winter_015","3",4.22,"99","2008_Rajshahi"
"7123","1978","Medium","2008","4","Rajshahi","G_winter_016","1",5.43,"100","2008_Rajshahi"
"7124","1978","Medium","2008","4","Rajshahi","G_winter_016","2",5.11,"101","2008_Rajshahi"
"7125","1978","Medium","2008","4","Rajshahi","G_winter_016","3",4.39,"102","2008_Rajshahi"
"7126","1998","Medium","2008","4","Rajshahi","G_winter_017","1",4.18,"103","2008_Rajshahi"
"7127","1998","Medium","2008","4","Rajshahi","G_winter_017","2",3.93,"104","2008_Rajshahi"
"7128","1998","Medium","2008","4","Rajshahi","G_winter_017","3",4.4,"105","2008_Rajshahi"
"7129","1970","Medium","2009","1","Bhanga","G_winter_013","1",6.13,"106","2009_Bhanga"
"7130","1970","Medium","2009","1","Bhanga","G_winter_013","2",6.13,"107","2009_Bhanga"
"7131","1970","Medium","2009","1","Bhanga","G_winter_013","3",5.96,"108","2009_Bhanga"
"7132","1985","Medium","2009","1","Bhanga","G_winter_014","1",6.52,"109","2009_Bhanga"
"7133","1985","Medium","2009","1","Bhanga","G_winter_014","2",6.23,"110","2009_Bhanga"
"7134","1985","Medium","2009","1","Bhanga","G_winter_014","3",6.32,"111","2009_Bhanga"
"7135","1977","Medium","2009","1","Bhanga","G_winter_015","1",6.19,"112","2009_Bhanga"
"7136","1977","Medium","2009","1","Bhanga","G_winter_015","2",5.87,"113","2009_Bhanga"
"7137","1977","Medium","2009","1","Bhanga","G_winter_015","3",6.11,"114","2009_Bhanga"
"7138","1978","Medium","2009","1","Bhanga","G_winter_016","1",6.42,"115","2009_Bhanga"
"7139","1978","Medium","2009","1","Bhanga","G_winter_016","2",6.45,"116","2009_Bhanga"
"7140","1978","Medium","2009","1","Bhanga","G_winter_016","3",6.19,"117","2009_Bhanga"
"7141","1998","Medium","2009","1","Bhanga","G_winter_017","1",6.09,"118","2009_Bhanga"
"7142","1998","Medium","2009","1","Bhanga","G_winter_017","2",6.65,"119","2009_Bhanga"
"7143","1998","Medium","2009","1","Bhanga","G_winter_017","3",6.23,"120","2009_Bhanga"
"7144","1970","Medium","2009","1","Cumilla","G_winter_013","1",5.01,"106","2009_Cumilla"
"7145","1970","Medium","2009","1","Cumilla","G_winter_013","2",4.9,"107","2009_Cumilla"
"7146","1970","Medium","2009","1","Cumilla","G_winter_013","3",5.2,"108","2009_Cumilla"
"7147","1985","Medium","2009","1","Cumilla","G_winter_014","1",5.77,"109","2009_Cumilla"
"7148","1985","Medium","2009","1","Cumilla","G_winter_014","2",5.53,"110","2009_Cumilla"
"7149","1985","Medium","2009","1","Cumilla","G_winter_014","3",5.41,"111","2009_Cumilla"
"7150","1977","Medium","2009","1","Cumilla","G_winter_015","1",5.22,"112","2009_Cumilla"
"7151","1977","Medium","2009","1","Cumilla","G_winter_015","2",4.88,"113","2009_Cumilla"
"7152","1977","Medium","2009","1","Cumilla","G_winter_015","3",5.82,"114","2009_Cumilla"
"7153","1978","Medium","2009","1","Cumilla","G_winter_016","1",5.75,"115","2009_Cumilla"
"7154","1978","Medium","2009","1","Cumilla","G_winter_016","2",6.01,"116","2009_Cumilla"
"7155","1978","Medium","2009","1","Cumilla","G_winter_016","3",5.79,"117","2009_Cumilla"
"7156","1998","Medium","2009","1","Cumilla","G_winter_017","1",6.38,"118","2009_Cumilla"
"7157","1998","Medium","2009","1","Cumilla","G_winter_017","2",6.49,"119","2009_Cumilla"
"7158","1998","Medium","2009","1","Cumilla","G_winter_017","3",6.9,"120","2009_Cumilla"
"7159","1970","Medium","2009","1","Rangpur","G_winter_013","1",2.9,"106","2009_Rangpur"
"7160","1970","Medium","2009","1","Rangpur","G_winter_013","2",2.5,"107","2009_Rangpur"
"7161","1970","Medium","2009","1","Rangpur","G_winter_013","3",6.52,"108","2009_Rangpur"
"7162","1985","Medium","2009","1","Rangpur","G_winter_014","1",3,"109","2009_Rangpur"
"7163","1985","Medium","2009","1","Rangpur","G_winter_014","2",2.9,"110","2009_Rangpur"
"7164","1985","Medium","2009","1","Rangpur","G_winter_014","3",3.1,"111","2009_Rangpur"
"7165","1977","Medium","2009","1","Rangpur","G_winter_015","1",2.6,"112","2009_Rangpur"
"7166","1977","Medium","2009","1","Rangpur","G_winter_015","2",2.8,"113","2009_Rangpur"
"7167","1977","Medium","2009","1","Rangpur","G_winter_015","3",5.6,"114","2009_Rangpur"
"7168","1978","Medium","2009","1","Rangpur","G_winter_016","1",3.2,"115","2009_Rangpur"
"7169","1978","Medium","2009","1","Rangpur","G_winter_016","2",3.3,"116","2009_Rangpur"
"7170","1978","Medium","2009","1","Rangpur","G_winter_016","3",2.7,"117","2009_Rangpur"
"7171","1998","Medium","2009","1","Rangpur","G_winter_017","1",5.49,"118","2009_Rangpur"
"7172","1998","Medium","2009","1","Rangpur","G_winter_017","2",3.75,"119","2009_Rangpur"
"7173","1998","Medium","2009","1","Rangpur","G_winter_017","3",2.5,"120","2009_Rangpur"
"7174","1970","Medium","2009","2","Kushtia","G_winter_013","1",7.2,"106","2009_Kushtia"
"7175","1970","Medium","2009","2","Kushtia","G_winter_013","2",6.75,"107","2009_Kushtia"
"7176","1970","Medium","2009","2","Kushtia","G_winter_013","3",7.7,"108","2009_Kushtia"
"7177","1985","Medium","2009","2","Kushtia","G_winter_014","1",7.3,"109","2009_Kushtia"
"7178","1985","Medium","2009","2","Kushtia","G_winter_014","2",8,"110","2009_Kushtia"
"7179","1985","Medium","2009","2","Kushtia","G_winter_014","3",7.1,"111","2009_Kushtia"
"7180","1977","Medium","2009","2","Kushtia","G_winter_015","1",6.65,"112","2009_Kushtia"
"7181","1977","Medium","2009","2","Kushtia","G_winter_015","2",7.1,"113","2009_Kushtia"
"7182","1977","Medium","2009","2","Kushtia","G_winter_015","3",6.4,"114","2009_Kushtia"
"7183","1978","Medium","2009","2","Kushtia","G_winter_016","1",6.3,"115","2009_Kushtia"
"7184","1978","Medium","2009","2","Kushtia","G_winter_016","2",8,"116","2009_Kushtia"
"7185","1978","Medium","2009","2","Kushtia","G_winter_016","3",7.3,"117","2009_Kushtia"
"7186","1998","Medium","2009","2","Kushtia","G_winter_017","1",6.5,"118","2009_Kushtia"
"7187","1998","Medium","2009","2","Kushtia","G_winter_017","2",6.5,"119","2009_Kushtia"
"7188","1998","Medium","2009","2","Kushtia","G_winter_017","3",6.4,"120","2009_Kushtia"
"7189","1970","Medium","2009","2","Satkhira","G_winter_013","1",6.75,"106","2009_Satkhira"
"7190","1970","Medium","2009","2","Satkhira","G_winter_013","2",4.84,"107","2009_Satkhira"
"7191","1970","Medium","2009","2","Satkhira","G_winter_013","3",6.94,"108","2009_Satkhira"
"7192","1985","Medium","2009","2","Satkhira","G_winter_014","1",5.9,"109","2009_Satkhira"
"7193","1985","Medium","2009","2","Satkhira","G_winter_014","2",6.41,"110","2009_Satkhira"
"7194","1985","Medium","2009","2","Satkhira","G_winter_014","3",5.83,"111","2009_Satkhira"
"7195","1977","Medium","2009","2","Satkhira","G_winter_015","1",6.1,"112","2009_Satkhira"
"7196","1977","Medium","2009","2","Satkhira","G_winter_015","2",6.26,"113","2009_Satkhira"
"7197","1977","Medium","2009","2","Satkhira","G_winter_015","3",5.54,"114","2009_Satkhira"
"7198","1978","Medium","2009","2","Satkhira","G_winter_016","1",7.18,"115","2009_Satkhira"
"7199","1978","Medium","2009","2","Satkhira","G_winter_016","2",6.86,"116","2009_Satkhira"
"7200","1978","Medium","2009","2","Satkhira","G_winter_016","3",7.22,"117","2009_Satkhira"
"7201","1998","Medium","2009","2","Satkhira","G_winter_017","1",6.41,"118","2009_Satkhira"
"7202","1998","Medium","2009","2","Satkhira","G_winter_017","2",6.63,"119","2009_Satkhira"
"7203","1998","Medium","2009","2","Satkhira","G_winter_017","3",6.93,"120","2009_Satkhira"
"7204","1970","Medium","2009","3","Gazipur","G_winter_013","1",4.65,"106","2009_Gazipur"
"7205","1970","Medium","2009","3","Gazipur","G_winter_013","2",5.35,"107","2009_Gazipur"
"7206","1970","Medium","2009","3","Gazipur","G_winter_013","3",4.7,"108","2009_Gazipur"
"7207","1985","Medium","2009","3","Gazipur","G_winter_014","1",5.1,"109","2009_Gazipur"
"7208","1985","Medium","2009","3","Gazipur","G_winter_014","2",4.25,"110","2009_Gazipur"
"7209","1985","Medium","2009","3","Gazipur","G_winter_014","3",5.8,"111","2009_Gazipur"
"7210","1977","Medium","2009","3","Gazipur","G_winter_015","1",4.55,"112","2009_Gazipur"
"7211","1977","Medium","2009","3","Gazipur","G_winter_015","2",4.45,"113","2009_Gazipur"
"7212","1977","Medium","2009","3","Gazipur","G_winter_015","3",4.1,"114","2009_Gazipur"
"7213","1978","Medium","2009","3","Gazipur","G_winter_016","1",4.5,"115","2009_Gazipur"
"7214","1978","Medium","2009","3","Gazipur","G_winter_016","2",4.3,"116","2009_Gazipur"
"7215","1978","Medium","2009","3","Gazipur","G_winter_016","3",4.1,"117","2009_Gazipur"
"7216","1998","Medium","2009","3","Gazipur","G_winter_017","1",5.2,"118","2009_Gazipur"
"7217","1998","Medium","2009","3","Gazipur","G_winter_017","2",4.7,"119","2009_Gazipur"
"7218","1998","Medium","2009","3","Gazipur","G_winter_017","3",4.5,"120","2009_Gazipur"
"7219","1970","Medium","2009","3","Habiganj","G_winter_013","1",6.3,"106","2009_Habiganj"
"7220","1970","Medium","2009","3","Habiganj","G_winter_013","2",6.6,"107","2009_Habiganj"
"7221","1970","Medium","2009","3","Habiganj","G_winter_013","3",6.5,"108","2009_Habiganj"
"7222","1985","Medium","2009","3","Habiganj","G_winter_014","1",7.6,"109","2009_Habiganj"
"7223","1985","Medium","2009","3","Habiganj","G_winter_014","2",7.7,"110","2009_Habiganj"
"7224","1985","Medium","2009","3","Habiganj","G_winter_014","3",7.5,"111","2009_Habiganj"
"7225","1977","Medium","2009","3","Habiganj","G_winter_015","1",6.9,"112","2009_Habiganj"
"7226","1977","Medium","2009","3","Habiganj","G_winter_015","2",6.5,"113","2009_Habiganj"
"7227","1977","Medium","2009","3","Habiganj","G_winter_015","3",6.4,"114","2009_Habiganj"
"7228","1978","Medium","2009","3","Habiganj","G_winter_016","1",7.5,"115","2009_Habiganj"
"7229","1978","Medium","2009","3","Habiganj","G_winter_016","2",7.4,"116","2009_Habiganj"
"7230","1978","Medium","2009","3","Habiganj","G_winter_016","3",7.3,"117","2009_Habiganj"
"7231","1998","Medium","2009","3","Habiganj","G_winter_017","1",7.1,"118","2009_Habiganj"
"7232","1998","Medium","2009","3","Habiganj","G_winter_017","2",6.9,"119","2009_Habiganj"
"7233","1998","Medium","2009","3","Habiganj","G_winter_017","3",7,"120","2009_Habiganj"
"7234","1970","Medium","2009","4","Barishal","G_winter_013","1",5.51,"106","2009_Barishal"
"7235","1970","Medium","2009","4","Barishal","G_winter_013","2",5.19,"107","2009_Barishal"
"7236","1970","Medium","2009","4","Barishal","G_winter_013","3",5.39,"108","2009_Barishal"
"7237","1985","Medium","2009","4","Barishal","G_winter_014","1",5.67,"109","2009_Barishal"
"7238","1985","Medium","2009","4","Barishal","G_winter_014","2",5.55,"110","2009_Barishal"
"7239","1985","Medium","2009","4","Barishal","G_winter_014","3",5.62,"111","2009_Barishal"
"7240","1977","Medium","2009","4","Barishal","G_winter_015","1",5.13,"112","2009_Barishal"
"7241","1977","Medium","2009","4","Barishal","G_winter_015","2",4.91,"113","2009_Barishal"
"7242","1977","Medium","2009","4","Barishal","G_winter_015","3",4.94,"114","2009_Barishal"
"7243","1978","Medium","2009","4","Barishal","G_winter_016","1",5.58,"115","2009_Barishal"
"7244","1978","Medium","2009","4","Barishal","G_winter_016","2",5.51,"116","2009_Barishal"
"7245","1978","Medium","2009","4","Barishal","G_winter_016","3",4.78,"117","2009_Barishal"
"7246","1998","Medium","2009","4","Barishal","G_winter_017","1",4.95,"118","2009_Barishal"
"7247","1998","Medium","2009","4","Barishal","G_winter_017","2",5.15,"119","2009_Barishal"
"7248","1998","Medium","2009","4","Barishal","G_winter_017","3",5.41,"120","2009_Barishal"
"7249","1970","Medium","2009","4","Rajshahi","G_winter_013","1",4.46,"106","2009_Rajshahi"
"7250","1970","Medium","2009","4","Rajshahi","G_winter_013","2",5.43,"107","2009_Rajshahi"
"7251","1970","Medium","2009","4","Rajshahi","G_winter_013","3",3.69,"108","2009_Rajshahi"
"7252","1985","Medium","2009","4","Rajshahi","G_winter_014","1",5.07,"109","2009_Rajshahi"
"7253","1985","Medium","2009","4","Rajshahi","G_winter_014","2",3.87,"110","2009_Rajshahi"
"7254","1985","Medium","2009","4","Rajshahi","G_winter_014","3",5.49,"111","2009_Rajshahi"
"7255","1977","Medium","2009","4","Rajshahi","G_winter_015","1",4.72,"112","2009_Rajshahi"
"7256","1977","Medium","2009","4","Rajshahi","G_winter_015","2",5.12,"113","2009_Rajshahi"
"7257","1977","Medium","2009","4","Rajshahi","G_winter_015","3",4.14,"114","2009_Rajshahi"
"7258","1978","Medium","2009","4","Rajshahi","G_winter_016","1",5.85,"115","2009_Rajshahi"
"7259","1978","Medium","2009","4","Rajshahi","G_winter_016","2",4.72,"116","2009_Rajshahi"
"7260","1978","Medium","2009","4","Rajshahi","G_winter_016","3",4.27,"117","2009_Rajshahi"
"7261","1998","Medium","2009","4","Rajshahi","G_winter_017","1",4.66,"118","2009_Rajshahi"
"7262","1998","Medium","2009","4","Rajshahi","G_winter_017","2",2.96,"119","2009_Rajshahi"
"7263","1998","Medium","2009","4","Rajshahi","G_winter_017","3",3.6,"120","2009_Rajshahi"
"7264","1970","Medium","2010","1","Bhanga","G_winter_013","1",6.13,"121","2010_Bhanga"
"7265","1970","Medium","2010","1","Bhanga","G_winter_013","2",5.55,"122","2010_Bhanga"
"7266","1970","Medium","2010","1","Bhanga","G_winter_013","3",6.23,"123","2010_Bhanga"
"7267","1985","Medium","2010","1","Bhanga","G_winter_014","1",5.93,"124","2010_Bhanga"
"7268","1985","Medium","2010","1","Bhanga","G_winter_014","2",5.21,"125","2010_Bhanga"
"7269","1985","Medium","2010","1","Bhanga","G_winter_014","3",6.02,"126","2010_Bhanga"
"7270","1977","Medium","2010","1","Bhanga","G_winter_015","1",6.98,"127","2010_Bhanga"
"7271","1977","Medium","2010","1","Bhanga","G_winter_015","2",6.16,"128","2010_Bhanga"
"7272","1977","Medium","2010","1","Bhanga","G_winter_015","3",6.33,"129","2010_Bhanga"
"7273","1978","Medium","2010","1","Bhanga","G_winter_016","1",5.81,"130","2010_Bhanga"
"7274","1978","Medium","2010","1","Bhanga","G_winter_016","2",6.58,"131","2010_Bhanga"
"7275","1978","Medium","2010","1","Bhanga","G_winter_016","3",5.45,"132","2010_Bhanga"
"7276","1998","Medium","2010","1","Bhanga","G_winter_017","1",6.07,"133","2010_Bhanga"
"7277","1998","Medium","2010","1","Bhanga","G_winter_017","2",6.78,"134","2010_Bhanga"
"7278","1998","Medium","2010","1","Bhanga","G_winter_017","3",6.55,"135","2010_Bhanga"
"7279","2008","Medium","2010","1","Bhanga","G_winter_018","1",4.93,"136","2010_Bhanga"
"7280","2008","Medium","2010","1","Bhanga","G_winter_018","2",5.11,"137","2010_Bhanga"
"7281","2008","Medium","2010","1","Bhanga","G_winter_018","3",5.87,"138","2010_Bhanga"
"7282","1970","Medium","2010","1","Cumilla","G_winter_013","1",5.76,"121","2010_Cumilla"
"7283","1970","Medium","2010","1","Cumilla","G_winter_013","2",5.75,"122","2010_Cumilla"
"7284","1970","Medium","2010","1","Cumilla","G_winter_013","3",5.8,"123","2010_Cumilla"
"7285","1985","Medium","2010","1","Cumilla","G_winter_014","1",5.04,"124","2010_Cumilla"
"7286","1985","Medium","2010","1","Cumilla","G_winter_014","2",5.02,"125","2010_Cumilla"
"7287","1985","Medium","2010","1","Cumilla","G_winter_014","3",4.76,"126","2010_Cumilla"
"7288","1977","Medium","2010","1","Cumilla","G_winter_015","1",5.31,"127","2010_Cumilla"
"7289","1977","Medium","2010","1","Cumilla","G_winter_015","2",5.24,"128","2010_Cumilla"
"7290","1977","Medium","2010","1","Cumilla","G_winter_015","3",5.51,"129","2010_Cumilla"
"7291","1978","Medium","2010","1","Cumilla","G_winter_016","1",6.38,"130","2010_Cumilla"
"7292","1978","Medium","2010","1","Cumilla","G_winter_016","2",6.76,"131","2010_Cumilla"
"7293","1978","Medium","2010","1","Cumilla","G_winter_016","3",6.35,"132","2010_Cumilla"
"7294","1998","Medium","2010","1","Cumilla","G_winter_017","1",6.09,"133","2010_Cumilla"
"7295","1998","Medium","2010","1","Cumilla","G_winter_017","2",6.1,"134","2010_Cumilla"
"7296","1998","Medium","2010","1","Cumilla","G_winter_017","3",6.25,"135","2010_Cumilla"
"7297","2008","Medium","2010","1","Cumilla","G_winter_018","1",5.84,"136","2010_Cumilla"
"7298","2008","Medium","2010","1","Cumilla","G_winter_018","2",5.7,"137","2010_Cumilla"
"7299","2008","Medium","2010","1","Cumilla","G_winter_018","3",5.67,"138","2010_Cumilla"
"7300","1970","Medium","2010","1","Rangpur","G_winter_013","1",2.7,"121","2010_Rangpur"
"7301","1970","Medium","2010","1","Rangpur","G_winter_013","2",2.5,"122","2010_Rangpur"
"7302","1970","Medium","2010","1","Rangpur","G_winter_013","3",6.1,"123","2010_Rangpur"
"7303","1985","Medium","2010","1","Rangpur","G_winter_014","1",4.2,"124","2010_Rangpur"
"7304","1985","Medium","2010","1","Rangpur","G_winter_014","2",4.3,"125","2010_Rangpur"
"7305","1985","Medium","2010","1","Rangpur","G_winter_014","3",4.4,"126","2010_Rangpur"
"7306","1977","Medium","2010","1","Rangpur","G_winter_015","1",4.3,"127","2010_Rangpur"
"7307","1977","Medium","2010","1","Rangpur","G_winter_015","2",4.3,"128","2010_Rangpur"
"7308","1977","Medium","2010","1","Rangpur","G_winter_015","3",4.1,"129","2010_Rangpur"
"7309","1978","Medium","2010","1","Rangpur","G_winter_016","1",5.1,"130","2010_Rangpur"
"7310","1978","Medium","2010","1","Rangpur","G_winter_016","2",4.5,"131","2010_Rangpur"
"7311","1978","Medium","2010","1","Rangpur","G_winter_016","3",4.5,"132","2010_Rangpur"
"7312","1998","Medium","2010","1","Rangpur","G_winter_017","1",4,"133","2010_Rangpur"
"7313","1998","Medium","2010","1","Rangpur","G_winter_017","2",4,"134","2010_Rangpur"
"7314","1998","Medium","2010","1","Rangpur","G_winter_017","3",4.2,"135","2010_Rangpur"
"7315","2008","Medium","2010","1","Rangpur","G_winter_018","1",4.5,"136","2010_Rangpur"
"7316","2008","Medium","2010","1","Rangpur","G_winter_018","2",4,"137","2010_Rangpur"
"7317","2008","Medium","2010","1","Rangpur","G_winter_018","3",3.9,"138","2010_Rangpur"
"7318","1970","Medium","2010","2","Kushtia","G_winter_013","1",5.93,"121","2010_Kushtia"
"7319","1970","Medium","2010","2","Kushtia","G_winter_013","2",5.71,"122","2010_Kushtia"
"7320","1970","Medium","2010","2","Kushtia","G_winter_013","3",6.22,"123","2010_Kushtia"
"7321","1985","Medium","2010","2","Kushtia","G_winter_014","1",5.96,"124","2010_Kushtia"
"7322","1985","Medium","2010","2","Kushtia","G_winter_014","2",6.38,"125","2010_Kushtia"
"7323","1985","Medium","2010","2","Kushtia","G_winter_014","3",5.89,"126","2010_Kushtia"
"7324","1977","Medium","2010","2","Kushtia","G_winter_015","1",5.3,"127","2010_Kushtia"
"7325","1977","Medium","2010","2","Kushtia","G_winter_015","2",5.56,"128","2010_Kushtia"
"7326","1977","Medium","2010","2","Kushtia","G_winter_015","3",5.3,"129","2010_Kushtia"
"7327","1978","Medium","2010","2","Kushtia","G_winter_016","1",5.44,"130","2010_Kushtia"
"7328","1978","Medium","2010","2","Kushtia","G_winter_016","2",6.32,"131","2010_Kushtia"
"7329","1978","Medium","2010","2","Kushtia","G_winter_016","3",6.01,"132","2010_Kushtia"
"7330","1998","Medium","2010","2","Kushtia","G_winter_017","1",5.24,"133","2010_Kushtia"
"7331","1998","Medium","2010","2","Kushtia","G_winter_017","2",5.26,"134","2010_Kushtia"
"7332","1998","Medium","2010","2","Kushtia","G_winter_017","3",5.22,"135","2010_Kushtia"
"7333","2008","Medium","2010","2","Kushtia","G_winter_018","1",6,"136","2010_Kushtia"
"7334","2008","Medium","2010","2","Kushtia","G_winter_018","2",6.18,"137","2010_Kushtia"
"7335","2008","Medium","2010","2","Kushtia","G_winter_018","3",6.78,"138","2010_Kushtia"
"7336","1970","Medium","2010","2","Satkhira","G_winter_013","1",6.63,"121","2010_Satkhira"
"7337","1970","Medium","2010","2","Satkhira","G_winter_013","2",4.67,"122","2010_Satkhira"
"7338","1970","Medium","2010","2","Satkhira","G_winter_013","3",5.97,"123","2010_Satkhira"
"7339","1985","Medium","2010","2","Satkhira","G_winter_014","1",5.7,"124","2010_Satkhira"
"7340","1985","Medium","2010","2","Satkhira","G_winter_014","2",5.7,"125","2010_Satkhira"
"7341","1985","Medium","2010","2","Satkhira","G_winter_014","3",6.17,"126","2010_Satkhira"
"7342","1977","Medium","2010","2","Satkhira","G_winter_015","1",5.55,"127","2010_Satkhira"
"7343","1977","Medium","2010","2","Satkhira","G_winter_015","2",5.88,"128","2010_Satkhira"
"7344","1977","Medium","2010","2","Satkhira","G_winter_015","3",5.27,"129","2010_Satkhira"
"7345","1978","Medium","2010","2","Satkhira","G_winter_016","1",6.59,"130","2010_Satkhira"
"7346","1978","Medium","2010","2","Satkhira","G_winter_016","2",6.93,"131","2010_Satkhira"
"7347","1978","Medium","2010","2","Satkhira","G_winter_016","3",6.36,"132","2010_Satkhira"
"7348","1998","Medium","2010","2","Satkhira","G_winter_017","1",5.71,"133","2010_Satkhira"
"7349","1998","Medium","2010","2","Satkhira","G_winter_017","2",6.31,"134","2010_Satkhira"
"7350","1998","Medium","2010","2","Satkhira","G_winter_017","3",6.72,"135","2010_Satkhira"
"7351","2008","Medium","2010","2","Satkhira","G_winter_018","1",6.51,"136","2010_Satkhira"
"7352","2008","Medium","2010","2","Satkhira","G_winter_018","2",6.5,"137","2010_Satkhira"
"7353","2008","Medium","2010","2","Satkhira","G_winter_018","3",6.27,"138","2010_Satkhira"
"7354","1970","Medium","2010","3","Gazipur","G_winter_013","1",3.95,"121","2010_Gazipur"
"7355","1970","Medium","2010","3","Gazipur","G_winter_013","2",3.15,"122","2010_Gazipur"
"7356","1970","Medium","2010","3","Gazipur","G_winter_013","3",4.31,"123","2010_Gazipur"
"7357","1985","Medium","2010","3","Gazipur","G_winter_014","1",4.15,"124","2010_Gazipur"
"7358","1985","Medium","2010","3","Gazipur","G_winter_014","2",5.1,"125","2010_Gazipur"
"7359","1985","Medium","2010","3","Gazipur","G_winter_014","3",5.05,"126","2010_Gazipur"
"7360","1977","Medium","2010","3","Gazipur","G_winter_015","1",3.5,"127","2010_Gazipur"
"7361","1977","Medium","2010","3","Gazipur","G_winter_015","2",2.6,"128","2010_Gazipur"
"7362","1977","Medium","2010","3","Gazipur","G_winter_015","3",2.93,"129","2010_Gazipur"
"7363","1978","Medium","2010","3","Gazipur","G_winter_016","1",4.02,"130","2010_Gazipur"
"7364","1978","Medium","2010","3","Gazipur","G_winter_016","2",5.2,"131","2010_Gazipur"
"7365","1978","Medium","2010","3","Gazipur","G_winter_016","3",4.7,"132","2010_Gazipur"
"7366","1998","Medium","2010","3","Gazipur","G_winter_017","1",3.55,"133","2010_Gazipur"
"7367","1998","Medium","2010","3","Gazipur","G_winter_017","2",4.36,"134","2010_Gazipur"
"7368","1998","Medium","2010","3","Gazipur","G_winter_017","3",3.7,"135","2010_Gazipur"
"7369","2008","Medium","2010","3","Gazipur","G_winter_018","1",4.01,"136","2010_Gazipur"
"7370","2008","Medium","2010","3","Gazipur","G_winter_018","2",3.8,"137","2010_Gazipur"
"7371","2008","Medium","2010","3","Gazipur","G_winter_018","3",4.73,"138","2010_Gazipur"
"7372","1970","Medium","2010","3","Habiganj","G_winter_013","1",6.1,"121","2010_Habiganj"
"7373","1970","Medium","2010","3","Habiganj","G_winter_013","2",6.05,"122","2010_Habiganj"
"7374","1970","Medium","2010","3","Habiganj","G_winter_013","3",5.9,"123","2010_Habiganj"
"7375","1985","Medium","2010","3","Habiganj","G_winter_014","1",6.15,"124","2010_Habiganj"
"7376","1985","Medium","2010","3","Habiganj","G_winter_014","2",6,"125","2010_Habiganj"
"7377","1985","Medium","2010","3","Habiganj","G_winter_014","3",5.9,"126","2010_Habiganj"
"7378","1977","Medium","2010","3","Habiganj","G_winter_015","1",6.1,"127","2010_Habiganj"
"7379","1977","Medium","2010","3","Habiganj","G_winter_015","2",5.65,"128","2010_Habiganj"
"7380","1977","Medium","2010","3","Habiganj","G_winter_015","3",5.8,"129","2010_Habiganj"
"7381","1978","Medium","2010","3","Habiganj","G_winter_016","1",6.6,"130","2010_Habiganj"
"7382","1978","Medium","2010","3","Habiganj","G_winter_016","2",6.4,"131","2010_Habiganj"
"7383","1978","Medium","2010","3","Habiganj","G_winter_016","3",6.2,"132","2010_Habiganj"
"7384","1998","Medium","2010","3","Habiganj","G_winter_017","1",6.3,"133","2010_Habiganj"
"7385","1998","Medium","2010","3","Habiganj","G_winter_017","2",6.35,"134","2010_Habiganj"
"7386","1998","Medium","2010","3","Habiganj","G_winter_017","3",6.2,"135","2010_Habiganj"
"7387","2008","Medium","2010","3","Habiganj","G_winter_018","1",4.13,"136","2010_Habiganj"
"7388","2008","Medium","2010","3","Habiganj","G_winter_018","2",4.07,"137","2010_Habiganj"
"7389","2008","Medium","2010","3","Habiganj","G_winter_018","3",3.9,"138","2010_Habiganj"
"7390","1970","Medium","2010","4","Barishal","G_winter_013","1",4.8,"121","2010_Barishal"
"7391","1970","Medium","2010","4","Barishal","G_winter_013","2",4.75,"122","2010_Barishal"
"7392","1970","Medium","2010","4","Barishal","G_winter_013","3",4.9,"123","2010_Barishal"
"7393","1985","Medium","2010","4","Barishal","G_winter_014","1",5.5,"124","2010_Barishal"
"7394","1985","Medium","2010","4","Barishal","G_winter_014","2",5.55,"125","2010_Barishal"
"7395","1985","Medium","2010","4","Barishal","G_winter_014","3",5.5,"126","2010_Barishal"
"7396","1977","Medium","2010","4","Barishal","G_winter_015","1",5,"127","2010_Barishal"
"7397","1977","Medium","2010","4","Barishal","G_winter_015","2",5.4,"128","2010_Barishal"
"7398","1977","Medium","2010","4","Barishal","G_winter_015","3",5.3,"129","2010_Barishal"
"7399","1978","Medium","2010","4","Barishal","G_winter_016","1",5.3,"130","2010_Barishal"
"7400","1978","Medium","2010","4","Barishal","G_winter_016","2",5.95,"131","2010_Barishal"
"7401","1978","Medium","2010","4","Barishal","G_winter_016","3",4.8,"132","2010_Barishal"
"7402","1998","Medium","2010","4","Barishal","G_winter_017","1",3.8,"133","2010_Barishal"
"7403","1998","Medium","2010","4","Barishal","G_winter_017","2",4.4,"134","2010_Barishal"
"7404","1998","Medium","2010","4","Barishal","G_winter_017","3",4.95,"135","2010_Barishal"
"7405","2008","Medium","2010","4","Barishal","G_winter_018","1",4.5,"136","2010_Barishal"
"7406","2008","Medium","2010","4","Barishal","G_winter_018","2",4.85,"137","2010_Barishal"
"7407","2008","Medium","2010","4","Barishal","G_winter_018","3",4.6,"138","2010_Barishal"
"7408","1970","Medium","2010","4","Rajshahi","G_winter_013","1",4.67,"121","2010_Rajshahi"
"7409","1970","Medium","2010","4","Rajshahi","G_winter_013","2",5.22,"122","2010_Rajshahi"
"7410","1970","Medium","2010","4","Rajshahi","G_winter_013","3",4.09,"123","2010_Rajshahi"
"7411","1985","Medium","2010","4","Rajshahi","G_winter_014","1",4.95,"124","2010_Rajshahi"
"7412","1985","Medium","2010","4","Rajshahi","G_winter_014","2",4.28,"125","2010_Rajshahi"
"7413","1985","Medium","2010","4","Rajshahi","G_winter_014","3",4.89,"126","2010_Rajshahi"
"7414","1977","Medium","2010","4","Rajshahi","G_winter_015","1",4.67,"127","2010_Rajshahi"
"7415","1977","Medium","2010","4","Rajshahi","G_winter_015","2",5.02,"128","2010_Rajshahi"
"7416","1977","Medium","2010","4","Rajshahi","G_winter_015","3",4.18,"129","2010_Rajshahi"
"7417","1978","Medium","2010","4","Rajshahi","G_winter_016","1",5.64,"130","2010_Rajshahi"
"7418","1978","Medium","2010","4","Rajshahi","G_winter_016","2",4.92,"131","2010_Rajshahi"
"7419","1978","Medium","2010","4","Rajshahi","G_winter_016","3",4.33,"132","2010_Rajshahi"
"7420","1998","Medium","2010","4","Rajshahi","G_winter_017","1",4.42,"133","2010_Rajshahi"
"7421","1998","Medium","2010","4","Rajshahi","G_winter_017","2",3.45,"134","2010_Rajshahi"
"7422","1998","Medium","2010","4","Rajshahi","G_winter_017","3",4,"135","2010_Rajshahi"
"7423","2008","Medium","2010","4","Rajshahi","G_winter_018","1",4.73,"136","2010_Rajshahi"
"7424","2008","Medium","2010","4","Rajshahi","G_winter_018","2",4.24,"137","2010_Rajshahi"
"7425","2008","Medium","2010","4","Rajshahi","G_winter_018","3",4.79,"138","2010_Rajshahi"
"7426","1970","Medium","2011","1","Bhanga","G_winter_013","1",6.13,"139","2011_Bhanga"
"7427","1970","Medium","2011","1","Bhanga","G_winter_013","2",4.97,"140","2011_Bhanga"
"7428","1970","Medium","2011","1","Bhanga","G_winter_013","3",6.51,"141","2011_Bhanga"
"7429","1985","Medium","2011","1","Bhanga","G_winter_014","1",5.33,"142","2011_Bhanga"
"7430","1985","Medium","2011","1","Bhanga","G_winter_014","2",4.2,"143","2011_Bhanga"
"7431","1985","Medium","2011","1","Bhanga","G_winter_014","3",5.71,"144","2011_Bhanga"
"7432","1977","Medium","2011","1","Bhanga","G_winter_015","1",7.77,"145","2011_Bhanga"
"7433","1977","Medium","2011","1","Bhanga","G_winter_015","2",6.45,"146","2011_Bhanga"
"7434","1977","Medium","2011","1","Bhanga","G_winter_015","3",6.56,"147","2011_Bhanga"
"7435","1978","Medium","2011","1","Bhanga","G_winter_016","1",5.2,"148","2011_Bhanga"
"7436","1978","Medium","2011","1","Bhanga","G_winter_016","2",6.7,"149","2011_Bhanga"
"7437","1978","Medium","2011","1","Bhanga","G_winter_016","3",4.71,"150","2011_Bhanga"
"7438","1998","Medium","2011","1","Bhanga","G_winter_017","1",6.05,"151","2011_Bhanga"
"7439","1998","Medium","2011","1","Bhanga","G_winter_017","2",6.91,"152","2011_Bhanga"
"7440","1998","Medium","2011","1","Bhanga","G_winter_017","3",6.88,"153","2011_Bhanga"
"7441","2008","Medium","2011","1","Bhanga","G_winter_018","1",5.13,"154","2011_Bhanga"
"7442","2008","Medium","2011","1","Bhanga","G_winter_018","2",5.85,"155","2011_Bhanga"
"7443","2008","Medium","2011","1","Bhanga","G_winter_018","3",4.49,"156","2011_Bhanga"
"7444","1970","Medium","2011","1","Cumilla","G_winter_013","1",5.58,"139","2011_Cumilla"
"7445","1970","Medium","2011","1","Cumilla","G_winter_013","2",5.43,"140","2011_Cumilla"
"7446","1970","Medium","2011","1","Cumilla","G_winter_013","3",5.76,"141","2011_Cumilla"
"7447","1985","Medium","2011","1","Cumilla","G_winter_014","1",5.18,"142","2011_Cumilla"
"7448","1985","Medium","2011","1","Cumilla","G_winter_014","2",5.33,"143","2011_Cumilla"
"7449","1985","Medium","2011","1","Cumilla","G_winter_014","3",5.11,"144","2011_Cumilla"
"7450","1977","Medium","2011","1","Cumilla","G_winter_015","1",4.56,"145","2011_Cumilla"
"7451","1977","Medium","2011","1","Cumilla","G_winter_015","2",4.38,"146","2011_Cumilla"
"7452","1977","Medium","2011","1","Cumilla","G_winter_015","3",4.71,"147","2011_Cumilla"
"7453","1978","Medium","2011","1","Cumilla","G_winter_016","1",5.92,"148","2011_Cumilla"
"7454","1978","Medium","2011","1","Cumilla","G_winter_016","2",5.97,"149","2011_Cumilla"
"7455","1978","Medium","2011","1","Cumilla","G_winter_016","3",6.05,"150","2011_Cumilla"
"7456","1998","Medium","2011","1","Cumilla","G_winter_017","1",5.14,"151","2011_Cumilla"
"7457","1998","Medium","2011","1","Cumilla","G_winter_017","2",4.85,"152","2011_Cumilla"
"7458","1998","Medium","2011","1","Cumilla","G_winter_017","3",4.96,"153","2011_Cumilla"
"7459","2008","Medium","2011","1","Cumilla","G_winter_018","1",5.96,"154","2011_Cumilla"
"7460","2008","Medium","2011","1","Cumilla","G_winter_018","2",5.86,"155","2011_Cumilla"
"7461","2008","Medium","2011","1","Cumilla","G_winter_018","3",6.08,"156","2011_Cumilla"
"7462","1970","Medium","2011","1","Rangpur","G_winter_013","1",4.75,"139","2011_Rangpur"
"7463","1970","Medium","2011","1","Rangpur","G_winter_013","2",2.6,"140","2011_Rangpur"
"7464","1970","Medium","2011","1","Rangpur","G_winter_013","3",2.5,"141","2011_Rangpur"
"7465","1985","Medium","2011","1","Rangpur","G_winter_014","1",2.6,"142","2011_Rangpur"
"7466","1985","Medium","2011","1","Rangpur","G_winter_014","2",5.29,"143","2011_Rangpur"
"7467","1985","Medium","2011","1","Rangpur","G_winter_014","3",2.45,"144","2011_Rangpur"
"7468","1977","Medium","2011","1","Rangpur","G_winter_015","1",4.96,"145","2011_Rangpur"
"7469","1977","Medium","2011","1","Rangpur","G_winter_015","2",6.2,"146","2011_Rangpur"
"7470","1977","Medium","2011","1","Rangpur","G_winter_015","3",2.55,"147","2011_Rangpur"
"7471","1978","Medium","2011","1","Rangpur","G_winter_016","1",3.25,"148","2011_Rangpur"
"7472","1978","Medium","2011","1","Rangpur","G_winter_016","2",2.85,"149","2011_Rangpur"
"7473","1978","Medium","2011","1","Rangpur","G_winter_016","3",3.1,"150","2011_Rangpur"
"7474","1998","Medium","2011","1","Rangpur","G_winter_017","1",2.45,"151","2011_Rangpur"
"7475","1998","Medium","2011","1","Rangpur","G_winter_017","2",2.45,"152","2011_Rangpur"
"7476","1998","Medium","2011","1","Rangpur","G_winter_017","3",4.28,"153","2011_Rangpur"
"7477","2008","Medium","2011","1","Rangpur","G_winter_018","1",5.16,"154","2011_Rangpur"
"7478","2008","Medium","2011","1","Rangpur","G_winter_018","2",3.1,"155","2011_Rangpur"
"7479","2008","Medium","2011","1","Rangpur","G_winter_018","3",3,"156","2011_Rangpur"
"7480","1970","Medium","2011","2","Kushtia","G_winter_013","1",4.65,"139","2011_Kushtia"
"7481","1970","Medium","2011","2","Kushtia","G_winter_013","2",4.67,"140","2011_Kushtia"
"7482","1970","Medium","2011","2","Kushtia","G_winter_013","3",4.73,"141","2011_Kushtia"
"7483","1985","Medium","2011","2","Kushtia","G_winter_014","1",4.62,"142","2011_Kushtia"
"7484","1985","Medium","2011","2","Kushtia","G_winter_014","2",4.75,"143","2011_Kushtia"
"7485","1985","Medium","2011","2","Kushtia","G_winter_014","3",4.68,"144","2011_Kushtia"
"7486","1977","Medium","2011","2","Kushtia","G_winter_015","1",3.94,"145","2011_Kushtia"
"7487","1977","Medium","2011","2","Kushtia","G_winter_015","2",4.02,"146","2011_Kushtia"
"7488","1977","Medium","2011","2","Kushtia","G_winter_015","3",4.2,"147","2011_Kushtia"
"7489","1978","Medium","2011","2","Kushtia","G_winter_016","1",4.58,"148","2011_Kushtia"
"7490","1978","Medium","2011","2","Kushtia","G_winter_016","2",4.63,"149","2011_Kushtia"
"7491","1978","Medium","2011","2","Kushtia","G_winter_016","3",4.71,"150","2011_Kushtia"
"7492","1998","Medium","2011","2","Kushtia","G_winter_017","1",3.97,"151","2011_Kushtia"
"7493","1998","Medium","2011","2","Kushtia","G_winter_017","2",4.01,"152","2011_Kushtia"
"7494","1998","Medium","2011","2","Kushtia","G_winter_017","3",4.04,"153","2011_Kushtia"
"7495","2008","Medium","2011","2","Kushtia","G_winter_018","1",4.72,"154","2011_Kushtia"
"7496","2008","Medium","2011","2","Kushtia","G_winter_018","2",4.77,"155","2011_Kushtia"
"7497","2008","Medium","2011","2","Kushtia","G_winter_018","3",4.8,"156","2011_Kushtia"
"7498","1970","Medium","2011","2","Satkhira","G_winter_013","1",6.51,"139","2011_Satkhira"
"7499","1970","Medium","2011","2","Satkhira","G_winter_013","2",4.5,"140","2011_Satkhira"
"7500","1970","Medium","2011","2","Satkhira","G_winter_013","3",5,"141","2011_Satkhira"
"7501","1985","Medium","2011","2","Satkhira","G_winter_014","1",5.5,"142","2011_Satkhira"
"7502","1985","Medium","2011","2","Satkhira","G_winter_014","2",5,"143","2011_Satkhira"
"7503","1985","Medium","2011","2","Satkhira","G_winter_014","3",6.5,"144","2011_Satkhira"
"7504","1977","Medium","2011","2","Satkhira","G_winter_015","1",5,"145","2011_Satkhira"
"7505","1977","Medium","2011","2","Satkhira","G_winter_015","2",5.5,"146","2011_Satkhira"
"7506","1977","Medium","2011","2","Satkhira","G_winter_015","3",5,"147","2011_Satkhira"
"7507","1978","Medium","2011","2","Satkhira","G_winter_016","1",6,"148","2011_Satkhira"
"7508","1978","Medium","2011","2","Satkhira","G_winter_016","2",7,"149","2011_Satkhira"
"7509","1978","Medium","2011","2","Satkhira","G_winter_016","3",5.5,"150","2011_Satkhira"
"7510","1998","Medium","2011","2","Satkhira","G_winter_017","1",5,"151","2011_Satkhira"
"7511","1998","Medium","2011","2","Satkhira","G_winter_017","2",6,"152","2011_Satkhira"
"7512","1998","Medium","2011","2","Satkhira","G_winter_017","3",6.5,"153","2011_Satkhira"
"7513","2008","Medium","2011","2","Satkhira","G_winter_018","1",6.5,"154","2011_Satkhira"
"7514","2008","Medium","2011","2","Satkhira","G_winter_018","2",6.5,"155","2011_Satkhira"
"7515","2008","Medium","2011","2","Satkhira","G_winter_018","3",6,"156","2011_Satkhira"
"7516","1970","Medium","2011","3","Gazipur","G_winter_013","1",2.75,"139","2011_Gazipur"
"7517","1970","Medium","2011","3","Gazipur","G_winter_013","2",2.8,"140","2011_Gazipur"
"7518","1970","Medium","2011","3","Gazipur","G_winter_013","3",2.5,"141","2011_Gazipur"
"7519","1985","Medium","2011","3","Gazipur","G_winter_014","1",5.29,"142","2011_Gazipur"
"7520","1985","Medium","2011","3","Gazipur","G_winter_014","2",4.15,"143","2011_Gazipur"
"7521","1985","Medium","2011","3","Gazipur","G_winter_014","3",2.6,"144","2011_Gazipur"
"7522","1977","Medium","2011","3","Gazipur","G_winter_015","1",4.99,"145","2011_Gazipur"
"7523","1977","Medium","2011","3","Gazipur","G_winter_015","2",4.47,"146","2011_Gazipur"
"7524","1977","Medium","2011","3","Gazipur","G_winter_015","3",2.7,"147","2011_Gazipur"
"7525","1978","Medium","2011","3","Gazipur","G_winter_016","1",4.65,"148","2011_Gazipur"
"7526","1978","Medium","2011","3","Gazipur","G_winter_016","2",2.7,"149","2011_Gazipur"
"7527","1978","Medium","2011","3","Gazipur","G_winter_016","3",4.3,"150","2011_Gazipur"
"7528","1998","Medium","2011","3","Gazipur","G_winter_017","1",4.5,"151","2011_Gazipur"
"7529","1998","Medium","2011","3","Gazipur","G_winter_017","2",2.85,"152","2011_Gazipur"
"7530","1998","Medium","2011","3","Gazipur","G_winter_017","3",2.55,"153","2011_Gazipur"
"7531","2008","Medium","2011","3","Gazipur","G_winter_018","1",2.7,"154","2011_Gazipur"
"7532","2008","Medium","2011","3","Gazipur","G_winter_018","2",4.36,"155","2011_Gazipur"
"7533","2008","Medium","2011","3","Gazipur","G_winter_018","3",2.45,"156","2011_Gazipur"
"7534","1970","Medium","2011","3","Habiganj","G_winter_013","1",5.9,"139","2011_Habiganj"
"7535","1970","Medium","2011","3","Habiganj","G_winter_013","2",5.5,"140","2011_Habiganj"
"7536","1970","Medium","2011","3","Habiganj","G_winter_013","3",5.3,"141","2011_Habiganj"
"7537","1985","Medium","2011","3","Habiganj","G_winter_014","1",4.7,"142","2011_Habiganj"
"7538","1985","Medium","2011","3","Habiganj","G_winter_014","2",4.3,"143","2011_Habiganj"
"7539","1985","Medium","2011","3","Habiganj","G_winter_014","3",4.3,"144","2011_Habiganj"
"7540","1977","Medium","2011","3","Habiganj","G_winter_015","1",5.3,"145","2011_Habiganj"
"7541","1977","Medium","2011","3","Habiganj","G_winter_015","2",4.8,"146","2011_Habiganj"
"7542","1977","Medium","2011","3","Habiganj","G_winter_015","3",5.2,"147","2011_Habiganj"
"7543","1978","Medium","2011","3","Habiganj","G_winter_016","1",5.7,"148","2011_Habiganj"
"7544","1978","Medium","2011","3","Habiganj","G_winter_016","2",5.4,"149","2011_Habiganj"
"7545","1978","Medium","2011","3","Habiganj","G_winter_016","3",5.1,"150","2011_Habiganj"
"7546","1998","Medium","2011","3","Habiganj","G_winter_017","1",5.5,"151","2011_Habiganj"
"7547","1998","Medium","2011","3","Habiganj","G_winter_017","2",5.8,"152","2011_Habiganj"
"7548","1998","Medium","2011","3","Habiganj","G_winter_017","3",5.4,"153","2011_Habiganj"
"7549","2008","Medium","2011","3","Habiganj","G_winter_018","1",4.4,"154","2011_Habiganj"
"7550","2008","Medium","2011","3","Habiganj","G_winter_018","2",4.2,"155","2011_Habiganj"
"7551","2008","Medium","2011","3","Habiganj","G_winter_018","3",4.7,"156","2011_Habiganj"
"7552","1970","Medium","2011","4","Barishal","G_winter_013","1",5.84,"139","2011_Barishal"
"7553","1970","Medium","2011","4","Barishal","G_winter_013","2",4.76,"140","2011_Barishal"
"7554","1970","Medium","2011","4","Barishal","G_winter_013","3",5.19,"141","2011_Barishal"
"7555","1985","Medium","2011","4","Barishal","G_winter_014","1",4.43,"142","2011_Barishal"
"7556","1985","Medium","2011","4","Barishal","G_winter_014","2",4.5,"143","2011_Barishal"
"7557","1985","Medium","2011","4","Barishal","G_winter_014","3",3.33,"144","2011_Barishal"
"7558","1977","Medium","2011","4","Barishal","G_winter_015","1",4.68,"145","2011_Barishal"
"7559","1977","Medium","2011","4","Barishal","G_winter_015","2",4.43,"146","2011_Barishal"
"7560","1977","Medium","2011","4","Barishal","G_winter_015","3",3.52,"147","2011_Barishal"
"7561","1978","Medium","2011","4","Barishal","G_winter_016","1",4.95,"148","2011_Barishal"
"7562","1978","Medium","2011","4","Barishal","G_winter_016","2",5.43,"149","2011_Barishal"
"7563","1978","Medium","2011","4","Barishal","G_winter_016","3",5.12,"150","2011_Barishal"
"7564","1998","Medium","2011","4","Barishal","G_winter_017","1",4.49,"151","2011_Barishal"
"7565","1998","Medium","2011","4","Barishal","G_winter_017","2",5.64,"152","2011_Barishal"
"7566","1998","Medium","2011","4","Barishal","G_winter_017","3",5.59,"153","2011_Barishal"
"7567","2008","Medium","2011","4","Barishal","G_winter_018","1",4.84,"154","2011_Barishal"
"7568","2008","Medium","2011","4","Barishal","G_winter_018","2",4.59,"155","2011_Barishal"
"7569","2008","Medium","2011","4","Barishal","G_winter_018","3",4.69,"156","2011_Barishal"
"7570","1970","Medium","2011","4","Rajshahi","G_winter_013","1",5.4,"139","2011_Rajshahi"
"7571","1970","Medium","2011","4","Rajshahi","G_winter_013","2",6,"140","2011_Rajshahi"
"7572","1970","Medium","2011","4","Rajshahi","G_winter_013","3",5.46,"141","2011_Rajshahi"
"7573","1985","Medium","2011","4","Rajshahi","G_winter_014","1",5.76,"142","2011_Rajshahi"
"7574","1985","Medium","2011","4","Rajshahi","G_winter_014","2",5.47,"143","2011_Rajshahi"
"7575","1985","Medium","2011","4","Rajshahi","G_winter_014","3",4.43,"144","2011_Rajshahi"
"7576","1977","Medium","2011","4","Rajshahi","G_winter_015","1",5.68,"145","2011_Rajshahi"
"7577","1977","Medium","2011","4","Rajshahi","G_winter_015","2",6.33,"146","2011_Rajshahi"
"7578","1977","Medium","2011","4","Rajshahi","G_winter_015","3",5.29,"147","2011_Rajshahi"
"7579","1978","Medium","2011","4","Rajshahi","G_winter_016","1",6.01,"148","2011_Rajshahi"
"7580","1978","Medium","2011","4","Rajshahi","G_winter_016","2",6.08,"149","2011_Rajshahi"
"7581","1978","Medium","2011","4","Rajshahi","G_winter_016","3",5.84,"150","2011_Rajshahi"
"7582","1998","Medium","2011","4","Rajshahi","G_winter_017","1",5.26,"151","2011_Rajshahi"
"7583","1998","Medium","2011","4","Rajshahi","G_winter_017","2",4.98,"152","2011_Rajshahi"
"7584","1998","Medium","2011","4","Rajshahi","G_winter_017","3",5.44,"153","2011_Rajshahi"
"7585","2008","Medium","2011","4","Rajshahi","G_winter_018","1",3.78,"154","2011_Rajshahi"
"7586","2008","Medium","2011","4","Rajshahi","G_winter_018","2",3.45,"155","2011_Rajshahi"
"7587","2008","Medium","2011","4","Rajshahi","G_winter_018","3",4.33,"156","2011_Rajshahi"
"7588","1970","Medium","2012","1","Bhanga","G_winter_013","1",5.74,"157","2012_Bhanga"
"7589","1970","Medium","2012","1","Bhanga","G_winter_013","2",5.02,"158","2012_Bhanga"
"7590","1970","Medium","2012","1","Bhanga","G_winter_013","3",5.15,"159","2012_Bhanga"
"7591","1985","Medium","2012","1","Bhanga","G_winter_014","1",5.37,"160","2012_Bhanga"
"7592","1985","Medium","2012","1","Bhanga","G_winter_014","2",4.78,"161","2012_Bhanga"
"7593","1985","Medium","2012","1","Bhanga","G_winter_014","3",6.28,"162","2012_Bhanga"
"7594","1977","Medium","2012","1","Bhanga","G_winter_015","1",5.27,"163","2012_Bhanga"
"7595","1977","Medium","2012","1","Bhanga","G_winter_015","2",4.8,"164","2012_Bhanga"
"7596","1977","Medium","2012","1","Bhanga","G_winter_015","3",5,"165","2012_Bhanga"
"7597","1978","Medium","2012","1","Bhanga","G_winter_016","1",4.76,"166","2012_Bhanga"
"7598","1978","Medium","2012","1","Bhanga","G_winter_016","2",5.69,"167","2012_Bhanga"
"7599","1978","Medium","2012","1","Bhanga","G_winter_016","3",5.52,"168","2012_Bhanga"
"7600","1998","Medium","2012","1","Bhanga","G_winter_017","1",6.39,"169","2012_Bhanga"
"7601","1998","Medium","2012","1","Bhanga","G_winter_017","2",5.91,"170","2012_Bhanga"
"7602","1998","Medium","2012","1","Bhanga","G_winter_017","3",6.39,"171","2012_Bhanga"
"7603","2008","Medium","2012","1","Bhanga","G_winter_018","1",5.81,"172","2012_Bhanga"
"7604","2008","Medium","2012","1","Bhanga","G_winter_018","2",5.59,"173","2012_Bhanga"
"7605","2008","Medium","2012","1","Bhanga","G_winter_018","3",6.11,"174","2012_Bhanga"
"7606","1970","Medium","2012","1","Cumilla","G_winter_013","1",5.15,"157","2012_Cumilla"
"7607","1970","Medium","2012","1","Cumilla","G_winter_013","2",5.24,"158","2012_Cumilla"
"7608","1970","Medium","2012","1","Cumilla","G_winter_013","3",5.52,"159","2012_Cumilla"
"7609","1985","Medium","2012","1","Cumilla","G_winter_014","1",3.15,"160","2012_Cumilla"
"7610","1985","Medium","2012","1","Cumilla","G_winter_014","2",3.48,"161","2012_Cumilla"
"7611","1985","Medium","2012","1","Cumilla","G_winter_014","3",3.28,"162","2012_Cumilla"
"7612","1977","Medium","2012","1","Cumilla","G_winter_015","1",4.25,"163","2012_Cumilla"
"7613","1977","Medium","2012","1","Cumilla","G_winter_015","2",4.16,"164","2012_Cumilla"
"7614","1977","Medium","2012","1","Cumilla","G_winter_015","3",4.48,"165","2012_Cumilla"
"7615","1978","Medium","2012","1","Cumilla","G_winter_016","1",6.18,"166","2012_Cumilla"
"7616","1978","Medium","2012","1","Cumilla","G_winter_016","2",5.8,"167","2012_Cumilla"
"7617","1978","Medium","2012","1","Cumilla","G_winter_016","3",5.73,"168","2012_Cumilla"
"7618","1998","Medium","2012","1","Cumilla","G_winter_017","1",4.32,"169","2012_Cumilla"
"7619","1998","Medium","2012","1","Cumilla","G_winter_017","2",4.48,"170","2012_Cumilla"
"7620","1998","Medium","2012","1","Cumilla","G_winter_017","3",4.71,"171","2012_Cumilla"
"7621","2008","Medium","2012","1","Cumilla","G_winter_018","1",5.72,"172","2012_Cumilla"
"7622","2008","Medium","2012","1","Cumilla","G_winter_018","2",5.53,"173","2012_Cumilla"
"7623","2008","Medium","2012","1","Cumilla","G_winter_018","3",5.26,"174","2012_Cumilla"
"7624","1970","Medium","2012","1","Rangpur","G_winter_013","1",6.26,"157","2012_Rangpur"
"7625","1970","Medium","2012","1","Rangpur","G_winter_013","2",4.63,"158","2012_Rangpur"
"7626","1970","Medium","2012","1","Rangpur","G_winter_013","3",3.73,"159","2012_Rangpur"
"7627","1985","Medium","2012","1","Rangpur","G_winter_014","1",4.48,"160","2012_Rangpur"
"7628","1985","Medium","2012","1","Rangpur","G_winter_014","2",5.43,"161","2012_Rangpur"
"7629","1985","Medium","2012","1","Rangpur","G_winter_014","3",5.99,"162","2012_Rangpur"
"7630","1977","Medium","2012","1","Rangpur","G_winter_015","1",5.66,"163","2012_Rangpur"
"7631","1977","Medium","2012","1","Rangpur","G_winter_015","2",5.6,"164","2012_Rangpur"
"7632","1977","Medium","2012","1","Rangpur","G_winter_015","3",4.88,"165","2012_Rangpur"
"7633","1978","Medium","2012","1","Rangpur","G_winter_016","1",7,"166","2012_Rangpur"
"7634","1978","Medium","2012","1","Rangpur","G_winter_016","2",6.6,"167","2012_Rangpur"
"7635","1978","Medium","2012","1","Rangpur","G_winter_016","3",7,"168","2012_Rangpur"
"7636","1998","Medium","2012","1","Rangpur","G_winter_017","1",5.8,"169","2012_Rangpur"
"7637","1998","Medium","2012","1","Rangpur","G_winter_017","2",5.8,"170","2012_Rangpur"
"7638","1998","Medium","2012","1","Rangpur","G_winter_017","3",5.82,"171","2012_Rangpur"
"7639","2008","Medium","2012","1","Rangpur","G_winter_018","1",5.64,"172","2012_Rangpur"
"7640","2008","Medium","2012","1","Rangpur","G_winter_018","2",5.13,"173","2012_Rangpur"
"7641","2008","Medium","2012","1","Rangpur","G_winter_018","3",7.56,"174","2012_Rangpur"
"7642","1970","Medium","2012","2","Kushtia","G_winter_013","1",4.94,"157","2012_Kushtia"
"7643","1970","Medium","2012","2","Kushtia","G_winter_013","2",4.28,"158","2012_Kushtia"
"7644","1970","Medium","2012","2","Kushtia","G_winter_013","3",4.2,"159","2012_Kushtia"
"7645","1985","Medium","2012","2","Kushtia","G_winter_014","1",5.44,"160","2012_Kushtia"
"7646","1985","Medium","2012","2","Kushtia","G_winter_014","2",6.44,"161","2012_Kushtia"
"7647","1985","Medium","2012","2","Kushtia","G_winter_014","3",7.11,"162","2012_Kushtia"
"7648","1977","Medium","2012","2","Kushtia","G_winter_015","1",4.65,"163","2012_Kushtia"
"7649","1977","Medium","2012","2","Kushtia","G_winter_015","2",5.85,"164","2012_Kushtia"
"7650","1977","Medium","2012","2","Kushtia","G_winter_015","3",5.44,"165","2012_Kushtia"
"7651","1978","Medium","2012","2","Kushtia","G_winter_016","1",5.95,"166","2012_Kushtia"
"7652","1978","Medium","2012","2","Kushtia","G_winter_016","2",2.72,"167","2012_Kushtia"
"7653","1978","Medium","2012","2","Kushtia","G_winter_016","3",5.66,"168","2012_Kushtia"
"7654","1998","Medium","2012","2","Kushtia","G_winter_017","1",4.64,"169","2012_Kushtia"
"7655","1998","Medium","2012","2","Kushtia","G_winter_017","2",4.64,"170","2012_Kushtia"
"7656","1998","Medium","2012","2","Kushtia","G_winter_017","3",5.25,"171","2012_Kushtia"
"7657","2008","Medium","2012","2","Kushtia","G_winter_018","1",5.34,"172","2012_Kushtia"
"7658","2008","Medium","2012","2","Kushtia","G_winter_018","2",6.05,"173","2012_Kushtia"
"7659","2008","Medium","2012","2","Kushtia","G_winter_018","3",6.05,"174","2012_Kushtia"
"7660","1970","Medium","2012","2","Satkhira","G_winter_013","1",6.2,"157","2012_Satkhira"
"7661","1970","Medium","2012","2","Satkhira","G_winter_013","2",6.66,"158","2012_Satkhira"
"7662","1970","Medium","2012","2","Satkhira","G_winter_013","3",6.39,"159","2012_Satkhira"
"7663","1985","Medium","2012","2","Satkhira","G_winter_014","1",6.06,"160","2012_Satkhira"
"7664","1985","Medium","2012","2","Satkhira","G_winter_014","2",6.22,"161","2012_Satkhira"
"7665","1985","Medium","2012","2","Satkhira","G_winter_014","3",6.29,"162","2012_Satkhira"
"7666","1977","Medium","2012","2","Satkhira","G_winter_015","1",5.84,"163","2012_Satkhira"
"7667","1977","Medium","2012","2","Satkhira","G_winter_015","2",6.1,"164","2012_Satkhira"
"7668","1977","Medium","2012","2","Satkhira","G_winter_015","3",6.14,"165","2012_Satkhira"
"7669","1978","Medium","2012","2","Satkhira","G_winter_016","1",6.49,"166","2012_Satkhira"
"7670","1978","Medium","2012","2","Satkhira","G_winter_016","2",6.36,"167","2012_Satkhira"
"7671","1978","Medium","2012","2","Satkhira","G_winter_016","3",6.22,"168","2012_Satkhira"
"7672","1998","Medium","2012","2","Satkhira","G_winter_017","1",5.99,"169","2012_Satkhira"
"7673","1998","Medium","2012","2","Satkhira","G_winter_017","2",6.29,"170","2012_Satkhira"
"7674","1998","Medium","2012","2","Satkhira","G_winter_017","3",6.51,"171","2012_Satkhira"
"7675","2008","Medium","2012","2","Satkhira","G_winter_018","1",6.51,"172","2012_Satkhira"
"7676","2008","Medium","2012","2","Satkhira","G_winter_018","2",6.5,"173","2012_Satkhira"
"7677","2008","Medium","2012","2","Satkhira","G_winter_018","3",6.54,"174","2012_Satkhira"
"7678","1970","Medium","2012","3","Gazipur","G_winter_013","1",5.02,"157","2012_Gazipur"
"7679","1970","Medium","2012","3","Gazipur","G_winter_013","2",4.93,"158","2012_Gazipur"
"7680","1970","Medium","2012","3","Gazipur","G_winter_013","3",5.66,"159","2012_Gazipur"
"7681","1985","Medium","2012","3","Gazipur","G_winter_014","1",4.45,"160","2012_Gazipur"
"7682","1985","Medium","2012","3","Gazipur","G_winter_014","2",3.78,"161","2012_Gazipur"
"7683","1985","Medium","2012","3","Gazipur","G_winter_014","3",4.28,"162","2012_Gazipur"
"7684","1977","Medium","2012","3","Gazipur","G_winter_015","1",4.27,"163","2012_Gazipur"
"7685","1977","Medium","2012","3","Gazipur","G_winter_015","2",4.64,"164","2012_Gazipur"
"7686","1977","Medium","2012","3","Gazipur","G_winter_015","3",5.34,"165","2012_Gazipur"
"7687","1978","Medium","2012","3","Gazipur","G_winter_016","1",5.28,"166","2012_Gazipur"
"7688","1978","Medium","2012","3","Gazipur","G_winter_016","2",5.26,"167","2012_Gazipur"
"7689","1978","Medium","2012","3","Gazipur","G_winter_016","3",5.48,"168","2012_Gazipur"
"7690","1998","Medium","2012","3","Gazipur","G_winter_017","1",4.64,"169","2012_Gazipur"
"7691","1998","Medium","2012","3","Gazipur","G_winter_017","2",5.27,"170","2012_Gazipur"
"7692","1998","Medium","2012","3","Gazipur","G_winter_017","3",5.28,"171","2012_Gazipur"
"7693","2008","Medium","2012","3","Gazipur","G_winter_018","1",4.92,"172","2012_Gazipur"
"7694","2008","Medium","2012","3","Gazipur","G_winter_018","2",4.92,"173","2012_Gazipur"
"7695","2008","Medium","2012","3","Gazipur","G_winter_018","3",5.56,"174","2012_Gazipur"
"7696","1970","Medium","2012","3","Habiganj","G_winter_013","1",5.4,"157","2012_Habiganj"
"7697","1970","Medium","2012","3","Habiganj","G_winter_013","2",5.23,"158","2012_Habiganj"
"7698","1970","Medium","2012","3","Habiganj","G_winter_013","3",5.15,"159","2012_Habiganj"
"7699","1985","Medium","2012","3","Habiganj","G_winter_014","1",4.77,"160","2012_Habiganj"
"7700","1985","Medium","2012","3","Habiganj","G_winter_014","2",5.14,"161","2012_Habiganj"
"7701","1985","Medium","2012","3","Habiganj","G_winter_014","3",5.05,"162","2012_Habiganj"
"7702","1977","Medium","2012","3","Habiganj","G_winter_015","1",6.43,"163","2012_Habiganj"
"7703","1977","Medium","2012","3","Habiganj","G_winter_015","2",5.63,"164","2012_Habiganj"
"7704","1977","Medium","2012","3","Habiganj","G_winter_015","3",6.25,"165","2012_Habiganj"
"7705","1978","Medium","2012","3","Habiganj","G_winter_016","1",4.92,"166","2012_Habiganj"
"7706","1978","Medium","2012","3","Habiganj","G_winter_016","2",4.92,"167","2012_Habiganj"
"7707","1978","Medium","2012","3","Habiganj","G_winter_016","3",5.74,"168","2012_Habiganj"
"7708","1998","Medium","2012","3","Habiganj","G_winter_017","1",6.34,"169","2012_Habiganj"
"7709","1998","Medium","2012","3","Habiganj","G_winter_017","2",4.42,"170","2012_Habiganj"
"7710","1998","Medium","2012","3","Habiganj","G_winter_017","3",5.4,"171","2012_Habiganj"
"7711","2008","Medium","2012","3","Habiganj","G_winter_018","1",5.39,"172","2012_Habiganj"
"7712","2008","Medium","2012","3","Habiganj","G_winter_018","2",5.27,"173","2012_Habiganj"
"7713","2008","Medium","2012","3","Habiganj","G_winter_018","3",6.88,"174","2012_Habiganj"
"7714","1970","Medium","2012","4","Barishal","G_winter_013","1",6.72,"157","2012_Barishal"
"7715","1970","Medium","2012","4","Barishal","G_winter_013","2",6.83,"158","2012_Barishal"
"7716","1970","Medium","2012","4","Barishal","G_winter_013","3",7.48,"159","2012_Barishal"
"7717","1985","Medium","2012","4","Barishal","G_winter_014","1",7.48,"160","2012_Barishal"
"7718","1985","Medium","2012","4","Barishal","G_winter_014","2",6.72,"161","2012_Barishal"
"7719","1985","Medium","2012","4","Barishal","G_winter_014","3",6.83,"162","2012_Barishal"
"7720","1977","Medium","2012","4","Barishal","G_winter_015","1",7.48,"163","2012_Barishal"
"7721","1977","Medium","2012","4","Barishal","G_winter_015","2",7.48,"164","2012_Barishal"
"7722","1977","Medium","2012","4","Barishal","G_winter_015","3",6.83,"165","2012_Barishal"
"7723","1978","Medium","2012","4","Barishal","G_winter_016","1",6.12,"166","2012_Barishal"
"7724","1978","Medium","2012","4","Barishal","G_winter_016","2",7.48,"167","2012_Barishal"
"7725","1978","Medium","2012","4","Barishal","G_winter_016","3",6.83,"168","2012_Barishal"
"7726","1998","Medium","2012","4","Barishal","G_winter_017","1",6.72,"169","2012_Barishal"
"7727","1998","Medium","2012","4","Barishal","G_winter_017","2",7.48,"170","2012_Barishal"
"7728","1998","Medium","2012","4","Barishal","G_winter_017","3",7.48,"171","2012_Barishal"
"7729","2008","Medium","2012","4","Barishal","G_winter_018","1",6.72,"172","2012_Barishal"
"7730","2008","Medium","2012","4","Barishal","G_winter_018","2",7.48,"173","2012_Barishal"
"7731","2008","Medium","2012","4","Barishal","G_winter_018","3",7.48,"174","2012_Barishal"
"7732","1970","Medium","2012","4","Rajshahi","G_winter_013","1",6.13,"157","2012_Rajshahi"
"7733","1970","Medium","2012","4","Rajshahi","G_winter_013","2",6.77,"158","2012_Rajshahi"
"7734","1970","Medium","2012","4","Rajshahi","G_winter_013","3",6.83,"159","2012_Rajshahi"
"7735","1985","Medium","2012","4","Rajshahi","G_winter_014","1",6.56,"160","2012_Rajshahi"
"7736","1985","Medium","2012","4","Rajshahi","G_winter_014","2",6.67,"161","2012_Rajshahi"
"7737","1985","Medium","2012","4","Rajshahi","G_winter_014","3",3.97,"162","2012_Rajshahi"
"7738","1977","Medium","2012","4","Rajshahi","G_winter_015","1",6.69,"163","2012_Rajshahi"
"7739","1977","Medium","2012","4","Rajshahi","G_winter_015","2",7.65,"164","2012_Rajshahi"
"7740","1977","Medium","2012","4","Rajshahi","G_winter_015","3",6.4,"165","2012_Rajshahi"
"7741","1978","Medium","2012","4","Rajshahi","G_winter_016","1",6.39,"166","2012_Rajshahi"
"7742","1978","Medium","2012","4","Rajshahi","G_winter_016","2",7.24,"167","2012_Rajshahi"
"7743","1978","Medium","2012","4","Rajshahi","G_winter_016","3",7.36,"168","2012_Rajshahi"
"7744","1998","Medium","2012","4","Rajshahi","G_winter_017","1",6.09,"169","2012_Rajshahi"
"7745","1998","Medium","2012","4","Rajshahi","G_winter_017","2",6.51,"170","2012_Rajshahi"
"7746","1998","Medium","2012","4","Rajshahi","G_winter_017","3",6.87,"171","2012_Rajshahi"
"7747","2008","Medium","2012","4","Rajshahi","G_winter_018","1",5.04,"172","2012_Rajshahi"
"7748","2008","Medium","2012","4","Rajshahi","G_winter_018","2",4.7,"173","2012_Rajshahi"
"7749","2008","Medium","2012","4","Rajshahi","G_winter_018","3",5.25,"174","2012_Rajshahi"
"7750","1970","Medium","2013","1","Bhanga","G_winter_013","1",6.85,"175","2013_Bhanga"
"7751","1970","Medium","2013","1","Bhanga","G_winter_013","2",6.38,"176","2013_Bhanga"
"7752","1970","Medium","2013","1","Bhanga","G_winter_013","3",7.29,"177","2013_Bhanga"
"7753","1985","Medium","2013","1","Bhanga","G_winter_014","1",6.7,"178","2013_Bhanga"
"7754","1985","Medium","2013","1","Bhanga","G_winter_014","2",6.87,"179","2013_Bhanga"
"7755","1985","Medium","2013","1","Bhanga","G_winter_014","3",6.49,"180","2013_Bhanga"
"7756","1977","Medium","2013","1","Bhanga","G_winter_015","1",5.93,"181","2013_Bhanga"
"7757","1977","Medium","2013","1","Bhanga","G_winter_015","2",8.53,"182","2013_Bhanga"
"7758","1977","Medium","2013","1","Bhanga","G_winter_015","3",7,"183","2013_Bhanga"
"7759","1978","Medium","2013","1","Bhanga","G_winter_016","1",8.37,"184","2013_Bhanga"
"7760","1978","Medium","2013","1","Bhanga","G_winter_016","2",6.5,"185","2013_Bhanga"
"7761","1978","Medium","2013","1","Bhanga","G_winter_016","3",7.4,"186","2013_Bhanga"
"7762","1998","Medium","2013","1","Bhanga","G_winter_017","1",8.19,"187","2013_Bhanga"
"7763","1998","Medium","2013","1","Bhanga","G_winter_017","2",6.91,"188","2013_Bhanga"
"7764","1998","Medium","2013","1","Bhanga","G_winter_017","3",7.48,"189","2013_Bhanga"
"7765","2008","Medium","2013","1","Bhanga","G_winter_018","1",6.21,"190","2013_Bhanga"
"7766","2008","Medium","2013","1","Bhanga","G_winter_018","2",6.26,"191","2013_Bhanga"
"7767","2008","Medium","2013","1","Bhanga","G_winter_018","3",5.87,"192","2013_Bhanga"
"7768","2012","Medium","2013","1","Bhanga","G_winter_019","1",6.88,"193","2013_Bhanga"
"7769","2012","Medium","2013","1","Bhanga","G_winter_019","2",7.33,"194","2013_Bhanga"
"7770","2012","Medium","2013","1","Bhanga","G_winter_019","3",6.48,"195","2013_Bhanga"
"7771","1970","Medium","2013","1","Cumilla","G_winter_013","1",5.61,"175","2013_Cumilla"
"7772","1970","Medium","2013","1","Cumilla","G_winter_013","2",5.58,"176","2013_Cumilla"
"7773","1970","Medium","2013","1","Cumilla","G_winter_013","3",5.31,"177","2013_Cumilla"
"7774","1985","Medium","2013","1","Cumilla","G_winter_014","1",5.62,"178","2013_Cumilla"
"7775","1985","Medium","2013","1","Cumilla","G_winter_014","2",5.82,"179","2013_Cumilla"
"7776","1985","Medium","2013","1","Cumilla","G_winter_014","3",5.96,"180","2013_Cumilla"
"7777","1977","Medium","2013","1","Cumilla","G_winter_015","1",4.25,"181","2013_Cumilla"
"7778","1977","Medium","2013","1","Cumilla","G_winter_015","2",4.76,"182","2013_Cumilla"
"7779","1977","Medium","2013","1","Cumilla","G_winter_015","3",4.49,"183","2013_Cumilla"
"7780","1978","Medium","2013","1","Cumilla","G_winter_016","1",5.7,"184","2013_Cumilla"
"7781","1978","Medium","2013","1","Cumilla","G_winter_016","2",5.45,"185","2013_Cumilla"
"7782","1978","Medium","2013","1","Cumilla","G_winter_016","3",5.34,"186","2013_Cumilla"
"7783","1998","Medium","2013","1","Cumilla","G_winter_017","1",4.56,"187","2013_Cumilla"
"7784","1998","Medium","2013","1","Cumilla","G_winter_017","2",4.89,"188","2013_Cumilla"
"7785","1998","Medium","2013","1","Cumilla","G_winter_017","3",4.96,"189","2013_Cumilla"
"7786","2008","Medium","2013","1","Cumilla","G_winter_018","1",5.55,"190","2013_Cumilla"
"7787","2008","Medium","2013","1","Cumilla","G_winter_018","2",5.41,"191","2013_Cumilla"
"7788","2008","Medium","2013","1","Cumilla","G_winter_018","3",5.22,"192","2013_Cumilla"
"7789","2012","Medium","2013","1","Cumilla","G_winter_019","1",6.45,"193","2013_Cumilla"
"7790","2012","Medium","2013","1","Cumilla","G_winter_019","2",6.34,"194","2013_Cumilla"
"7791","2012","Medium","2013","1","Cumilla","G_winter_019","3",6.38,"195","2013_Cumilla"
"7792","1970","Medium","2013","1","Rangpur","G_winter_013","1",6.35,"175","2013_Rangpur"
"7793","1970","Medium","2013","1","Rangpur","G_winter_013","2",6.2,"176","2013_Rangpur"
"7794","1970","Medium","2013","1","Rangpur","G_winter_013","3",6.2,"177","2013_Rangpur"
"7795","1985","Medium","2013","1","Rangpur","G_winter_014","1",5.5,"178","2013_Rangpur"
"7796","1985","Medium","2013","1","Rangpur","G_winter_014","2",5.8,"179","2013_Rangpur"
"7797","1985","Medium","2013","1","Rangpur","G_winter_014","3",5.75,"180","2013_Rangpur"
"7798","1977","Medium","2013","1","Rangpur","G_winter_015","1",7.2,"181","2013_Rangpur"
"7799","1977","Medium","2013","1","Rangpur","G_winter_015","2",7.1,"182","2013_Rangpur"
"7800","1977","Medium","2013","1","Rangpur","G_winter_015","3",7.2,"183","2013_Rangpur"
"7801","1978","Medium","2013","1","Rangpur","G_winter_016","1",6.5,"184","2013_Rangpur"
"7802","1978","Medium","2013","1","Rangpur","G_winter_016","2",6.3,"185","2013_Rangpur"
"7803","1978","Medium","2013","1","Rangpur","G_winter_016","3",6.5,"186","2013_Rangpur"
"7804","1998","Medium","2013","1","Rangpur","G_winter_017","1",4.2,"187","2013_Rangpur"
"7805","1998","Medium","2013","1","Rangpur","G_winter_017","2",4.35,"188","2013_Rangpur"
"7806","1998","Medium","2013","1","Rangpur","G_winter_017","3",4.4,"189","2013_Rangpur"
"7807","2008","Medium","2013","1","Rangpur","G_winter_018","1",5.7,"190","2013_Rangpur"
"7808","2008","Medium","2013","1","Rangpur","G_winter_018","2",5.84,"191","2013_Rangpur"
"7809","2008","Medium","2013","1","Rangpur","G_winter_018","3",5.6,"192","2013_Rangpur"
"7810","2012","Medium","2013","1","Rangpur","G_winter_019","1",7.5,"193","2013_Rangpur"
"7811","2012","Medium","2013","1","Rangpur","G_winter_019","2",7.35,"194","2013_Rangpur"
"7812","2012","Medium","2013","1","Rangpur","G_winter_019","3",7.4,"195","2013_Rangpur"
"7813","1970","Medium","2013","2","Kushtia","G_winter_013","1",6.29,"175","2013_Kushtia"
"7814","1970","Medium","2013","2","Kushtia","G_winter_013","2",6.45,"176","2013_Kushtia"
"7815","1970","Medium","2013","2","Kushtia","G_winter_013","3",6.33,"177","2013_Kushtia"
"7816","1985","Medium","2013","2","Kushtia","G_winter_014","1",5.6,"178","2013_Kushtia"
"7817","1985","Medium","2013","2","Kushtia","G_winter_014","2",5.53,"179","2013_Kushtia"
"7818","1985","Medium","2013","2","Kushtia","G_winter_014","3",5.65,"180","2013_Kushtia"
"7819","1977","Medium","2013","2","Kushtia","G_winter_015","1",5.45,"181","2013_Kushtia"
"7820","1977","Medium","2013","2","Kushtia","G_winter_015","2",5.59,"182","2013_Kushtia"
"7821","1977","Medium","2013","2","Kushtia","G_winter_015","3",5.75,"183","2013_Kushtia"
"7822","1978","Medium","2013","2","Kushtia","G_winter_016","1",6.42,"184","2013_Kushtia"
"7823","1978","Medium","2013","2","Kushtia","G_winter_016","2",6.53,"185","2013_Kushtia"
"7824","1978","Medium","2013","2","Kushtia","G_winter_016","3",6.5,"186","2013_Kushtia"
"7825","1998","Medium","2013","2","Kushtia","G_winter_017","1",5.95,"187","2013_Kushtia"
"7826","1998","Medium","2013","2","Kushtia","G_winter_017","2",6.15,"188","2013_Kushtia"
"7827","1998","Medium","2013","2","Kushtia","G_winter_017","3",6.29,"189","2013_Kushtia"
"7828","2008","Medium","2013","2","Kushtia","G_winter_018","1",6.31,"190","2013_Kushtia"
"7829","2008","Medium","2013","2","Kushtia","G_winter_018","2",6.52,"191","2013_Kushtia"
"7830","2008","Medium","2013","2","Kushtia","G_winter_018","3",6.41,"192","2013_Kushtia"
"7831","2012","Medium","2013","2","Kushtia","G_winter_019","1",6.55,"193","2013_Kushtia"
"7832","2012","Medium","2013","2","Kushtia","G_winter_019","2",6.5,"194","2013_Kushtia"
"7833","2012","Medium","2013","2","Kushtia","G_winter_019","3",6.64,"195","2013_Kushtia"
"7834","1970","Medium","2013","2","Satkhira","G_winter_013","1",6.6,"175","2013_Satkhira"
"7835","1970","Medium","2013","2","Satkhira","G_winter_013","2",7,"176","2013_Satkhira"
"7836","1970","Medium","2013","2","Satkhira","G_winter_013","3",6.8,"177","2013_Satkhira"
"7837","1985","Medium","2013","2","Satkhira","G_winter_014","1",6.2,"178","2013_Satkhira"
"7838","1985","Medium","2013","2","Satkhira","G_winter_014","2",6.5,"179","2013_Satkhira"
"7839","1985","Medium","2013","2","Satkhira","G_winter_014","3",6.8,"180","2013_Satkhira"
"7840","1977","Medium","2013","2","Satkhira","G_winter_015","1",6.5,"181","2013_Satkhira"
"7841","1977","Medium","2013","2","Satkhira","G_winter_015","2",7,"182","2013_Satkhira"
"7842","1977","Medium","2013","2","Satkhira","G_winter_015","3",7.1,"183","2013_Satkhira"
"7843","1978","Medium","2013","2","Satkhira","G_winter_016","1",7,"184","2013_Satkhira"
"7844","1978","Medium","2013","2","Satkhira","G_winter_016","2",7.2,"185","2013_Satkhira"
"7845","1978","Medium","2013","2","Satkhira","G_winter_016","3",6.5,"186","2013_Satkhira"
"7846","1998","Medium","2013","2","Satkhira","G_winter_017","1",6.5,"187","2013_Satkhira"
"7847","1998","Medium","2013","2","Satkhira","G_winter_017","2",7,"188","2013_Satkhira"
"7848","1998","Medium","2013","2","Satkhira","G_winter_017","3",7.1,"189","2013_Satkhira"
"7849","2008","Medium","2013","2","Satkhira","G_winter_018","1",6.5,"190","2013_Satkhira"
"7850","2008","Medium","2013","2","Satkhira","G_winter_018","2",7,"191","2013_Satkhira"
"7851","2008","Medium","2013","2","Satkhira","G_winter_018","3",7,"192","2013_Satkhira"
"7852","2012","Medium","2013","2","Satkhira","G_winter_019","1",5.8,"193","2013_Satkhira"
"7853","2012","Medium","2013","2","Satkhira","G_winter_019","2",6.3,"194","2013_Satkhira"
"7854","2012","Medium","2013","2","Satkhira","G_winter_019","3",6.5,"195","2013_Satkhira"
"7855","1970","Medium","2013","3","Gazipur","G_winter_013","1",7.11,"175","2013_Gazipur"
"7856","1970","Medium","2013","3","Gazipur","G_winter_013","2",6.35,"176","2013_Gazipur"
"7857","1970","Medium","2013","3","Gazipur","G_winter_013","3",5.63,"177","2013_Gazipur"
"7858","1985","Medium","2013","3","Gazipur","G_winter_014","1",3.89,"178","2013_Gazipur"
"7859","1985","Medium","2013","3","Gazipur","G_winter_014","2",3.53,"179","2013_Gazipur"
"7860","1985","Medium","2013","3","Gazipur","G_winter_014","3",4.21,"180","2013_Gazipur"
"7861","1977","Medium","2013","3","Gazipur","G_winter_015","1",4.5,"181","2013_Gazipur"
"7862","1977","Medium","2013","3","Gazipur","G_winter_015","2",4.25,"182","2013_Gazipur"
"7863","1977","Medium","2013","3","Gazipur","G_winter_015","3",4.21,"183","2013_Gazipur"
"7864","1978","Medium","2013","3","Gazipur","G_winter_016","1",5.94,"184","2013_Gazipur"
"7865","1978","Medium","2013","3","Gazipur","G_winter_016","2",5.67,"185","2013_Gazipur"
"7866","1978","Medium","2013","3","Gazipur","G_winter_016","3",6.27,"186","2013_Gazipur"
"7867","1998","Medium","2013","3","Gazipur","G_winter_017","1",4.18,"187","2013_Gazipur"
"7868","1998","Medium","2013","3","Gazipur","G_winter_017","2",5.63,"188","2013_Gazipur"
"7869","1998","Medium","2013","3","Gazipur","G_winter_017","3",4.84,"189","2013_Gazipur"
"7870","2008","Medium","2013","3","Gazipur","G_winter_018","1",5.95,"190","2013_Gazipur"
"7871","2008","Medium","2013","3","Gazipur","G_winter_018","2",6.48,"191","2013_Gazipur"
"7872","2008","Medium","2013","3","Gazipur","G_winter_018","3",7,"192","2013_Gazipur"
"7873","2012","Medium","2013","3","Gazipur","G_winter_019","1",8.44,"193","2013_Gazipur"
"7874","2012","Medium","2013","3","Gazipur","G_winter_019","2",8.49,"194","2013_Gazipur"
"7875","2012","Medium","2013","3","Gazipur","G_winter_019","3",7.22,"195","2013_Gazipur"
"7876","1970","Medium","2013","3","Habiganj","G_winter_013","1",6.1,"175","2013_Habiganj"
"7877","1970","Medium","2013","3","Habiganj","G_winter_013","2",5.9,"176","2013_Habiganj"
"7878","1970","Medium","2013","3","Habiganj","G_winter_013","3",5.6,"177","2013_Habiganj"
"7879","1985","Medium","2013","3","Habiganj","G_winter_014","1",5.21,"178","2013_Habiganj"
"7880","1985","Medium","2013","3","Habiganj","G_winter_014","2",5.08,"179","2013_Habiganj"
"7881","1985","Medium","2013","3","Habiganj","G_winter_014","3",5.13,"180","2013_Habiganj"
"7882","1977","Medium","2013","3","Habiganj","G_winter_015","1",4.8,"181","2013_Habiganj"
"7883","1977","Medium","2013","3","Habiganj","G_winter_015","2",4.6,"182","2013_Habiganj"
"7884","1977","Medium","2013","3","Habiganj","G_winter_015","3",4.6,"183","2013_Habiganj"
"7885","1978","Medium","2013","3","Habiganj","G_winter_016","1",5.76,"184","2013_Habiganj"
"7886","1978","Medium","2013","3","Habiganj","G_winter_016","2",5.45,"185","2013_Habiganj"
"7887","1978","Medium","2013","3","Habiganj","G_winter_016","3",5.54,"186","2013_Habiganj"
"7888","1998","Medium","2013","3","Habiganj","G_winter_017","1",5.28,"187","2013_Habiganj"
"7889","1998","Medium","2013","3","Habiganj","G_winter_017","2",5.55,"188","2013_Habiganj"
"7890","1998","Medium","2013","3","Habiganj","G_winter_017","3",5.31,"189","2013_Habiganj"
"7891","2008","Medium","2013","3","Habiganj","G_winter_018","1",5.27,"190","2013_Habiganj"
"7892","2008","Medium","2013","3","Habiganj","G_winter_018","2",5.24,"191","2013_Habiganj"
"7893","2008","Medium","2013","3","Habiganj","G_winter_018","3",5.38,"192","2013_Habiganj"
"7894","2012","Medium","2013","3","Habiganj","G_winter_019","1",6.69,"193","2013_Habiganj"
"7895","2012","Medium","2013","3","Habiganj","G_winter_019","2",6.93,"194","2013_Habiganj"
"7896","2012","Medium","2013","3","Habiganj","G_winter_019","3",6.8,"195","2013_Habiganj"
"7897","1970","Medium","2013","4","Barishal","G_winter_013","1",5.57,"175","2013_Barishal"
"7898","1970","Medium","2013","4","Barishal","G_winter_013","2",4.83,"176","2013_Barishal"
"7899","1970","Medium","2013","4","Barishal","G_winter_013","3",5.47,"177","2013_Barishal"
"7900","1985","Medium","2013","4","Barishal","G_winter_014","1",4.1,"178","2013_Barishal"
"7901","1985","Medium","2013","4","Barishal","G_winter_014","2",3.74,"179","2013_Barishal"
"7902","1985","Medium","2013","4","Barishal","G_winter_014","3",4.8,"180","2013_Barishal"
"7903","1977","Medium","2013","4","Barishal","G_winter_015","1",3.88,"181","2013_Barishal"
"7904","1977","Medium","2013","4","Barishal","G_winter_015","2",3.93,"182","2013_Barishal"
"7905","1977","Medium","2013","4","Barishal","G_winter_015","3",4.51,"183","2013_Barishal"
"7906","1978","Medium","2013","4","Barishal","G_winter_016","1",4.74,"184","2013_Barishal"
"7907","1978","Medium","2013","4","Barishal","G_winter_016","2",4.51,"185","2013_Barishal"
"7908","1978","Medium","2013","4","Barishal","G_winter_016","3",5.67,"186","2013_Barishal"
"7909","1998","Medium","2013","4","Barishal","G_winter_017","1",4.4,"187","2013_Barishal"
"7910","1998","Medium","2013","4","Barishal","G_winter_017","2",4.85,"188","2013_Barishal"
"7911","1998","Medium","2013","4","Barishal","G_winter_017","3",4.72,"189","2013_Barishal"
"7912","2008","Medium","2013","4","Barishal","G_winter_018","1",4.75,"190","2013_Barishal"
"7913","2008","Medium","2013","4","Barishal","G_winter_018","2",4.56,"191","2013_Barishal"
"7914","2008","Medium","2013","4","Barishal","G_winter_018","3",4.73,"192","2013_Barishal"
"7915","2012","Medium","2013","4","Barishal","G_winter_019","1",6.76,"193","2013_Barishal"
"7916","2012","Medium","2013","4","Barishal","G_winter_019","2",6.73,"194","2013_Barishal"
"7917","2012","Medium","2013","4","Barishal","G_winter_019","3",6.35,"195","2013_Barishal"
"7918","1970","Medium","2013","4","Rajshahi","G_winter_013","1",5.16,"175","2013_Rajshahi"
"7919","1970","Medium","2013","4","Rajshahi","G_winter_013","2",5.26,"176","2013_Rajshahi"
"7920","1970","Medium","2013","4","Rajshahi","G_winter_013","3",4.3,"177","2013_Rajshahi"
"7921","1985","Medium","2013","4","Rajshahi","G_winter_014","1",5.45,"178","2013_Rajshahi"
"7922","1985","Medium","2013","4","Rajshahi","G_winter_014","2",5.23,"179","2013_Rajshahi"
"7923","1985","Medium","2013","4","Rajshahi","G_winter_014","3",5.1,"180","2013_Rajshahi"
"7924","1977","Medium","2013","4","Rajshahi","G_winter_015","1",5.58,"181","2013_Rajshahi"
"7925","1977","Medium","2013","4","Rajshahi","G_winter_015","2",6.4,"182","2013_Rajshahi"
"7926","1977","Medium","2013","4","Rajshahi","G_winter_015","3",5.4,"183","2013_Rajshahi"
"7927","1978","Medium","2013","4","Rajshahi","G_winter_016","1",5.38,"184","2013_Rajshahi"
"7928","1978","Medium","2013","4","Rajshahi","G_winter_016","2",6.24,"185","2013_Rajshahi"
"7929","1978","Medium","2013","4","Rajshahi","G_winter_016","3",6.38,"186","2013_Rajshahi"
"7930","1998","Medium","2013","4","Rajshahi","G_winter_017","1",5.01,"187","2013_Rajshahi"
"7931","1998","Medium","2013","4","Rajshahi","G_winter_017","2",4.98,"188","2013_Rajshahi"
"7932","1998","Medium","2013","4","Rajshahi","G_winter_017","3",5.21,"189","2013_Rajshahi"
"7933","2008","Medium","2013","4","Rajshahi","G_winter_018","1",4.41,"190","2013_Rajshahi"
"7934","2008","Medium","2013","4","Rajshahi","G_winter_018","2",3.78,"191","2013_Rajshahi"
"7935","2008","Medium","2013","4","Rajshahi","G_winter_018","3",4.32,"192","2013_Rajshahi"
"7936","2012","Medium","2013","4","Rajshahi","G_winter_019","1",5.2,"193","2013_Rajshahi"
"7937","2012","Medium","2013","4","Rajshahi","G_winter_019","2",5.1,"194","2013_Rajshahi"
"7938","2012","Medium","2013","4","Rajshahi","G_winter_019","3",6.2,"195","2013_Rajshahi"
"7939","1970","Medium","2014","1","Bhanga","G_winter_013","1",5.8,"196","2014_Bhanga"
"7940","1970","Medium","2014","1","Bhanga","G_winter_013","2",5.7,"197","2014_Bhanga"
"7941","1970","Medium","2014","1","Bhanga","G_winter_013","3",5.8,"198","2014_Bhanga"
"7942","1985","Medium","2014","1","Bhanga","G_winter_014","1",6.8,"199","2014_Bhanga"
"7943","1985","Medium","2014","1","Bhanga","G_winter_014","2",6.7,"200","2014_Bhanga"
"7944","1985","Medium","2014","1","Bhanga","G_winter_014","3",6.5,"201","2014_Bhanga"
"7945","1977","Medium","2014","1","Bhanga","G_winter_015","1",4.9,"202","2014_Bhanga"
"7946","1977","Medium","2014","1","Bhanga","G_winter_015","2",4.7,"203","2014_Bhanga"
"7947","1977","Medium","2014","1","Bhanga","G_winter_015","3",4.8,"204","2014_Bhanga"
"7948","1978","Medium","2014","1","Bhanga","G_winter_016","1",6.5,"205","2014_Bhanga"
"7949","1978","Medium","2014","1","Bhanga","G_winter_016","2",6.7,"206","2014_Bhanga"
"7950","1978","Medium","2014","1","Bhanga","G_winter_016","3",6.5,"207","2014_Bhanga"
"7951","1998","Medium","2014","1","Bhanga","G_winter_017","1",5.7,"208","2014_Bhanga"
"7952","1998","Medium","2014","1","Bhanga","G_winter_017","2",5.9,"209","2014_Bhanga"
"7953","1998","Medium","2014","1","Bhanga","G_winter_017","3",5.8,"210","2014_Bhanga"
"7954","2008","Medium","2014","1","Bhanga","G_winter_018","1",6.8,"211","2014_Bhanga"
"7955","2008","Medium","2014","1","Bhanga","G_winter_018","2",6.9,"212","2014_Bhanga"
"7956","2008","Medium","2014","1","Bhanga","G_winter_018","3",6.8,"213","2014_Bhanga"
"7957","2012","Medium","2014","1","Bhanga","G_winter_019","1",8,"214","2014_Bhanga"
"7958","2012","Medium","2014","1","Bhanga","G_winter_019","2",8.1,"215","2014_Bhanga"
"7959","2012","Medium","2014","1","Bhanga","G_winter_019","3",7.8,"216","2014_Bhanga"
"7960","2013","Medium","2014","1","Bhanga","G_winter_020","1",8,"217","2014_Bhanga"
"7961","2013","Medium","2014","1","Bhanga","G_winter_020","2",6.93,"218","2014_Bhanga"
"7962","2013","Medium","2014","1","Bhanga","G_winter_020","3",7.8,"219","2014_Bhanga"
"7963","2013","Medium","2014","1","Bhanga","G_winter_021","1",7.1,"220","2014_Bhanga"
"7964","2013","Medium","2014","1","Bhanga","G_winter_021","2",7.3,"221","2014_Bhanga"
"7965","2013","Medium","2014","1","Bhanga","G_winter_021","3",6.9,"222","2014_Bhanga"
"7966","1970","Medium","2014","1","Cumilla","G_winter_013","1",5.12,"196","2014_Cumilla"
"7967","1970","Medium","2014","1","Cumilla","G_winter_013","2",5.25,"197","2014_Cumilla"
"7968","1970","Medium","2014","1","Cumilla","G_winter_013","3",5.17,"198","2014_Cumilla"
"7969","1985","Medium","2014","1","Cumilla","G_winter_014","1",5.77,"199","2014_Cumilla"
"7970","1985","Medium","2014","1","Cumilla","G_winter_014","2",5.49,"200","2014_Cumilla"
"7971","1985","Medium","2014","1","Cumilla","G_winter_014","3",5.9,"201","2014_Cumilla"
"7972","1977","Medium","2014","1","Cumilla","G_winter_015","1",3.98,"202","2014_Cumilla"
"7973","1977","Medium","2014","1","Cumilla","G_winter_015","2",4.12,"203","2014_Cumilla"
"7974","1977","Medium","2014","1","Cumilla","G_winter_015","3",3.75,"204","2014_Cumilla"
"7975","1978","Medium","2014","1","Cumilla","G_winter_016","1",5.6,"205","2014_Cumilla"
"7976","1978","Medium","2014","1","Cumilla","G_winter_016","2",5.39,"206","2014_Cumilla"
"7977","1978","Medium","2014","1","Cumilla","G_winter_016","3",5.53,"207","2014_Cumilla"
"7978","1998","Medium","2014","1","Cumilla","G_winter_017","1",4.35,"208","2014_Cumilla"
"7979","1998","Medium","2014","1","Cumilla","G_winter_017","2",4.16,"209","2014_Cumilla"
"7980","1998","Medium","2014","1","Cumilla","G_winter_017","3",4.28,"210","2014_Cumilla"
"7981","2008","Medium","2014","1","Cumilla","G_winter_018","1",5.37,"211","2014_Cumilla"
"7982","2008","Medium","2014","1","Cumilla","G_winter_018","2",5.29,"212","2014_Cumilla"
"7983","2008","Medium","2014","1","Cumilla","G_winter_018","3",5.18,"213","2014_Cumilla"
"7984","2012","Medium","2014","1","Cumilla","G_winter_019","1",6.84,"214","2014_Cumilla"
"7985","2012","Medium","2014","1","Cumilla","G_winter_019","2",6.53,"215","2014_Cumilla"
"7986","2012","Medium","2014","1","Cumilla","G_winter_019","3",6.94,"216","2014_Cumilla"
"7987","2013","Medium","2014","1","Cumilla","G_winter_020","1",6.64,"217","2014_Cumilla"
"7988","2013","Medium","2014","1","Cumilla","G_winter_020","2",6.59,"218","2014_Cumilla"
"7989","2013","Medium","2014","1","Cumilla","G_winter_020","3",6.44,"219","2014_Cumilla"
"7990","2013","Medium","2014","1","Cumilla","G_winter_021","1",6.12,"220","2014_Cumilla"
"7991","2013","Medium","2014","1","Cumilla","G_winter_021","2",5.86,"221","2014_Cumilla"
"7992","2013","Medium","2014","1","Cumilla","G_winter_021","3",5.94,"222","2014_Cumilla"
"7993","1970","Medium","2014","1","Rangpur","G_winter_013","1",5.7,"196","2014_Rangpur"
"7994","1970","Medium","2014","1","Rangpur","G_winter_013","2",5.6,"197","2014_Rangpur"
"7995","1970","Medium","2014","1","Rangpur","G_winter_013","3",5.7,"198","2014_Rangpur"
"7996","1985","Medium","2014","1","Rangpur","G_winter_014","1",5,"199","2014_Rangpur"
"7997","1985","Medium","2014","1","Rangpur","G_winter_014","2",5.1,"200","2014_Rangpur"
"7998","1985","Medium","2014","1","Rangpur","G_winter_014","3",4.7,"201","2014_Rangpur"
"7999","1977","Medium","2014","1","Rangpur","G_winter_015","1",5.4,"202","2014_Rangpur"
"8000","1977","Medium","2014","1","Rangpur","G_winter_015","2",6.8,"203","2014_Rangpur"
"8001","1977","Medium","2014","1","Rangpur","G_winter_015","3",7.2,"204","2014_Rangpur"
"8002","1978","Medium","2014","1","Rangpur","G_winter_016","1",6.7,"205","2014_Rangpur"
"8003","1978","Medium","2014","1","Rangpur","G_winter_016","2",7.3,"206","2014_Rangpur"
"8004","1978","Medium","2014","1","Rangpur","G_winter_016","3",7.4,"207","2014_Rangpur"
"8005","1998","Medium","2014","1","Rangpur","G_winter_017","1",5,"208","2014_Rangpur"
"8006","1998","Medium","2014","1","Rangpur","G_winter_017","2",5.1,"209","2014_Rangpur"
"8007","1998","Medium","2014","1","Rangpur","G_winter_017","3",6.2,"210","2014_Rangpur"
"8008","2008","Medium","2014","1","Rangpur","G_winter_018","1",4.5,"211","2014_Rangpur"
"8009","2008","Medium","2014","1","Rangpur","G_winter_018","2",4.1,"212","2014_Rangpur"
"8010","2008","Medium","2014","1","Rangpur","G_winter_018","3",5.8,"213","2014_Rangpur"
"8011","2012","Medium","2014","1","Rangpur","G_winter_019","1",5.6,"214","2014_Rangpur"
"8012","2012","Medium","2014","1","Rangpur","G_winter_019","2",6.4,"215","2014_Rangpur"
"8013","2012","Medium","2014","1","Rangpur","G_winter_019","3",6.5,"216","2014_Rangpur"
"8014","2013","Medium","2014","1","Rangpur","G_winter_020","1",6,"217","2014_Rangpur"
"8015","2013","Medium","2014","1","Rangpur","G_winter_020","2",7.2,"218","2014_Rangpur"
"8016","2013","Medium","2014","1","Rangpur","G_winter_020","3",5.9,"219","2014_Rangpur"
"8017","2013","Medium","2014","1","Rangpur","G_winter_021","1",5.8,"220","2014_Rangpur"
"8018","2013","Medium","2014","1","Rangpur","G_winter_021","2",5.2,"221","2014_Rangpur"
"8019","2013","Medium","2014","1","Rangpur","G_winter_021","3",6.3,"222","2014_Rangpur"
"8020","1970","Medium","2014","2","Kushtia","G_winter_013","1",5.62,"196","2014_Kushtia"
"8021","1970","Medium","2014","2","Kushtia","G_winter_013","2",6.33,"197","2014_Kushtia"
"8022","1970","Medium","2014","2","Kushtia","G_winter_013","3",6.01,"198","2014_Kushtia"
"8023","1985","Medium","2014","2","Kushtia","G_winter_014","1",5.35,"199","2014_Kushtia"
"8024","1985","Medium","2014","2","Kushtia","G_winter_014","2",5.28,"200","2014_Kushtia"
"8025","1985","Medium","2014","2","Kushtia","G_winter_014","3",5.11,"201","2014_Kushtia"
"8026","1977","Medium","2014","2","Kushtia","G_winter_015","1",5.9,"202","2014_Kushtia"
"8027","1977","Medium","2014","2","Kushtia","G_winter_015","2",6.09,"203","2014_Kushtia"
"8028","1977","Medium","2014","2","Kushtia","G_winter_015","3",5.87,"204","2014_Kushtia"
"8029","1978","Medium","2014","2","Kushtia","G_winter_016","1",7.07,"205","2014_Kushtia"
"8030","1978","Medium","2014","2","Kushtia","G_winter_016","2",3.27,"206","2014_Kushtia"
"8031","1978","Medium","2014","2","Kushtia","G_winter_016","3",3.25,"207","2014_Kushtia"
"8032","1998","Medium","2014","2","Kushtia","G_winter_017","1",6.17,"208","2014_Kushtia"
"8033","1998","Medium","2014","2","Kushtia","G_winter_017","2",6.27,"209","2014_Kushtia"
"8034","1998","Medium","2014","2","Kushtia","G_winter_017","3",3.15,"210","2014_Kushtia"
"8035","2008","Medium","2014","2","Kushtia","G_winter_018","1",6.33,"211","2014_Kushtia"
"8036","2008","Medium","2014","2","Kushtia","G_winter_018","2",6.4,"212","2014_Kushtia"
"8037","2008","Medium","2014","2","Kushtia","G_winter_018","3",6.35,"213","2014_Kushtia"
"8038","2012","Medium","2014","2","Kushtia","G_winter_019","1",6.8,"214","2014_Kushtia"
"8039","2012","Medium","2014","2","Kushtia","G_winter_019","2",6.96,"215","2014_Kushtia"
"8040","2012","Medium","2014","2","Kushtia","G_winter_019","3",6.29,"216","2014_Kushtia"
"8041","2013","Medium","2014","2","Kushtia","G_winter_020","1",7.09,"217","2014_Kushtia"
"8042","2013","Medium","2014","2","Kushtia","G_winter_020","2",6.87,"218","2014_Kushtia"
"8043","2013","Medium","2014","2","Kushtia","G_winter_020","3",6.52,"219","2014_Kushtia"
"8044","2013","Medium","2014","2","Kushtia","G_winter_021","1",6.3,"220","2014_Kushtia"
"8045","2013","Medium","2014","2","Kushtia","G_winter_021","2",7.15,"221","2014_Kushtia"
"8046","2013","Medium","2014","2","Kushtia","G_winter_021","3",6.93,"222","2014_Kushtia"
"8047","1970","Medium","2014","2","Satkhira","G_winter_013","1",5.79,"196","2014_Satkhira"
"8048","1970","Medium","2014","2","Satkhira","G_winter_013","2",6.31,"197","2014_Satkhira"
"8049","1970","Medium","2014","2","Satkhira","G_winter_013","3",5.98,"198","2014_Satkhira"
"8050","1985","Medium","2014","2","Satkhira","G_winter_014","1",5.92,"199","2014_Satkhira"
"8051","1985","Medium","2014","2","Satkhira","G_winter_014","2",5.93,"200","2014_Satkhira"
"8052","1985","Medium","2014","2","Satkhira","G_winter_014","3",5.78,"201","2014_Satkhira"
"8053","1977","Medium","2014","2","Satkhira","G_winter_015","1",5.18,"202","2014_Satkhira"
"8054","1977","Medium","2014","2","Satkhira","G_winter_015","2",5.2,"203","2014_Satkhira"
"8055","1977","Medium","2014","2","Satkhira","G_winter_015","3",5.17,"204","2014_Satkhira"
"8056","1978","Medium","2014","2","Satkhira","G_winter_016","1",5.98,"205","2014_Satkhira"
"8057","1978","Medium","2014","2","Satkhira","G_winter_016","2",5.52,"206","2014_Satkhira"
"8058","1978","Medium","2014","2","Satkhira","G_winter_016","3",5.93,"207","2014_Satkhira"
"8059","1998","Medium","2014","2","Satkhira","G_winter_017","1",5.47,"208","2014_Satkhira"
"8060","1998","Medium","2014","2","Satkhira","G_winter_017","2",5.58,"209","2014_Satkhira"
"8061","1998","Medium","2014","2","Satkhira","G_winter_017","3",5.91,"210","2014_Satkhira"
"8062","2008","Medium","2014","2","Satkhira","G_winter_018","1",6.52,"211","2014_Satkhira"
"8063","2008","Medium","2014","2","Satkhira","G_winter_018","2",6,"212","2014_Satkhira"
"8064","2008","Medium","2014","2","Satkhira","G_winter_018","3",6.08,"213","2014_Satkhira"
"8065","2012","Medium","2014","2","Satkhira","G_winter_019","1",7.14,"214","2014_Satkhira"
"8066","2012","Medium","2014","2","Satkhira","G_winter_019","2",6.83,"215","2014_Satkhira"
"8067","2012","Medium","2014","2","Satkhira","G_winter_019","3",7.37,"216","2014_Satkhira"
"8068","2013","Medium","2014","2","Satkhira","G_winter_020","1",7.2,"217","2014_Satkhira"
"8069","2013","Medium","2014","2","Satkhira","G_winter_020","2",6.62,"218","2014_Satkhira"
"8070","2013","Medium","2014","2","Satkhira","G_winter_020","3",6.82,"219","2014_Satkhira"
"8071","2013","Medium","2014","2","Satkhira","G_winter_021","1",7.04,"220","2014_Satkhira"
"8072","2013","Medium","2014","2","Satkhira","G_winter_021","2",6.94,"221","2014_Satkhira"
"8073","2013","Medium","2014","2","Satkhira","G_winter_021","3",6.58,"222","2014_Satkhira"
"8074","1970","Medium","2014","3","Gazipur","G_winter_013","1",7.02,"196","2014_Gazipur"
"8075","1970","Medium","2014","3","Gazipur","G_winter_013","2",6.8,"197","2014_Gazipur"
"8076","1970","Medium","2014","3","Gazipur","G_winter_013","3",6.3,"198","2014_Gazipur"
"8077","1985","Medium","2014","3","Gazipur","G_winter_014","1",5.5,"199","2014_Gazipur"
"8078","1985","Medium","2014","3","Gazipur","G_winter_014","2",7.2,"200","2014_Gazipur"
"8079","1985","Medium","2014","3","Gazipur","G_winter_014","3",6.15,"201","2014_Gazipur"
"8080","1977","Medium","2014","3","Gazipur","G_winter_015","1",6.5,"202","2014_Gazipur"
"8081","1977","Medium","2014","3","Gazipur","G_winter_015","2",7,"203","2014_Gazipur"
"8082","1977","Medium","2014","3","Gazipur","G_winter_015","3",6.4,"204","2014_Gazipur"
"8083","1978","Medium","2014","3","Gazipur","G_winter_016","1",6,"205","2014_Gazipur"
"8084","1978","Medium","2014","3","Gazipur","G_winter_016","2",5,"206","2014_Gazipur"
"8085","1978","Medium","2014","3","Gazipur","G_winter_016","3",4.9,"207","2014_Gazipur"
"8086","1998","Medium","2014","3","Gazipur","G_winter_017","1",6.8,"208","2014_Gazipur"
"8087","1998","Medium","2014","3","Gazipur","G_winter_017","2",6.6,"209","2014_Gazipur"
"8088","1998","Medium","2014","3","Gazipur","G_winter_017","3",6.4,"210","2014_Gazipur"
"8089","2008","Medium","2014","3","Gazipur","G_winter_018","1",5.9,"211","2014_Gazipur"
"8090","2008","Medium","2014","3","Gazipur","G_winter_018","2",5.6,"212","2014_Gazipur"
"8091","2008","Medium","2014","3","Gazipur","G_winter_018","3",6.9,"213","2014_Gazipur"
"8092","2012","Medium","2014","3","Gazipur","G_winter_019","1",7.5,"214","2014_Gazipur"
"8093","2012","Medium","2014","3","Gazipur","G_winter_019","2",6.8,"215","2014_Gazipur"
"8094","2012","Medium","2014","3","Gazipur","G_winter_019","3",7,"216","2014_Gazipur"
"8095","2013","Medium","2014","3","Gazipur","G_winter_020","1",5.8,"217","2014_Gazipur"
"8096","2013","Medium","2014","3","Gazipur","G_winter_020","2",6,"218","2014_Gazipur"
"8097","2013","Medium","2014","3","Gazipur","G_winter_020","3",6.2,"219","2014_Gazipur"
"8098","2013","Medium","2014","3","Gazipur","G_winter_021","1",6,"220","2014_Gazipur"
"8099","2013","Medium","2014","3","Gazipur","G_winter_021","2",6,"221","2014_Gazipur"
"8100","2013","Medium","2014","3","Gazipur","G_winter_021","3",6.7,"222","2014_Gazipur"
"8101","1970","Medium","2014","3","Habiganj","G_winter_013","1",5.51,"196","2014_Habiganj"
"8102","1970","Medium","2014","3","Habiganj","G_winter_013","2",5.8,"197","2014_Habiganj"
"8103","1970","Medium","2014","3","Habiganj","G_winter_013","3",6.08,"198","2014_Habiganj"
"8104","1985","Medium","2014","3","Habiganj","G_winter_014","1",5.72,"199","2014_Habiganj"
"8105","1985","Medium","2014","3","Habiganj","G_winter_014","2",5.85,"200","2014_Habiganj"
"8106","1985","Medium","2014","3","Habiganj","G_winter_014","3",5.95,"201","2014_Habiganj"
"8107","1977","Medium","2014","3","Habiganj","G_winter_015","1",4.85,"202","2014_Habiganj"
"8108","1977","Medium","2014","3","Habiganj","G_winter_015","2",4.76,"203","2014_Habiganj"
"8109","1977","Medium","2014","3","Habiganj","G_winter_015","3",4.91,"204","2014_Habiganj"
"8110","1978","Medium","2014","3","Habiganj","G_winter_016","1",5.81,"205","2014_Habiganj"
"8111","1978","Medium","2014","3","Habiganj","G_winter_016","2",5.49,"206","2014_Habiganj"
"8112","1978","Medium","2014","3","Habiganj","G_winter_016","3",5.98,"207","2014_Habiganj"
"8113","1998","Medium","2014","3","Habiganj","G_winter_017","1",5.05,"208","2014_Habiganj"
"8114","1998","Medium","2014","3","Habiganj","G_winter_017","2",5.29,"209","2014_Habiganj"
"8115","1998","Medium","2014","3","Habiganj","G_winter_017","3",5.21,"210","2014_Habiganj"
"8116","2008","Medium","2014","3","Habiganj","G_winter_018","1",6.13,"211","2014_Habiganj"
"8117","2008","Medium","2014","3","Habiganj","G_winter_018","2",6.28,"212","2014_Habiganj"
"8118","2008","Medium","2014","3","Habiganj","G_winter_018","3",6.05,"213","2014_Habiganj"
"8119","2012","Medium","2014","3","Habiganj","G_winter_019","1",6.84,"214","2014_Habiganj"
"8120","2012","Medium","2014","3","Habiganj","G_winter_019","2",7.04,"215","2014_Habiganj"
"8121","2012","Medium","2014","3","Habiganj","G_winter_019","3",7.15,"216","2014_Habiganj"
"8122","2013","Medium","2014","3","Habiganj","G_winter_020","1",6.88,"217","2014_Habiganj"
"8123","2013","Medium","2014","3","Habiganj","G_winter_020","2",6.59,"218","2014_Habiganj"
"8124","2013","Medium","2014","3","Habiganj","G_winter_020","3",6.95,"219","2014_Habiganj"
"8125","2013","Medium","2014","3","Habiganj","G_winter_021","1",6.8,"220","2014_Habiganj"
"8126","2013","Medium","2014","3","Habiganj","G_winter_021","2",6.71,"221","2014_Habiganj"
"8127","2013","Medium","2014","3","Habiganj","G_winter_021","3",6.92,"222","2014_Habiganj"
"8128","1970","Medium","2014","4","Barishal","G_winter_013","1",4.78,"196","2014_Barishal"
"8129","1970","Medium","2014","4","Barishal","G_winter_013","2",4.55,"197","2014_Barishal"
"8130","1970","Medium","2014","4","Barishal","G_winter_013","3",4.61,"198","2014_Barishal"
"8131","1985","Medium","2014","4","Barishal","G_winter_014","1",4.67,"199","2014_Barishal"
"8132","1985","Medium","2014","4","Barishal","G_winter_014","2",4.45,"200","2014_Barishal"
"8133","1985","Medium","2014","4","Barishal","G_winter_014","3",4.32,"201","2014_Barishal"
"8134","1977","Medium","2014","4","Barishal","G_winter_015","1",4.42,"202","2014_Barishal"
"8135","1977","Medium","2014","4","Barishal","G_winter_015","2",4.67,"203","2014_Barishal"
"8136","1977","Medium","2014","4","Barishal","G_winter_015","3",4.35,"204","2014_Barishal"
"8137","1978","Medium","2014","4","Barishal","G_winter_016","1",4.52,"205","2014_Barishal"
"8138","1978","Medium","2014","4","Barishal","G_winter_016","2",4.68,"206","2014_Barishal"
"8139","1978","Medium","2014","4","Barishal","G_winter_016","3",4.87,"207","2014_Barishal"
"8140","1998","Medium","2014","4","Barishal","G_winter_017","1",4.12,"208","2014_Barishal"
"8141","1998","Medium","2014","4","Barishal","G_winter_017","2",4.06,"209","2014_Barishal"
"8142","1998","Medium","2014","4","Barishal","G_winter_017","3",3.85,"210","2014_Barishal"
"8143","2008","Medium","2014","4","Barishal","G_winter_018","1",4.48,"211","2014_Barishal"
"8144","2008","Medium","2014","4","Barishal","G_winter_018","2",4.61,"212","2014_Barishal"
"8145","2008","Medium","2014","4","Barishal","G_winter_018","3",4.33,"213","2014_Barishal"
"8146","2012","Medium","2014","4","Barishal","G_winter_019","1",4.71,"214","2014_Barishal"
"8147","2012","Medium","2014","4","Barishal","G_winter_019","2",4.82,"215","2014_Barishal"
"8148","2012","Medium","2014","4","Barishal","G_winter_019","3",4.43,"216","2014_Barishal"
"8149","2013","Medium","2014","4","Barishal","G_winter_020","1",5.2,"217","2014_Barishal"
"8150","2013","Medium","2014","4","Barishal","G_winter_020","2",5.14,"218","2014_Barishal"
"8151","2013","Medium","2014","4","Barishal","G_winter_020","3",5.44,"219","2014_Barishal"
"8152","2013","Medium","2014","4","Barishal","G_winter_021","1",4.76,"220","2014_Barishal"
"8153","2013","Medium","2014","4","Barishal","G_winter_021","2",4.87,"221","2014_Barishal"
"8154","2013","Medium","2014","4","Barishal","G_winter_021","3",4.41,"222","2014_Barishal"
"8155","1970","Medium","2014","4","Rajshahi","G_winter_013","1",5.23,"196","2014_Rajshahi"
"8156","1970","Medium","2014","4","Rajshahi","G_winter_013","2",5.24,"197","2014_Rajshahi"
"8157","1970","Medium","2014","4","Rajshahi","G_winter_013","3",4.74,"198","2014_Rajshahi"
"8158","1985","Medium","2014","4","Rajshahi","G_winter_014","1",5.96,"199","2014_Rajshahi"
"8159","1985","Medium","2014","4","Rajshahi","G_winter_014","2",2.7,"200","2014_Rajshahi"
"8160","1985","Medium","2014","4","Rajshahi","G_winter_014","3",4.7,"201","2014_Rajshahi"
"8161","1977","Medium","2014","4","Rajshahi","G_winter_015","1",2.72,"202","2014_Rajshahi"
"8162","1977","Medium","2014","4","Rajshahi","G_winter_015","2",2.53,"203","2014_Rajshahi"
"8163","1977","Medium","2014","4","Rajshahi","G_winter_015","3",2.87,"204","2014_Rajshahi"
"8164","1978","Medium","2014","4","Rajshahi","G_winter_016","1",4.95,"205","2014_Rajshahi"
"8165","1978","Medium","2014","4","Rajshahi","G_winter_016","2",3.14,"206","2014_Rajshahi"
"8166","1978","Medium","2014","4","Rajshahi","G_winter_016","3",2.81,"207","2014_Rajshahi"
"8167","1998","Medium","2014","4","Rajshahi","G_winter_017","1",4.86,"208","2014_Rajshahi"
"8168","1998","Medium","2014","4","Rajshahi","G_winter_017","2",5.02,"209","2014_Rajshahi"
"8169","1998","Medium","2014","4","Rajshahi","G_winter_017","3",5.22,"210","2014_Rajshahi"
"8170","2008","Medium","2014","4","Rajshahi","G_winter_018","1",2.74,"211","2014_Rajshahi"
"8171","2008","Medium","2014","4","Rajshahi","G_winter_018","2",7.31,"212","2014_Rajshahi"
"8172","2008","Medium","2014","4","Rajshahi","G_winter_018","3",2.7,"213","2014_Rajshahi"
"8173","2012","Medium","2014","4","Rajshahi","G_winter_019","1",3.38,"214","2014_Rajshahi"
"8174","2012","Medium","2014","4","Rajshahi","G_winter_019","2",2.97,"215","2014_Rajshahi"
"8175","2012","Medium","2014","4","Rajshahi","G_winter_019","3",3.2,"216","2014_Rajshahi"
"8176","2013","Medium","2014","4","Rajshahi","G_winter_020","1",2.53,"217","2014_Rajshahi"
"8177","2013","Medium","2014","4","Rajshahi","G_winter_020","2",2.65,"218","2014_Rajshahi"
"8178","2013","Medium","2014","4","Rajshahi","G_winter_020","3",2.85,"219","2014_Rajshahi"
"8179","2013","Medium","2014","4","Rajshahi","G_winter_021","1",3.32,"220","2014_Rajshahi"
"8180","2013","Medium","2014","4","Rajshahi","G_winter_021","2",3.27,"221","2014_Rajshahi"
"8181","2013","Medium","2014","4","Rajshahi","G_winter_021","3",3,"222","2014_Rajshahi"
"8182","1970","Medium","2015","1","Bhanga","G_winter_013","1",7.31,"223","2015_Bhanga"
"8183","1970","Medium","2015","1","Bhanga","G_winter_013","2",7.67,"224","2015_Bhanga"
"8184","1970","Medium","2015","1","Bhanga","G_winter_013","3",7.44,"225","2015_Bhanga"
"8185","1985","Medium","2015","1","Bhanga","G_winter_014","1",6.32,"226","2015_Bhanga"
"8186","1985","Medium","2015","1","Bhanga","G_winter_014","2",6.01,"227","2015_Bhanga"
"8187","1985","Medium","2015","1","Bhanga","G_winter_014","3",6.5,"228","2015_Bhanga"
"8188","1977","Medium","2015","1","Bhanga","G_winter_015","1",7.18,"229","2015_Bhanga"
"8189","1977","Medium","2015","1","Bhanga","G_winter_015","2",7.46,"230","2015_Bhanga"
"8190","1977","Medium","2015","1","Bhanga","G_winter_015","3",7.17,"231","2015_Bhanga"
"8191","1978","Medium","2015","1","Bhanga","G_winter_016","1",7.16,"232","2015_Bhanga"
"8192","1978","Medium","2015","1","Bhanga","G_winter_016","2",7.09,"233","2015_Bhanga"
"8193","1978","Medium","2015","1","Bhanga","G_winter_016","3",7.06,"234","2015_Bhanga"
"8194","1998","Medium","2015","1","Bhanga","G_winter_017","1",7.57,"235","2015_Bhanga"
"8195","1998","Medium","2015","1","Bhanga","G_winter_017","2",7.92,"236","2015_Bhanga"
"8196","1998","Medium","2015","1","Bhanga","G_winter_017","3",7.33,"237","2015_Bhanga"
"8197","2008","Medium","2015","1","Bhanga","G_winter_018","1",5.87,"238","2015_Bhanga"
"8198","2008","Medium","2015","1","Bhanga","G_winter_018","2",6.12,"239","2015_Bhanga"
"8199","2008","Medium","2015","1","Bhanga","G_winter_018","3",6.6,"240","2015_Bhanga"
"8200","2012","Medium","2015","1","Bhanga","G_winter_019","1",7.8,"241","2015_Bhanga"
"8201","2012","Medium","2015","1","Bhanga","G_winter_019","2",8.38,"242","2015_Bhanga"
"8202","2012","Medium","2015","1","Bhanga","G_winter_019","3",7.42,"243","2015_Bhanga"
"8203","2013","Medium","2015","1","Bhanga","G_winter_020","1",7.19,"244","2015_Bhanga"
"8204","2013","Medium","2015","1","Bhanga","G_winter_020","2",7.21,"245","2015_Bhanga"
"8205","2013","Medium","2015","1","Bhanga","G_winter_020","3",8.01,"246","2015_Bhanga"
"8206","2013","Medium","2015","1","Bhanga","G_winter_021","1",8.03,"247","2015_Bhanga"
"8207","2013","Medium","2015","1","Bhanga","G_winter_021","2",8.12,"248","2015_Bhanga"
"8208","2013","Medium","2015","1","Bhanga","G_winter_021","3",7.65,"249","2015_Bhanga"
"8209","2014","Medium","2015","1","Bhanga","G_winter_022","1",6.43,"250","2015_Bhanga"
"8210","2014","Medium","2015","1","Bhanga","G_winter_022","2",5.86,"251","2015_Bhanga"
"8211","2014","Medium","2015","1","Bhanga","G_winter_022","3",6.72,"252","2015_Bhanga"
"8212","1970","Medium","2015","1","Cumilla","G_winter_013","1",4.76,"223","2015_Cumilla"
"8213","1970","Medium","2015","1","Cumilla","G_winter_013","2",4.92,"224","2015_Cumilla"
"8214","1970","Medium","2015","1","Cumilla","G_winter_013","3",4.57,"225","2015_Cumilla"
"8215","1985","Medium","2015","1","Cumilla","G_winter_014","1",4.67,"226","2015_Cumilla"
"8216","1985","Medium","2015","1","Cumilla","G_winter_014","2",4.51,"227","2015_Cumilla"
"8217","1985","Medium","2015","1","Cumilla","G_winter_014","3",4.74,"228","2015_Cumilla"
"8218","1977","Medium","2015","1","Cumilla","G_winter_015","1",5.76,"229","2015_Cumilla"
"8219","1977","Medium","2015","1","Cumilla","G_winter_015","2",5.9,"230","2015_Cumilla"
"8220","1977","Medium","2015","1","Cumilla","G_winter_015","3",6.04,"231","2015_Cumilla"
"8221","1978","Medium","2015","1","Cumilla","G_winter_016","1",5.72,"232","2015_Cumilla"
"8222","1978","Medium","2015","1","Cumilla","G_winter_016","2",5.84,"233","2015_Cumilla"
"8223","1978","Medium","2015","1","Cumilla","G_winter_016","3",5.38,"234","2015_Cumilla"
"8224","1998","Medium","2015","1","Cumilla","G_winter_017","1",5.57,"235","2015_Cumilla"
"8225","1998","Medium","2015","1","Cumilla","G_winter_017","2",5.4,"236","2015_Cumilla"
"8226","1998","Medium","2015","1","Cumilla","G_winter_017","3",5.21,"237","2015_Cumilla"
"8227","2008","Medium","2015","1","Cumilla","G_winter_018","1",6.1,"238","2015_Cumilla"
"8228","2008","Medium","2015","1","Cumilla","G_winter_018","2",6.05,"239","2015_Cumilla"
"8229","2008","Medium","2015","1","Cumilla","G_winter_018","3",6.22,"240","2015_Cumilla"
"8230","2012","Medium","2015","1","Cumilla","G_winter_019","1",6.05,"241","2015_Cumilla"
"8231","2012","Medium","2015","1","Cumilla","G_winter_019","2",6.15,"242","2015_Cumilla"
"8232","2012","Medium","2015","1","Cumilla","G_winter_019","3",5.81,"243","2015_Cumilla"
"8233","2013","Medium","2015","1","Cumilla","G_winter_020","1",5.87,"244","2015_Cumilla"
"8234","2013","Medium","2015","1","Cumilla","G_winter_020","2",5.98,"245","2015_Cumilla"
"8235","2013","Medium","2015","1","Cumilla","G_winter_020","3",6.15,"246","2015_Cumilla"
"8236","2013","Medium","2015","1","Cumilla","G_winter_021","1",6.1,"247","2015_Cumilla"
"8237","2013","Medium","2015","1","Cumilla","G_winter_021","2",6.19,"248","2015_Cumilla"
"8238","2013","Medium","2015","1","Cumilla","G_winter_021","3",6.05,"249","2015_Cumilla"
"8239","2014","Medium","2015","1","Cumilla","G_winter_022","1",6.15,"250","2015_Cumilla"
"8240","2014","Medium","2015","1","Cumilla","G_winter_022","2",6.24,"251","2015_Cumilla"
"8241","2014","Medium","2015","1","Cumilla","G_winter_022","3",6.31,"252","2015_Cumilla"
"8242","1970","Medium","2015","1","Rangpur","G_winter_013","1",2.55,"223","2015_Rangpur"
"8243","1970","Medium","2015","1","Rangpur","G_winter_013","2",3.05,"224","2015_Rangpur"
"8244","1970","Medium","2015","1","Rangpur","G_winter_013","3",3.05,"225","2015_Rangpur"
"8245","1985","Medium","2015","1","Rangpur","G_winter_014","1",3.4,"226","2015_Rangpur"
"8246","1985","Medium","2015","1","Rangpur","G_winter_014","2",3.25,"227","2015_Rangpur"
"8247","1985","Medium","2015","1","Rangpur","G_winter_014","3",3,"228","2015_Rangpur"
"8248","1977","Medium","2015","1","Rangpur","G_winter_015","1",3.4,"229","2015_Rangpur"
"8249","1977","Medium","2015","1","Rangpur","G_winter_015","2",2.6,"230","2015_Rangpur"
"8250","1977","Medium","2015","1","Rangpur","G_winter_015","3",3.4,"231","2015_Rangpur"
"8251","1978","Medium","2015","1","Rangpur","G_winter_016","1",3.5,"232","2015_Rangpur"
"8252","1978","Medium","2015","1","Rangpur","G_winter_016","2",4.2,"233","2015_Rangpur"
"8253","1978","Medium","2015","1","Rangpur","G_winter_016","3",3.8,"234","2015_Rangpur"
"8254","1998","Medium","2015","1","Rangpur","G_winter_017","1",3.5,"235","2015_Rangpur"
"8255","1998","Medium","2015","1","Rangpur","G_winter_017","2",3.25,"236","2015_Rangpur"
"8256","1998","Medium","2015","1","Rangpur","G_winter_017","3",3.7,"237","2015_Rangpur"
"8257","2008","Medium","2015","1","Rangpur","G_winter_018","1",2.55,"238","2015_Rangpur"
"8258","2008","Medium","2015","1","Rangpur","G_winter_018","2",3.25,"239","2015_Rangpur"
"8259","2008","Medium","2015","1","Rangpur","G_winter_018","3",3,"240","2015_Rangpur"
"8260","2012","Medium","2015","1","Rangpur","G_winter_019","1",3,"241","2015_Rangpur"
"8261","2012","Medium","2015","1","Rangpur","G_winter_019","2",3.4,"242","2015_Rangpur"
"8262","2012","Medium","2015","1","Rangpur","G_winter_019","3",3.5,"243","2015_Rangpur"
"8263","2013","Medium","2015","1","Rangpur","G_winter_020","1",2.7,"244","2015_Rangpur"
"8264","2013","Medium","2015","1","Rangpur","G_winter_020","2",2.6,"245","2015_Rangpur"
"8265","2013","Medium","2015","1","Rangpur","G_winter_020","3",5.8,"246","2015_Rangpur"
"8266","2013","Medium","2015","1","Rangpur","G_winter_021","1",3.3,"247","2015_Rangpur"
"8267","2013","Medium","2015","1","Rangpur","G_winter_021","2",3,"248","2015_Rangpur"
"8268","2013","Medium","2015","1","Rangpur","G_winter_021","3",3.1,"249","2015_Rangpur"
"8269","2014","Medium","2015","1","Rangpur","G_winter_022","1",2.5,"250","2015_Rangpur"
"8270","2014","Medium","2015","1","Rangpur","G_winter_022","2",2.6,"251","2015_Rangpur"
"8271","2014","Medium","2015","1","Rangpur","G_winter_022","3",4.2,"252","2015_Rangpur"
"8272","1970","Medium","2015","2","Kushtia","G_winter_013","1",4.95,"223","2015_Kushtia"
"8273","1970","Medium","2015","2","Kushtia","G_winter_013","2",6.21,"224","2015_Kushtia"
"8274","1970","Medium","2015","2","Kushtia","G_winter_013","3",5.69,"225","2015_Kushtia"
"8275","1985","Medium","2015","2","Kushtia","G_winter_014","1",5.09,"226","2015_Kushtia"
"8276","1985","Medium","2015","2","Kushtia","G_winter_014","2",5.03,"227","2015_Kushtia"
"8277","1985","Medium","2015","2","Kushtia","G_winter_014","3",4.57,"228","2015_Kushtia"
"8278","1977","Medium","2015","2","Kushtia","G_winter_015","1",6.35,"229","2015_Kushtia"
"8279","1977","Medium","2015","2","Kushtia","G_winter_015","2",6.59,"230","2015_Kushtia"
"8280","1977","Medium","2015","2","Kushtia","G_winter_015","3",5.98,"231","2015_Kushtia"
"8281","1978","Medium","2015","2","Kushtia","G_winter_016","1",7.71,"232","2015_Kushtia"
"8282","1978","Medium","2015","2","Kushtia","G_winter_016","2",5.64,"233","2015_Kushtia"
"8283","1978","Medium","2015","2","Kushtia","G_winter_016","3",5.29,"234","2015_Kushtia"
"8284","1998","Medium","2015","2","Kushtia","G_winter_017","1",6.39,"235","2015_Kushtia"
"8285","1998","Medium","2015","2","Kushtia","G_winter_017","2",6.39,"236","2015_Kushtia"
"8286","1998","Medium","2015","2","Kushtia","G_winter_017","3",4.93,"237","2015_Kushtia"
"8287","2008","Medium","2015","2","Kushtia","G_winter_018","1",6.34,"238","2015_Kushtia"
"8288","2008","Medium","2015","2","Kushtia","G_winter_018","2",6.27,"239","2015_Kushtia"
"8289","2008","Medium","2015","2","Kushtia","G_winter_018","3",6.28,"240","2015_Kushtia"
"8290","2012","Medium","2015","2","Kushtia","G_winter_019","1",7.05,"241","2015_Kushtia"
"8291","2012","Medium","2015","2","Kushtia","G_winter_019","2",7.41,"242","2015_Kushtia"
"8292","2012","Medium","2015","2","Kushtia","G_winter_019","3",5.94,"243","2015_Kushtia"
"8293","2013","Medium","2015","2","Kushtia","G_winter_020","1",7.09,"244","2015_Kushtia"
"8294","2013","Medium","2015","2","Kushtia","G_winter_020","2",6.85,"245","2015_Kushtia"
"8295","2013","Medium","2015","2","Kushtia","G_winter_020","3",6.09,"246","2015_Kushtia"
"8296","2013","Medium","2015","2","Kushtia","G_winter_021","1",6.27,"247","2015_Kushtia"
"8297","2013","Medium","2015","2","Kushtia","G_winter_021","2",6.93,"248","2015_Kushtia"
"8298","2013","Medium","2015","2","Kushtia","G_winter_021","3",6.75,"249","2015_Kushtia"
"8299","2014","Medium","2015","2","Kushtia","G_winter_022","1",5.77,"250","2015_Kushtia"
"8300","2014","Medium","2015","2","Kushtia","G_winter_022","2",6.09,"251","2015_Kushtia"
"8301","2014","Medium","2015","2","Kushtia","G_winter_022","3",6.23,"252","2015_Kushtia"
"8302","1970","Medium","2015","2","Satkhira","G_winter_013","1",5.89,"223","2015_Satkhira"
"8303","1970","Medium","2015","2","Satkhira","G_winter_013","2",6.04,"224","2015_Satkhira"
"8304","1970","Medium","2015","2","Satkhira","G_winter_013","3",5.71,"225","2015_Satkhira"
"8305","1985","Medium","2015","2","Satkhira","G_winter_014","1",6.57,"226","2015_Satkhira"
"8306","1985","Medium","2015","2","Satkhira","G_winter_014","2",6.79,"227","2015_Satkhira"
"8307","1985","Medium","2015","2","Satkhira","G_winter_014","3",6.26,"228","2015_Satkhira"
"8308","1977","Medium","2015","2","Satkhira","G_winter_015","1",6.33,"229","2015_Satkhira"
"8309","1977","Medium","2015","2","Satkhira","G_winter_015","2",6.54,"230","2015_Satkhira"
"8310","1977","Medium","2015","2","Satkhira","G_winter_015","3",6.27,"231","2015_Satkhira"
"8311","1978","Medium","2015","2","Satkhira","G_winter_016","1",6.75,"232","2015_Satkhira"
"8312","1978","Medium","2015","2","Satkhira","G_winter_016","2",6.48,"233","2015_Satkhira"
"8313","1978","Medium","2015","2","Satkhira","G_winter_016","3",6.37,"234","2015_Satkhira"
"8314","1998","Medium","2015","2","Satkhira","G_winter_017","1",6.14,"235","2015_Satkhira"
"8315","1998","Medium","2015","2","Satkhira","G_winter_017","2",6.22,"236","2015_Satkhira"
"8316","1998","Medium","2015","2","Satkhira","G_winter_017","3",6.03,"237","2015_Satkhira"
"8317","2008","Medium","2015","2","Satkhira","G_winter_018","1",5.52,"238","2015_Satkhira"
"8318","2008","Medium","2015","2","Satkhira","G_winter_018","2",5.42,"239","2015_Satkhira"
"8319","2008","Medium","2015","2","Satkhira","G_winter_018","3",5.6,"240","2015_Satkhira"
"8320","2012","Medium","2015","2","Satkhira","G_winter_019","1",6.31,"241","2015_Satkhira"
"8321","2012","Medium","2015","2","Satkhira","G_winter_019","2",6.19,"242","2015_Satkhira"
"8322","2012","Medium","2015","2","Satkhira","G_winter_019","3",6.38,"243","2015_Satkhira"
"8323","2013","Medium","2015","2","Satkhira","G_winter_020","1",6.8,"244","2015_Satkhira"
"8324","2013","Medium","2015","2","Satkhira","G_winter_020","2",6.49,"245","2015_Satkhira"
"8325","2013","Medium","2015","2","Satkhira","G_winter_020","3",6.88,"246","2015_Satkhira"
"8326","2013","Medium","2015","2","Satkhira","G_winter_021","1",7.11,"247","2015_Satkhira"
"8327","2013","Medium","2015","2","Satkhira","G_winter_021","2",7.19,"248","2015_Satkhira"
"8328","2013","Medium","2015","2","Satkhira","G_winter_021","3",6.94,"249","2015_Satkhira"
"8329","2014","Medium","2015","2","Satkhira","G_winter_022","1",5.4,"250","2015_Satkhira"
"8330","2014","Medium","2015","2","Satkhira","G_winter_022","2",5.62,"251","2015_Satkhira"
"8331","2014","Medium","2015","2","Satkhira","G_winter_022","3",5.3,"252","2015_Satkhira"
"8332","1970","Medium","2015","3","Gazipur","G_winter_013","1",6.2,"223","2015_Gazipur"
"8333","1970","Medium","2015","3","Gazipur","G_winter_013","2",6.1,"224","2015_Gazipur"
"8334","1970","Medium","2015","3","Gazipur","G_winter_013","3",6.9,"225","2015_Gazipur"
"8335","1985","Medium","2015","3","Gazipur","G_winter_014","1",5,"226","2015_Gazipur"
"8336","1985","Medium","2015","3","Gazipur","G_winter_014","2",5.5,"227","2015_Gazipur"
"8337","1985","Medium","2015","3","Gazipur","G_winter_014","3",5.52,"228","2015_Gazipur"
"8338","1977","Medium","2015","3","Gazipur","G_winter_015","1",6.6,"229","2015_Gazipur"
"8339","1977","Medium","2015","3","Gazipur","G_winter_015","2",7,"230","2015_Gazipur"
"8340","1977","Medium","2015","3","Gazipur","G_winter_015","3",6.5,"231","2015_Gazipur"
"8341","1978","Medium","2015","3","Gazipur","G_winter_016","1",7.6,"232","2015_Gazipur"
"8342","1978","Medium","2015","3","Gazipur","G_winter_016","2",6.9,"233","2015_Gazipur"
"8343","1978","Medium","2015","3","Gazipur","G_winter_016","3",6.9,"234","2015_Gazipur"
"8344","1998","Medium","2015","3","Gazipur","G_winter_017","1",6.8,"235","2015_Gazipur"
"8345","1998","Medium","2015","3","Gazipur","G_winter_017","2",6.5,"236","2015_Gazipur"
"8346","1998","Medium","2015","3","Gazipur","G_winter_017","3",6.4,"237","2015_Gazipur"
"8347","2008","Medium","2015","3","Gazipur","G_winter_018","1",4.04,"238","2015_Gazipur"
"8348","2008","Medium","2015","3","Gazipur","G_winter_018","2",3.82,"239","2015_Gazipur"
"8349","2008","Medium","2015","3","Gazipur","G_winter_018","3",4.04,"240","2015_Gazipur"
"8350","2012","Medium","2015","3","Gazipur","G_winter_019","1",7.5,"241","2015_Gazipur"
"8351","2012","Medium","2015","3","Gazipur","G_winter_019","2",7.1,"242","2015_Gazipur"
"8352","2012","Medium","2015","3","Gazipur","G_winter_019","3",7.8,"243","2015_Gazipur"
"8353","2013","Medium","2015","3","Gazipur","G_winter_020","1",6,"244","2015_Gazipur"
"8354","2013","Medium","2015","3","Gazipur","G_winter_020","2",5.5,"245","2015_Gazipur"
"8355","2013","Medium","2015","3","Gazipur","G_winter_020","3",6.5,"246","2015_Gazipur"
"8356","2013","Medium","2015","3","Gazipur","G_winter_021","1",7,"247","2015_Gazipur"
"8357","2013","Medium","2015","3","Gazipur","G_winter_021","2",6.5,"248","2015_Gazipur"
"8358","2013","Medium","2015","3","Gazipur","G_winter_021","3",7,"249","2015_Gazipur"
"8359","2014","Medium","2015","3","Gazipur","G_winter_022","1",7.5,"250","2015_Gazipur"
"8360","2014","Medium","2015","3","Gazipur","G_winter_022","2",6.6,"251","2015_Gazipur"
"8361","2014","Medium","2015","3","Gazipur","G_winter_022","3",6,"252","2015_Gazipur"
"8362","1970","Medium","2015","3","Habiganj","G_winter_013","1",5.58,"223","2015_Habiganj"
"8363","1970","Medium","2015","3","Habiganj","G_winter_013","2",5.87,"224","2015_Habiganj"
"8364","1970","Medium","2015","3","Habiganj","G_winter_013","3",5.96,"225","2015_Habiganj"
"8365","1985","Medium","2015","3","Habiganj","G_winter_014","1",5.15,"226","2015_Habiganj"
"8366","1985","Medium","2015","3","Habiganj","G_winter_014","2",5.28,"227","2015_Habiganj"
"8367","1985","Medium","2015","3","Habiganj","G_winter_014","3",5.48,"228","2015_Habiganj"
"8368","1977","Medium","2015","3","Habiganj","G_winter_015","1",5.35,"229","2015_Habiganj"
"8369","1977","Medium","2015","3","Habiganj","G_winter_015","2",5.21,"230","2015_Habiganj"
"8370","1977","Medium","2015","3","Habiganj","G_winter_015","3",5.05,"231","2015_Habiganj"
"8371","1978","Medium","2015","3","Habiganj","G_winter_016","1",4.95,"232","2015_Habiganj"
"8372","1978","Medium","2015","3","Habiganj","G_winter_016","2",4.87,"233","2015_Habiganj"
"8373","1978","Medium","2015","3","Habiganj","G_winter_016","3",4.59,"234","2015_Habiganj"
"8374","1998","Medium","2015","3","Habiganj","G_winter_017","1",6.15,"235","2015_Habiganj"
"8375","1998","Medium","2015","3","Habiganj","G_winter_017","2",6.2,"236","2015_Habiganj"
"8376","1998","Medium","2015","3","Habiganj","G_winter_017","3",5.94,"237","2015_Habiganj"
"8377","2008","Medium","2015","3","Habiganj","G_winter_018","1",5.31,"238","2015_Habiganj"
"8378","2008","Medium","2015","3","Habiganj","G_winter_018","2",5.6,"239","2015_Habiganj"
"8379","2008","Medium","2015","3","Habiganj","G_winter_018","3",5.29,"240","2015_Habiganj"
"8380","2012","Medium","2015","3","Habiganj","G_winter_019","1",6.53,"241","2015_Habiganj"
"8381","2012","Medium","2015","3","Habiganj","G_winter_019","2",6.82,"242","2015_Habiganj"
"8382","2012","Medium","2015","3","Habiganj","G_winter_019","3",6.45,"243","2015_Habiganj"
"8383","2013","Medium","2015","3","Habiganj","G_winter_020","1",5.81,"244","2015_Habiganj"
"8384","2013","Medium","2015","3","Habiganj","G_winter_020","2",5.86,"245","2015_Habiganj"
"8385","2013","Medium","2015","3","Habiganj","G_winter_020","3",5.42,"246","2015_Habiganj"
"8386","2013","Medium","2015","3","Habiganj","G_winter_021","1",6.76,"247","2015_Habiganj"
"8387","2013","Medium","2015","3","Habiganj","G_winter_021","2",6.35,"248","2015_Habiganj"
"8388","2013","Medium","2015","3","Habiganj","G_winter_021","3",6.39,"249","2015_Habiganj"
"8389","2014","Medium","2015","3","Habiganj","G_winter_022","1",5.75,"250","2015_Habiganj"
"8390","2014","Medium","2015","3","Habiganj","G_winter_022","2",5.85,"251","2015_Habiganj"
"8391","2014","Medium","2015","3","Habiganj","G_winter_022","3",6.11,"252","2015_Habiganj"
"8392","1970","Medium","2015","4","Barishal","G_winter_013","1",4.02,"223","2015_Barishal"
"8393","1970","Medium","2015","4","Barishal","G_winter_013","2",4.26,"224","2015_Barishal"
"8394","1970","Medium","2015","4","Barishal","G_winter_013","3",4.07,"225","2015_Barishal"
"8395","1985","Medium","2015","4","Barishal","G_winter_014","1",4.24,"226","2015_Barishal"
"8396","1985","Medium","2015","4","Barishal","G_winter_014","2",3.92,"227","2015_Barishal"
"8397","1985","Medium","2015","4","Barishal","G_winter_014","3",3.99,"228","2015_Barishal"
"8398","1977","Medium","2015","4","Barishal","G_winter_015","1",5.12,"229","2015_Barishal"
"8399","1977","Medium","2015","4","Barishal","G_winter_015","2",4.95,"230","2015_Barishal"
"8400","1977","Medium","2015","4","Barishal","G_winter_015","3",5.03,"231","2015_Barishal"
"8401","1978","Medium","2015","4","Barishal","G_winter_016","1",5.52,"232","2015_Barishal"
"8402","1978","Medium","2015","4","Barishal","G_winter_016","2",5.65,"233","2015_Barishal"
"8403","1978","Medium","2015","4","Barishal","G_winter_016","3",5.8,"234","2015_Barishal"
"8404","1998","Medium","2015","4","Barishal","G_winter_017","1",5.19,"235","2015_Barishal"
"8405","1998","Medium","2015","4","Barishal","G_winter_017","2",5.27,"236","2015_Barishal"
"8406","1998","Medium","2015","4","Barishal","G_winter_017","3",5.45,"237","2015_Barishal"
"8407","2008","Medium","2015","4","Barishal","G_winter_018","1",4.35,"238","2015_Barishal"
"8408","2008","Medium","2015","4","Barishal","G_winter_018","2",4.73,"239","2015_Barishal"
"8409","2008","Medium","2015","4","Barishal","G_winter_018","3",4.59,"240","2015_Barishal"
"8410","2012","Medium","2015","4","Barishal","G_winter_019","1",5.3,"241","2015_Barishal"
"8411","2012","Medium","2015","4","Barishal","G_winter_019","2",5.21,"242","2015_Barishal"
"8412","2012","Medium","2015","4","Barishal","G_winter_019","3",5.14,"243","2015_Barishal"
"8413","2013","Medium","2015","4","Barishal","G_winter_020","1",5.17,"244","2015_Barishal"
"8414","2013","Medium","2015","4","Barishal","G_winter_020","2",5.34,"245","2015_Barishal"
"8415","2013","Medium","2015","4","Barishal","G_winter_020","3",5.01,"246","2015_Barishal"
"8416","2013","Medium","2015","4","Barishal","G_winter_021","1",5.6,"247","2015_Barishal"
"8417","2013","Medium","2015","4","Barishal","G_winter_021","2",5.72,"248","2015_Barishal"
"8418","2013","Medium","2015","4","Barishal","G_winter_021","3",5.81,"249","2015_Barishal"
"8419","2014","Medium","2015","4","Barishal","G_winter_022","1",4.59,"250","2015_Barishal"
"8420","2014","Medium","2015","4","Barishal","G_winter_022","2",4.82,"251","2015_Barishal"
"8421","2014","Medium","2015","4","Barishal","G_winter_022","3",4.93,"252","2015_Barishal"
"8422","1970","Medium","2015","4","Rajshahi","G_winter_013","1",5.3,"223","2015_Rajshahi"
"8423","1970","Medium","2015","4","Rajshahi","G_winter_013","2",5.21,"224","2015_Rajshahi"
"8424","1970","Medium","2015","4","Rajshahi","G_winter_013","3",5.18,"225","2015_Rajshahi"
"8425","1985","Medium","2015","4","Rajshahi","G_winter_014","1",4.64,"226","2015_Rajshahi"
"8426","1985","Medium","2015","4","Rajshahi","G_winter_014","2",5.78,"227","2015_Rajshahi"
"8427","1985","Medium","2015","4","Rajshahi","G_winter_014","3",4.05,"228","2015_Rajshahi"
"8428","1977","Medium","2015","4","Rajshahi","G_winter_015","1",4.6,"229","2015_Rajshahi"
"8429","1977","Medium","2015","4","Rajshahi","G_winter_015","2",4.44,"230","2015_Rajshahi"
"8430","1977","Medium","2015","4","Rajshahi","G_winter_015","3",4.42,"231","2015_Rajshahi"
"8431","1978","Medium","2015","4","Rajshahi","G_winter_016","1",5.94,"232","2015_Rajshahi"
"8432","1978","Medium","2015","4","Rajshahi","G_winter_016","2",5.82,"233","2015_Rajshahi"
"8433","1978","Medium","2015","4","Rajshahi","G_winter_016","3",5.86,"234","2015_Rajshahi"
"8434","1998","Medium","2015","4","Rajshahi","G_winter_017","1",4.72,"235","2015_Rajshahi"
"8435","1998","Medium","2015","4","Rajshahi","G_winter_017","2",5.06,"236","2015_Rajshahi"
"8436","1998","Medium","2015","4","Rajshahi","G_winter_017","3",5.23,"237","2015_Rajshahi"
"8437","2008","Medium","2015","4","Rajshahi","G_winter_018","1",4.83,"238","2015_Rajshahi"
"8438","2008","Medium","2015","4","Rajshahi","G_winter_018","2",4.5,"239","2015_Rajshahi"
"8439","2008","Medium","2015","4","Rajshahi","G_winter_018","3",5.96,"240","2015_Rajshahi"
"8440","2012","Medium","2015","4","Rajshahi","G_winter_019","1",6.33,"241","2015_Rajshahi"
"8441","2012","Medium","2015","4","Rajshahi","G_winter_019","2",6.02,"242","2015_Rajshahi"
"8442","2012","Medium","2015","4","Rajshahi","G_winter_019","3",6.06,"243","2015_Rajshahi"
"8443","2013","Medium","2015","4","Rajshahi","G_winter_020","1",5.81,"244","2015_Rajshahi"
"8444","2013","Medium","2015","4","Rajshahi","G_winter_020","2",5.43,"245","2015_Rajshahi"
"8445","2013","Medium","2015","4","Rajshahi","G_winter_020","3",5.97,"246","2015_Rajshahi"
"8446","2013","Medium","2015","4","Rajshahi","G_winter_021","1",6.42,"247","2015_Rajshahi"
"8447","2013","Medium","2015","4","Rajshahi","G_winter_021","2",5.87,"248","2015_Rajshahi"
"8448","2013","Medium","2015","4","Rajshahi","G_winter_021","3",5.37,"249","2015_Rajshahi"
"8449","2014","Medium","2015","4","Rajshahi","G_winter_022","1",5.67,"250","2015_Rajshahi"
"8450","2014","Medium","2015","4","Rajshahi","G_winter_022","2",4.51,"251","2015_Rajshahi"
"8451","2014","Medium","2015","4","Rajshahi","G_winter_022","3",5.84,"252","2015_Rajshahi"
"8452","1970","Medium","2016","1","Bhanga","G_winter_013","1",7.01,"253","2016_Bhanga"
"8453","1970","Medium","2016","1","Bhanga","G_winter_013","2",7.34,"254","2016_Bhanga"
"8454","1970","Medium","2016","1","Bhanga","G_winter_013","3",5.95,"255","2016_Bhanga"
"8455","1985","Medium","2016","1","Bhanga","G_winter_014","1",6.12,"256","2016_Bhanga"
"8456","1985","Medium","2016","1","Bhanga","G_winter_014","2",5.91,"257","2016_Bhanga"
"8457","1985","Medium","2016","1","Bhanga","G_winter_014","3",6.15,"258","2016_Bhanga"
"8458","1977","Medium","2016","1","Bhanga","G_winter_015","1",6.86,"259","2016_Bhanga"
"8459","1977","Medium","2016","1","Bhanga","G_winter_015","2",8.24,"260","2016_Bhanga"
"8460","1977","Medium","2016","1","Bhanga","G_winter_015","3",8.32,"261","2016_Bhanga"
"8461","1978","Medium","2016","1","Bhanga","G_winter_016","1",7.06,"262","2016_Bhanga"
"8462","1978","Medium","2016","1","Bhanga","G_winter_016","2",7.34,"263","2016_Bhanga"
"8463","1978","Medium","2016","1","Bhanga","G_winter_016","3",7.99,"264","2016_Bhanga"
"8464","1998","Medium","2016","1","Bhanga","G_winter_017","1",6.76,"265","2016_Bhanga"
"8465","1998","Medium","2016","1","Bhanga","G_winter_017","2",5.87,"266","2016_Bhanga"
"8466","1998","Medium","2016","1","Bhanga","G_winter_017","3",6.65,"267","2016_Bhanga"
"8467","2008","Medium","2016","1","Bhanga","G_winter_018","1",4.98,"268","2016_Bhanga"
"8468","2008","Medium","2016","1","Bhanga","G_winter_018","2",5.76,"269","2016_Bhanga"
"8469","2008","Medium","2016","1","Bhanga","G_winter_018","3",5.66,"270","2016_Bhanga"
"8470","2012","Medium","2016","1","Bhanga","G_winter_019","1",6.89,"271","2016_Bhanga"
"8471","2012","Medium","2016","1","Bhanga","G_winter_019","2",6.71,"272","2016_Bhanga"
"8472","2012","Medium","2016","1","Bhanga","G_winter_019","3",8.23,"273","2016_Bhanga"
"8473","2013","Medium","2016","1","Bhanga","G_winter_020","1",6.58,"274","2016_Bhanga"
"8474","2013","Medium","2016","1","Bhanga","G_winter_020","2",7.79,"275","2016_Bhanga"
"8475","2013","Medium","2016","1","Bhanga","G_winter_020","3",5.81,"276","2016_Bhanga"
"8476","2013","Medium","2016","1","Bhanga","G_winter_021","1",6.84,"277","2016_Bhanga"
"8477","2013","Medium","2016","1","Bhanga","G_winter_021","2",6.58,"278","2016_Bhanga"
"8478","2013","Medium","2016","1","Bhanga","G_winter_021","3",8.2,"279","2016_Bhanga"
"8479","2014","Medium","2016","1","Bhanga","G_winter_022","1",5.36,"280","2016_Bhanga"
"8480","2014","Medium","2016","1","Bhanga","G_winter_022","2",6.44,"281","2016_Bhanga"
"8481","2014","Medium","2016","1","Bhanga","G_winter_022","3",6.35,"282","2016_Bhanga"
"8482","2014","Medium","2016","1","Bhanga","G_winter_023","1",5.42,"283","2016_Bhanga"
"8483","2014","Medium","2016","1","Bhanga","G_winter_023","2",5.61,"284","2016_Bhanga"
"8484","2014","Medium","2016","1","Bhanga","G_winter_023","3",6.66,"285","2016_Bhanga"
"8485","2014","Medium","2016","1","Bhanga","G_winter_024","1",7.21,"286","2016_Bhanga"
"8486","2014","Medium","2016","1","Bhanga","G_winter_024","2",7.32,"287","2016_Bhanga"
"8487","2014","Medium","2016","1","Bhanga","G_winter_024","3",8.11,"288","2016_Bhanga"
"8488","2015","Medium","2016","1","Bhanga","G_winter_025","1",6.7,"289","2016_Bhanga"
"8489","2015","Medium","2016","1","Bhanga","G_winter_025","2",6.61,"290","2016_Bhanga"
"8490","2015","Medium","2016","1","Bhanga","G_winter_025","3",6.99,"291","2016_Bhanga"
"8491","1970","Medium","2016","1","Cumilla","G_winter_013","1",4.32,"253","2016_Cumilla"
"8492","1970","Medium","2016","1","Cumilla","G_winter_013","2",5.36,"254","2016_Cumilla"
"8493","1970","Medium","2016","1","Cumilla","G_winter_013","3",5.8,"255","2016_Cumilla"
"8494","1985","Medium","2016","1","Cumilla","G_winter_014","1",4.49,"256","2016_Cumilla"
"8495","1985","Medium","2016","1","Cumilla","G_winter_014","2",4.88,"257","2016_Cumilla"
"8496","1985","Medium","2016","1","Cumilla","G_winter_014","3",3.23,"258","2016_Cumilla"
"8497","1977","Medium","2016","1","Cumilla","G_winter_015","1",4.4,"259","2016_Cumilla"
"8498","1977","Medium","2016","1","Cumilla","G_winter_015","2",4.38,"260","2016_Cumilla"
"8499","1977","Medium","2016","1","Cumilla","G_winter_015","3",4.78,"261","2016_Cumilla"
"8500","1978","Medium","2016","1","Cumilla","G_winter_016","1",6.82,"262","2016_Cumilla"
"8501","1978","Medium","2016","1","Cumilla","G_winter_016","2",6.62,"263","2016_Cumilla"
"8502","1978","Medium","2016","1","Cumilla","G_winter_016","3",5.87,"264","2016_Cumilla"
"8503","1998","Medium","2016","1","Cumilla","G_winter_017","1",4.61,"265","2016_Cumilla"
"8504","1998","Medium","2016","1","Cumilla","G_winter_017","2",5.88,"266","2016_Cumilla"
"8505","1998","Medium","2016","1","Cumilla","G_winter_017","3",5.03,"267","2016_Cumilla"
"8506","2008","Medium","2016","1","Cumilla","G_winter_018","1",5.15,"268","2016_Cumilla"
"8507","2008","Medium","2016","1","Cumilla","G_winter_018","2",5.83,"269","2016_Cumilla"
"8508","2008","Medium","2016","1","Cumilla","G_winter_018","3",5.51,"270","2016_Cumilla"
"8509","2012","Medium","2016","1","Cumilla","G_winter_019","1",6.75,"271","2016_Cumilla"
"8510","2012","Medium","2016","1","Cumilla","G_winter_019","2",4.86,"272","2016_Cumilla"
"8511","2012","Medium","2016","1","Cumilla","G_winter_019","3",8.13,"273","2016_Cumilla"
"8512","2013","Medium","2016","1","Cumilla","G_winter_020","1",6.5,"274","2016_Cumilla"
"8513","2013","Medium","2016","1","Cumilla","G_winter_020","2",7.77,"275","2016_Cumilla"
"8514","2013","Medium","2016","1","Cumilla","G_winter_020","3",7.25,"276","2016_Cumilla"
"8515","2013","Medium","2016","1","Cumilla","G_winter_021","1",6.38,"277","2016_Cumilla"
"8516","2013","Medium","2016","1","Cumilla","G_winter_021","2",6.22,"278","2016_Cumilla"
"8517","2013","Medium","2016","1","Cumilla","G_winter_021","3",6.26,"279","2016_Cumilla"
"8518","2014","Medium","2016","1","Cumilla","G_winter_022","1",6.6,"280","2016_Cumilla"
"8519","2014","Medium","2016","1","Cumilla","G_winter_022","2",6.4,"281","2016_Cumilla"
"8520","2014","Medium","2016","1","Cumilla","G_winter_022","3",6.26,"282","2016_Cumilla"
"8521","2014","Medium","2016","1","Cumilla","G_winter_023","1",6.02,"283","2016_Cumilla"
"8522","2014","Medium","2016","1","Cumilla","G_winter_023","2",6.37,"284","2016_Cumilla"
"8523","2014","Medium","2016","1","Cumilla","G_winter_023","3",6.75,"285","2016_Cumilla"
"8524","2014","Medium","2016","1","Cumilla","G_winter_024","1",6.62,"286","2016_Cumilla"
"8525","2014","Medium","2016","1","Cumilla","G_winter_024","2",6.8,"287","2016_Cumilla"
"8526","2014","Medium","2016","1","Cumilla","G_winter_024","3",6.9,"288","2016_Cumilla"
"8527","2015","Medium","2016","1","Cumilla","G_winter_025","1",5.83,"289","2016_Cumilla"
"8528","2015","Medium","2016","1","Cumilla","G_winter_025","2",6,"290","2016_Cumilla"
"8529","2015","Medium","2016","1","Cumilla","G_winter_025","3",5.09,"291","2016_Cumilla"
"8530","1970","Medium","2016","1","Rangpur","G_winter_013","1",4.77,"253","2016_Rangpur"
"8531","1970","Medium","2016","1","Rangpur","G_winter_013","2",4.88,"254","2016_Rangpur"
"8532","1970","Medium","2016","1","Rangpur","G_winter_013","3",4.37,"255","2016_Rangpur"
"8533","1985","Medium","2016","1","Rangpur","G_winter_014","1",4.77,"256","2016_Rangpur"
"8534","1985","Medium","2016","1","Rangpur","G_winter_014","2",5.51,"257","2016_Rangpur"
"8535","1985","Medium","2016","1","Rangpur","G_winter_014","3",5.64,"258","2016_Rangpur"
"8536","1977","Medium","2016","1","Rangpur","G_winter_015","1",2.55,"259","2016_Rangpur"
"8537","1977","Medium","2016","1","Rangpur","G_winter_015","2",4.69,"260","2016_Rangpur"
"8538","1977","Medium","2016","1","Rangpur","G_winter_015","3",4.86,"261","2016_Rangpur"
"8539","1978","Medium","2016","1","Rangpur","G_winter_016","1",5.61,"262","2016_Rangpur"
"8540","1978","Medium","2016","1","Rangpur","G_winter_016","2",5.5,"263","2016_Rangpur"
"8541","1978","Medium","2016","1","Rangpur","G_winter_016","3",5.74,"264","2016_Rangpur"
"8542","1998","Medium","2016","1","Rangpur","G_winter_017","1",5.59,"265","2016_Rangpur"
"8543","1998","Medium","2016","1","Rangpur","G_winter_017","2",5.89,"266","2016_Rangpur"
"8544","1998","Medium","2016","1","Rangpur","G_winter_017","3",6.61,"267","2016_Rangpur"
"8545","2008","Medium","2016","1","Rangpur","G_winter_018","1",4.97,"268","2016_Rangpur"
"8546","2008","Medium","2016","1","Rangpur","G_winter_018","2",4.73,"269","2016_Rangpur"
"8547","2008","Medium","2016","1","Rangpur","G_winter_018","3",5.64,"270","2016_Rangpur"
"8548","2012","Medium","2016","1","Rangpur","G_winter_019","1",4.61,"271","2016_Rangpur"
"8549","2012","Medium","2016","1","Rangpur","G_winter_019","2",5.89,"272","2016_Rangpur"
"8550","2012","Medium","2016","1","Rangpur","G_winter_019","3",6.22,"273","2016_Rangpur"
"8551","2013","Medium","2016","1","Rangpur","G_winter_020","1",4.39,"274","2016_Rangpur"
"8552","2013","Medium","2016","1","Rangpur","G_winter_020","2",4.74,"275","2016_Rangpur"
"8553","2013","Medium","2016","1","Rangpur","G_winter_020","3",6.05,"276","2016_Rangpur"
"8554","2013","Medium","2016","1","Rangpur","G_winter_021","1",5.71,"277","2016_Rangpur"
"8555","2013","Medium","2016","1","Rangpur","G_winter_021","2",5.12,"278","2016_Rangpur"
"8556","2013","Medium","2016","1","Rangpur","G_winter_021","3",5.39,"279","2016_Rangpur"
"8557","2014","Medium","2016","1","Rangpur","G_winter_022","1",5.01,"280","2016_Rangpur"
"8558","2014","Medium","2016","1","Rangpur","G_winter_022","2",5.68,"281","2016_Rangpur"
"8559","2014","Medium","2016","1","Rangpur","G_winter_022","3",5.18,"282","2016_Rangpur"
"8560","2014","Medium","2016","1","Rangpur","G_winter_023","1",5.37,"283","2016_Rangpur"
"8561","2014","Medium","2016","1","Rangpur","G_winter_023","2",4.95,"284","2016_Rangpur"
"8562","2014","Medium","2016","1","Rangpur","G_winter_023","3",4.58,"285","2016_Rangpur"
"8563","2014","Medium","2016","1","Rangpur","G_winter_024","1",6.56,"286","2016_Rangpur"
"8564","2014","Medium","2016","1","Rangpur","G_winter_024","2",6.74,"287","2016_Rangpur"
"8565","2014","Medium","2016","1","Rangpur","G_winter_024","3",6.24,"288","2016_Rangpur"
"8566","2015","Medium","2016","1","Rangpur","G_winter_025","1",6.61,"289","2016_Rangpur"
"8567","2015","Medium","2016","1","Rangpur","G_winter_025","2",7.18,"290","2016_Rangpur"
"8568","2015","Medium","2016","1","Rangpur","G_winter_025","3",5.5,"291","2016_Rangpur"
"8569","1970","Medium","2016","2","Kushtia","G_winter_013","1",6.73,"253","2016_Kushtia"
"8570","1970","Medium","2016","2","Kushtia","G_winter_013","2",6.69,"254","2016_Kushtia"
"8571","1970","Medium","2016","2","Kushtia","G_winter_013","3",6.4,"255","2016_Kushtia"
"8572","1985","Medium","2016","2","Kushtia","G_winter_014","1",6.67,"256","2016_Kushtia"
"8573","1985","Medium","2016","2","Kushtia","G_winter_014","2",6.47,"257","2016_Kushtia"
"8574","1985","Medium","2016","2","Kushtia","G_winter_014","3",6.86,"258","2016_Kushtia"
"8575","1977","Medium","2016","2","Kushtia","G_winter_015","1",6.27,"259","2016_Kushtia"
"8576","1977","Medium","2016","2","Kushtia","G_winter_015","2",7.5,"260","2016_Kushtia"
"8577","1977","Medium","2016","2","Kushtia","G_winter_015","3",5.53,"261","2016_Kushtia"
"8578","1978","Medium","2016","2","Kushtia","G_winter_016","1",7.92,"262","2016_Kushtia"
"8579","1978","Medium","2016","2","Kushtia","G_winter_016","2",8.02,"263","2016_Kushtia"
"8580","1978","Medium","2016","2","Kushtia","G_winter_016","3",7.32,"264","2016_Kushtia"
"8581","1998","Medium","2016","2","Kushtia","G_winter_017","1",7.13,"265","2016_Kushtia"
"8582","1998","Medium","2016","2","Kushtia","G_winter_017","2",7.01,"266","2016_Kushtia"
"8583","1998","Medium","2016","2","Kushtia","G_winter_017","3",6.72,"267","2016_Kushtia"
"8584","2008","Medium","2016","2","Kushtia","G_winter_018","1",6.57,"268","2016_Kushtia"
"8585","2008","Medium","2016","2","Kushtia","G_winter_018","2",6.35,"269","2016_Kushtia"
"8586","2008","Medium","2016","2","Kushtia","G_winter_018","3",6.27,"270","2016_Kushtia"
"8587","2012","Medium","2016","2","Kushtia","G_winter_019","1",7.5,"271","2016_Kushtia"
"8588","2012","Medium","2016","2","Kushtia","G_winter_019","2",7.38,"272","2016_Kushtia"
"8589","2012","Medium","2016","2","Kushtia","G_winter_019","3",7.25,"273","2016_Kushtia"
"8590","2013","Medium","2016","2","Kushtia","G_winter_020","1",7.1,"274","2016_Kushtia"
"8591","2013","Medium","2016","2","Kushtia","G_winter_020","2",6.89,"275","2016_Kushtia"
"8592","2013","Medium","2016","2","Kushtia","G_winter_020","3",6.95,"276","2016_Kushtia"
"8593","2013","Medium","2016","2","Kushtia","G_winter_021","1",6.74,"277","2016_Kushtia"
"8594","2013","Medium","2016","2","Kushtia","G_winter_021","2",6.96,"278","2016_Kushtia"
"8595","2013","Medium","2016","2","Kushtia","G_winter_021","3",6.79,"279","2016_Kushtia"
"8596","2014","Medium","2016","2","Kushtia","G_winter_022","1",5.95,"280","2016_Kushtia"
"8597","2014","Medium","2016","2","Kushtia","G_winter_022","2",6.65,"281","2016_Kushtia"
"8598","2014","Medium","2016","2","Kushtia","G_winter_022","3",6.26,"282","2016_Kushtia"
"8599","2014","Medium","2016","2","Kushtia","G_winter_023","1",7.46,"283","2016_Kushtia"
"8600","2014","Medium","2016","2","Kushtia","G_winter_023","2",7.11,"284","2016_Kushtia"
"8601","2014","Medium","2016","2","Kushtia","G_winter_023","3",7.36,"285","2016_Kushtia"
"8602","2014","Medium","2016","2","Kushtia","G_winter_024","1",7.27,"286","2016_Kushtia"
"8603","2014","Medium","2016","2","Kushtia","G_winter_024","2",7.29,"287","2016_Kushtia"
"8604","2014","Medium","2016","2","Kushtia","G_winter_024","3",7.14,"288","2016_Kushtia"
"8605","2015","Medium","2016","2","Kushtia","G_winter_025","1",6.84,"289","2016_Kushtia"
"8606","2015","Medium","2016","2","Kushtia","G_winter_025","2",7.27,"290","2016_Kushtia"
"8607","2015","Medium","2016","2","Kushtia","G_winter_025","3",6.86,"291","2016_Kushtia"
"8608","1970","Medium","2016","2","Satkhira","G_winter_013","1",5.64,"253","2016_Satkhira"
"8609","1970","Medium","2016","2","Satkhira","G_winter_013","2",5.37,"254","2016_Satkhira"
"8610","1970","Medium","2016","2","Satkhira","G_winter_013","3",6.43,"255","2016_Satkhira"
"8611","1985","Medium","2016","2","Satkhira","G_winter_014","1",6.63,"256","2016_Satkhira"
"8612","1985","Medium","2016","2","Satkhira","G_winter_014","2",5.33,"257","2016_Satkhira"
"8613","1985","Medium","2016","2","Satkhira","G_winter_014","3",6.12,"258","2016_Satkhira"
"8614","1977","Medium","2016","2","Satkhira","G_winter_015","1",6.58,"259","2016_Satkhira"
"8615","1977","Medium","2016","2","Satkhira","G_winter_015","2",4.69,"260","2016_Satkhira"
"8616","1977","Medium","2016","2","Satkhira","G_winter_015","3",6.08,"261","2016_Satkhira"
"8617","1978","Medium","2016","2","Satkhira","G_winter_016","1",5.41,"262","2016_Satkhira"
"8618","1978","Medium","2016","2","Satkhira","G_winter_016","2",6.97,"263","2016_Satkhira"
"8619","1978","Medium","2016","2","Satkhira","G_winter_016","3",6.29,"264","2016_Satkhira"
"8620","1998","Medium","2016","2","Satkhira","G_winter_017","1",7.17,"265","2016_Satkhira"
"8621","1998","Medium","2016","2","Satkhira","G_winter_017","2",4.94,"266","2016_Satkhira"
"8622","1998","Medium","2016","2","Satkhira","G_winter_017","3",5.64,"267","2016_Satkhira"
"8623","2008","Medium","2016","2","Satkhira","G_winter_018","1",4.87,"268","2016_Satkhira"
"8624","2008","Medium","2016","2","Satkhira","G_winter_018","2",6.12,"269","2016_Satkhira"
"8625","2008","Medium","2016","2","Satkhira","G_winter_018","3",6.24,"270","2016_Satkhira"
"8626","2012","Medium","2016","2","Satkhira","G_winter_019","1",5.9,"271","2016_Satkhira"
"8627","2012","Medium","2016","2","Satkhira","G_winter_019","2",5.01,"272","2016_Satkhira"
"8628","2012","Medium","2016","2","Satkhira","G_winter_019","3",7.42,"273","2016_Satkhira"
"8629","2013","Medium","2016","2","Satkhira","G_winter_020","1",5.25,"274","2016_Satkhira"
"8630","2013","Medium","2016","2","Satkhira","G_winter_020","2",5.26,"275","2016_Satkhira"
"8631","2013","Medium","2016","2","Satkhira","G_winter_020","3",6.08,"276","2016_Satkhira"
"8632","2013","Medium","2016","2","Satkhira","G_winter_021","1",5.44,"277","2016_Satkhira"
"8633","2013","Medium","2016","2","Satkhira","G_winter_021","2",6.63,"278","2016_Satkhira"
"8634","2013","Medium","2016","2","Satkhira","G_winter_021","3",7.03,"279","2016_Satkhira"
"8635","2014","Medium","2016","2","Satkhira","G_winter_022","1",4.94,"280","2016_Satkhira"
"8636","2014","Medium","2016","2","Satkhira","G_winter_022","2",7.13,"281","2016_Satkhira"
"8637","2014","Medium","2016","2","Satkhira","G_winter_022","3",6.83,"282","2016_Satkhira"
"8638","2014","Medium","2016","2","Satkhira","G_winter_023","1",5.57,"283","2016_Satkhira"
"8639","2014","Medium","2016","2","Satkhira","G_winter_023","2",6.3,"284","2016_Satkhira"
"8640","2014","Medium","2016","2","Satkhira","G_winter_023","3",6.57,"285","2016_Satkhira"
"8641","2014","Medium","2016","2","Satkhira","G_winter_024","1",5.99,"286","2016_Satkhira"
"8642","2014","Medium","2016","2","Satkhira","G_winter_024","2",6.1,"287","2016_Satkhira"
"8643","2014","Medium","2016","2","Satkhira","G_winter_024","3",7.03,"288","2016_Satkhira"
"8644","2015","Medium","2016","2","Satkhira","G_winter_025","1",5.91,"289","2016_Satkhira"
"8645","2015","Medium","2016","2","Satkhira","G_winter_025","2",6.3,"290","2016_Satkhira"
"8646","2015","Medium","2016","2","Satkhira","G_winter_025","3",7.19,"291","2016_Satkhira"
"8647","1970","Medium","2016","3","Gazipur","G_winter_013","1",5.87,"253","2016_Gazipur"
"8648","1970","Medium","2016","3","Gazipur","G_winter_013","2",6.06,"254","2016_Gazipur"
"8649","1970","Medium","2016","3","Gazipur","G_winter_013","3",5.73,"255","2016_Gazipur"
"8650","1985","Medium","2016","3","Gazipur","G_winter_014","1",3.9,"256","2016_Gazipur"
"8651","1985","Medium","2016","3","Gazipur","G_winter_014","2",5.23,"257","2016_Gazipur"
"8652","1985","Medium","2016","3","Gazipur","G_winter_014","3",5.91,"258","2016_Gazipur"
"8653","1977","Medium","2016","3","Gazipur","G_winter_015","1",5.43,"259","2016_Gazipur"
"8654","1977","Medium","2016","3","Gazipur","G_winter_015","2",5.89,"260","2016_Gazipur"
"8655","1977","Medium","2016","3","Gazipur","G_winter_015","3",4.78,"261","2016_Gazipur"
"8656","1978","Medium","2016","3","Gazipur","G_winter_016","1",5.43,"262","2016_Gazipur"
"8657","1978","Medium","2016","3","Gazipur","G_winter_016","2",5.37,"263","2016_Gazipur"
"8658","1978","Medium","2016","3","Gazipur","G_winter_016","3",6.83,"264","2016_Gazipur"
"8659","1998","Medium","2016","3","Gazipur","G_winter_017","1",6.53,"265","2016_Gazipur"
"8660","1998","Medium","2016","3","Gazipur","G_winter_017","2",7.2,"266","2016_Gazipur"
"8661","1998","Medium","2016","3","Gazipur","G_winter_017","3",6.77,"267","2016_Gazipur"
"8662","2008","Medium","2016","3","Gazipur","G_winter_018","1",5.92,"268","2016_Gazipur"
"8663","2008","Medium","2016","3","Gazipur","G_winter_018","2",6.87,"269","2016_Gazipur"
"8664","2008","Medium","2016","3","Gazipur","G_winter_018","3",7.19,"270","2016_Gazipur"
"8665","2012","Medium","2016","3","Gazipur","G_winter_019","1",8.3,"271","2016_Gazipur"
"8666","2012","Medium","2016","3","Gazipur","G_winter_019","2",6.85,"272","2016_Gazipur"
"8667","2012","Medium","2016","3","Gazipur","G_winter_019","3",7.73,"273","2016_Gazipur"
"8668","2013","Medium","2016","3","Gazipur","G_winter_020","1",7.11,"274","2016_Gazipur"
"8669","2013","Medium","2016","3","Gazipur","G_winter_020","2",6.7,"275","2016_Gazipur"
"8670","2013","Medium","2016","3","Gazipur","G_winter_020","3",5.76,"276","2016_Gazipur"
"8671","2013","Medium","2016","3","Gazipur","G_winter_021","1",6.79,"277","2016_Gazipur"
"8672","2013","Medium","2016","3","Gazipur","G_winter_021","2",7.23,"278","2016_Gazipur"
"8673","2013","Medium","2016","3","Gazipur","G_winter_021","3",7.1,"279","2016_Gazipur"
"8674","2014","Medium","2016","3","Gazipur","G_winter_022","1",4.74,"280","2016_Gazipur"
"8675","2014","Medium","2016","3","Gazipur","G_winter_022","2",6.39,"281","2016_Gazipur"
"8676","2014","Medium","2016","3","Gazipur","G_winter_022","3",5.83,"282","2016_Gazipur"
"8677","2014","Medium","2016","3","Gazipur","G_winter_023","1",7.23,"283","2016_Gazipur"
"8678","2014","Medium","2016","3","Gazipur","G_winter_023","2",6.82,"284","2016_Gazipur"
"8679","2014","Medium","2016","3","Gazipur","G_winter_023","3",4.89,"285","2016_Gazipur"
"8680","2014","Medium","2016","3","Gazipur","G_winter_024","1",7.21,"286","2016_Gazipur"
"8681","2014","Medium","2016","3","Gazipur","G_winter_024","2",6.33,"287","2016_Gazipur"
"8682","2014","Medium","2016","3","Gazipur","G_winter_024","3",6.16,"288","2016_Gazipur"
"8683","2015","Medium","2016","3","Gazipur","G_winter_025","1",7.32,"289","2016_Gazipur"
"8684","2015","Medium","2016","3","Gazipur","G_winter_025","2",7.38,"290","2016_Gazipur"
"8685","2015","Medium","2016","3","Gazipur","G_winter_025","3",7.48,"291","2016_Gazipur"
"8686","1970","Medium","2016","3","Habiganj","G_winter_013","1",6.4,"253","2016_Habiganj"
"8687","1970","Medium","2016","3","Habiganj","G_winter_013","2",6.3,"254","2016_Habiganj"
"8688","1970","Medium","2016","3","Habiganj","G_winter_013","3",6,"255","2016_Habiganj"
"8689","1985","Medium","2016","3","Habiganj","G_winter_014","1",5,"256","2016_Habiganj"
"8690","1985","Medium","2016","3","Habiganj","G_winter_014","2",5.3,"257","2016_Habiganj"
"8691","1985","Medium","2016","3","Habiganj","G_winter_014","3",6.6,"258","2016_Habiganj"
"8692","1977","Medium","2016","3","Habiganj","G_winter_015","1",5,"259","2016_Habiganj"
"8693","1977","Medium","2016","3","Habiganj","G_winter_015","2",5.6,"260","2016_Habiganj"
"8694","1977","Medium","2016","3","Habiganj","G_winter_015","3",5.8,"261","2016_Habiganj"
"8695","1978","Medium","2016","3","Habiganj","G_winter_016","1",5.8,"262","2016_Habiganj"
"8696","1978","Medium","2016","3","Habiganj","G_winter_016","2",6,"263","2016_Habiganj"
"8697","1978","Medium","2016","3","Habiganj","G_winter_016","3",6.3,"264","2016_Habiganj"
"8698","1998","Medium","2016","3","Habiganj","G_winter_017","1",6.1,"265","2016_Habiganj"
"8699","1998","Medium","2016","3","Habiganj","G_winter_017","2",6,"266","2016_Habiganj"
"8700","1998","Medium","2016","3","Habiganj","G_winter_017","3",5.8,"267","2016_Habiganj"
"8701","2008","Medium","2016","3","Habiganj","G_winter_018","1",6.3,"268","2016_Habiganj"
"8702","2008","Medium","2016","3","Habiganj","G_winter_018","2",6.1,"269","2016_Habiganj"
"8703","2008","Medium","2016","3","Habiganj","G_winter_018","3",7.4,"270","2016_Habiganj"
"8704","2012","Medium","2016","3","Habiganj","G_winter_019","1",7.1,"271","2016_Habiganj"
"8705","2012","Medium","2016","3","Habiganj","G_winter_019","2",6.8,"272","2016_Habiganj"
"8706","2012","Medium","2016","3","Habiganj","G_winter_019","3",7.2,"273","2016_Habiganj"
"8707","2013","Medium","2016","3","Habiganj","G_winter_020","1",6.6,"274","2016_Habiganj"
"8708","2013","Medium","2016","3","Habiganj","G_winter_020","2",6.5,"275","2016_Habiganj"
"8709","2013","Medium","2016","3","Habiganj","G_winter_020","3",5.3,"276","2016_Habiganj"
"8710","2013","Medium","2016","3","Habiganj","G_winter_021","1",6.3,"277","2016_Habiganj"
"8711","2013","Medium","2016","3","Habiganj","G_winter_021","2",6.2,"278","2016_Habiganj"
"8712","2013","Medium","2016","3","Habiganj","G_winter_021","3",5.9,"279","2016_Habiganj"
"8713","2014","Medium","2016","3","Habiganj","G_winter_022","1",6,"280","2016_Habiganj"
"8714","2014","Medium","2016","3","Habiganj","G_winter_022","2",6.6,"281","2016_Habiganj"
"8715","2014","Medium","2016","3","Habiganj","G_winter_022","3",6.4,"282","2016_Habiganj"
"8716","2014","Medium","2016","3","Habiganj","G_winter_023","1",6.6,"283","2016_Habiganj"
"8717","2014","Medium","2016","3","Habiganj","G_winter_023","2",6,"284","2016_Habiganj"
"8718","2014","Medium","2016","3","Habiganj","G_winter_023","3",7.3,"285","2016_Habiganj"
"8719","2014","Medium","2016","3","Habiganj","G_winter_024","1",7.8,"286","2016_Habiganj"
"8720","2014","Medium","2016","3","Habiganj","G_winter_024","2",7.3,"287","2016_Habiganj"
"8721","2014","Medium","2016","3","Habiganj","G_winter_024","3",7.8,"288","2016_Habiganj"
"8722","2015","Medium","2016","3","Habiganj","G_winter_025","1",7,"289","2016_Habiganj"
"8723","2015","Medium","2016","3","Habiganj","G_winter_025","2",6,"290","2016_Habiganj"
"8724","2015","Medium","2016","3","Habiganj","G_winter_025","3",8.4,"291","2016_Habiganj"
"8725","1970","Medium","2016","4","Barishal","G_winter_013","1",4.33,"253","2016_Barishal"
"8726","1970","Medium","2016","4","Barishal","G_winter_013","2",4.29,"254","2016_Barishal"
"8727","1970","Medium","2016","4","Barishal","G_winter_013","3",5.32,"255","2016_Barishal"
"8728","1985","Medium","2016","4","Barishal","G_winter_014","1",5.32,"256","2016_Barishal"
"8729","1985","Medium","2016","4","Barishal","G_winter_014","2",4.97,"257","2016_Barishal"
"8730","1985","Medium","2016","4","Barishal","G_winter_014","3",5.95,"258","2016_Barishal"
"8731","1977","Medium","2016","4","Barishal","G_winter_015","1",5.1,"259","2016_Barishal"
"8732","1977","Medium","2016","4","Barishal","G_winter_015","2",4.44,"260","2016_Barishal"
"8733","1977","Medium","2016","4","Barishal","G_winter_015","3",6.1,"261","2016_Barishal"
"8734","1978","Medium","2016","4","Barishal","G_winter_016","1",6.46,"262","2016_Barishal"
"8735","1978","Medium","2016","4","Barishal","G_winter_016","2",6.04,"263","2016_Barishal"
"8736","1978","Medium","2016","4","Barishal","G_winter_016","3",5.91,"264","2016_Barishal"
"8737","1998","Medium","2016","4","Barishal","G_winter_017","1",6.07,"265","2016_Barishal"
"8738","1998","Medium","2016","4","Barishal","G_winter_017","2",5.38,"266","2016_Barishal"
"8739","1998","Medium","2016","4","Barishal","G_winter_017","3",5.52,"267","2016_Barishal"
"8740","2008","Medium","2016","4","Barishal","G_winter_018","1",5.08,"268","2016_Barishal"
"8741","2008","Medium","2016","4","Barishal","G_winter_018","2",4.92,"269","2016_Barishal"
"8742","2008","Medium","2016","4","Barishal","G_winter_018","3",3.99,"270","2016_Barishal"
"8743","2012","Medium","2016","4","Barishal","G_winter_019","1",4.49,"271","2016_Barishal"
"8744","2012","Medium","2016","4","Barishal","G_winter_019","2",4.26,"272","2016_Barishal"
"8745","2012","Medium","2016","4","Barishal","G_winter_019","3",5.48,"273","2016_Barishal"
"8746","2013","Medium","2016","4","Barishal","G_winter_020","1",5.35,"274","2016_Barishal"
"8747","2013","Medium","2016","4","Barishal","G_winter_020","2",4.48,"275","2016_Barishal"
"8748","2013","Medium","2016","4","Barishal","G_winter_020","3",5.14,"276","2016_Barishal"
"8749","2013","Medium","2016","4","Barishal","G_winter_021","1",4.47,"277","2016_Barishal"
"8750","2013","Medium","2016","4","Barishal","G_winter_021","2",5.21,"278","2016_Barishal"
"8751","2013","Medium","2016","4","Barishal","G_winter_021","3",4.16,"279","2016_Barishal"
"8752","2014","Medium","2016","4","Barishal","G_winter_022","1",4.59,"280","2016_Barishal"
"8753","2014","Medium","2016","4","Barishal","G_winter_022","2",3.84,"281","2016_Barishal"
"8754","2014","Medium","2016","4","Barishal","G_winter_022","3",4.1,"282","2016_Barishal"
"8755","2014","Medium","2016","4","Barishal","G_winter_023","1",5.51,"283","2016_Barishal"
"8756","2014","Medium","2016","4","Barishal","G_winter_023","2",5.28,"284","2016_Barishal"
"8757","2014","Medium","2016","4","Barishal","G_winter_023","3",4.62,"285","2016_Barishal"
"8758","2014","Medium","2016","4","Barishal","G_winter_024","1",4.52,"286","2016_Barishal"
"8759","2014","Medium","2016","4","Barishal","G_winter_024","2",5.03,"287","2016_Barishal"
"8760","2014","Medium","2016","4","Barishal","G_winter_024","3",3.85,"288","2016_Barishal"
"8761","2015","Medium","2016","4","Barishal","G_winter_025","1",6.88,"289","2016_Barishal"
"8762","2015","Medium","2016","4","Barishal","G_winter_025","2",6.09,"290","2016_Barishal"
"8763","2015","Medium","2016","4","Barishal","G_winter_025","3",5.38,"291","2016_Barishal"
"8764","1970","Medium","2016","4","Rajshahi","G_winter_013","1",6.07,"253","2016_Rajshahi"
"8765","1970","Medium","2016","4","Rajshahi","G_winter_013","2",6.3,"254","2016_Rajshahi"
"8766","1970","Medium","2016","4","Rajshahi","G_winter_013","3",5.73,"255","2016_Rajshahi"
"8767","1985","Medium","2016","4","Rajshahi","G_winter_014","1",5.6,"256","2016_Rajshahi"
"8768","1985","Medium","2016","4","Rajshahi","G_winter_014","2",4.21,"257","2016_Rajshahi"
"8769","1985","Medium","2016","4","Rajshahi","G_winter_014","3",4.84,"258","2016_Rajshahi"
"8770","1977","Medium","2016","4","Rajshahi","G_winter_015","1",6.2,"259","2016_Rajshahi"
"8771","1977","Medium","2016","4","Rajshahi","G_winter_015","2",6.35,"260","2016_Rajshahi"
"8772","1977","Medium","2016","4","Rajshahi","G_winter_015","3",5.87,"261","2016_Rajshahi"
"8773","1978","Medium","2016","4","Rajshahi","G_winter_016","1",5.73,"262","2016_Rajshahi"
"8774","1978","Medium","2016","4","Rajshahi","G_winter_016","2",5.45,"263","2016_Rajshahi"
"8775","1978","Medium","2016","4","Rajshahi","G_winter_016","3",6.03,"264","2016_Rajshahi"
"8776","1998","Medium","2016","4","Rajshahi","G_winter_017","1",5.5,"265","2016_Rajshahi"
"8777","1998","Medium","2016","4","Rajshahi","G_winter_017","2",5.73,"266","2016_Rajshahi"
"8778","1998","Medium","2016","4","Rajshahi","G_winter_017","3",5.61,"267","2016_Rajshahi"
"8779","2008","Medium","2016","4","Rajshahi","G_winter_018","1",6,"268","2016_Rajshahi"
"8780","2008","Medium","2016","4","Rajshahi","G_winter_018","2",5.82,"269","2016_Rajshahi"
"8781","2008","Medium","2016","4","Rajshahi","G_winter_018","3",5.61,"270","2016_Rajshahi"
"8782","2012","Medium","2016","4","Rajshahi","G_winter_019","1",5.6,"271","2016_Rajshahi"
"8783","2012","Medium","2016","4","Rajshahi","G_winter_019","2",6.01,"272","2016_Rajshahi"
"8784","2012","Medium","2016","4","Rajshahi","G_winter_019","3",6.4,"273","2016_Rajshahi"
"8785","2013","Medium","2016","4","Rajshahi","G_winter_020","1",5.1,"274","2016_Rajshahi"
"8786","2013","Medium","2016","4","Rajshahi","G_winter_020","2",5.18,"275","2016_Rajshahi"
"8787","2013","Medium","2016","4","Rajshahi","G_winter_020","3",5.31,"276","2016_Rajshahi"
"8788","2013","Medium","2016","4","Rajshahi","G_winter_021","1",5.12,"277","2016_Rajshahi"
"8789","2013","Medium","2016","4","Rajshahi","G_winter_021","2",5.43,"278","2016_Rajshahi"
"8790","2013","Medium","2016","4","Rajshahi","G_winter_021","3",5.7,"279","2016_Rajshahi"
"8791","2014","Medium","2016","4","Rajshahi","G_winter_022","1",5.31,"280","2016_Rajshahi"
"8792","2014","Medium","2016","4","Rajshahi","G_winter_022","2",5.37,"281","2016_Rajshahi"
"8793","2014","Medium","2016","4","Rajshahi","G_winter_022","3",5.46,"282","2016_Rajshahi"
"8794","2014","Medium","2016","4","Rajshahi","G_winter_023","1",6.25,"283","2016_Rajshahi"
"8795","2014","Medium","2016","4","Rajshahi","G_winter_023","2",5.99,"284","2016_Rajshahi"
"8796","2014","Medium","2016","4","Rajshahi","G_winter_023","3",6.13,"285","2016_Rajshahi"
"8797","2014","Medium","2016","4","Rajshahi","G_winter_024","1",6.25,"286","2016_Rajshahi"
"8798","2014","Medium","2016","4","Rajshahi","G_winter_024","2",5.88,"287","2016_Rajshahi"
"8799","2014","Medium","2016","4","Rajshahi","G_winter_024","3",5.62,"288","2016_Rajshahi"
"8800","2015","Medium","2016","4","Rajshahi","G_winter_025","1",6.39,"289","2016_Rajshahi"
"8801","2015","Medium","2016","4","Rajshahi","G_winter_025","2",6.2,"290","2016_Rajshahi"
"8802","2015","Medium","2016","4","Rajshahi","G_winter_025","3",5.83,"291","2016_Rajshahi"
"8803","1970","Medium","2017","1","Bhanga","G_winter_013","1",5.78,"292","2017_Bhanga"
"8804","1970","Medium","2017","1","Bhanga","G_winter_013","2",5.74,"293","2017_Bhanga"
"8805","1970","Medium","2017","1","Bhanga","G_winter_013","3",6.28,"294","2017_Bhanga"
"8806","1985","Medium","2017","1","Bhanga","G_winter_014","1",4.45,"295","2017_Bhanga"
"8807","1985","Medium","2017","1","Bhanga","G_winter_014","2",4.65,"296","2017_Bhanga"
"8808","1985","Medium","2017","1","Bhanga","G_winter_014","3",4.54,"297","2017_Bhanga"
"8809","1977","Medium","2017","1","Bhanga","G_winter_015","1",5.81,"298","2017_Bhanga"
"8810","1977","Medium","2017","1","Bhanga","G_winter_015","2",6.13,"299","2017_Bhanga"
"8811","1977","Medium","2017","1","Bhanga","G_winter_015","3",6.93,"300","2017_Bhanga"
"8812","1978","Medium","2017","1","Bhanga","G_winter_016","1",6.82,"301","2017_Bhanga"
"8813","1978","Medium","2017","1","Bhanga","G_winter_016","2",6.36,"302","2017_Bhanga"
"8814","1978","Medium","2017","1","Bhanga","G_winter_016","3",6.47,"303","2017_Bhanga"
"8815","1998","Medium","2017","1","Bhanga","G_winter_017","1",6.53,"304","2017_Bhanga"
"8816","1998","Medium","2017","1","Bhanga","G_winter_017","2",6.23,"305","2017_Bhanga"
"8817","1998","Medium","2017","1","Bhanga","G_winter_017","3",6.82,"306","2017_Bhanga"
"8818","2008","Medium","2017","1","Bhanga","G_winter_018","1",3.87,"307","2017_Bhanga"
"8819","2008","Medium","2017","1","Bhanga","G_winter_018","2",4.15,"308","2017_Bhanga"
"8820","2008","Medium","2017","1","Bhanga","G_winter_018","3",5.32,"309","2017_Bhanga"
"8821","2012","Medium","2017","1","Bhanga","G_winter_019","1",7.24,"310","2017_Bhanga"
"8822","2012","Medium","2017","1","Bhanga","G_winter_019","2",6.93,"311","2017_Bhanga"
"8823","2012","Medium","2017","1","Bhanga","G_winter_019","3",6.98,"312","2017_Bhanga"
"8824","2013","Medium","2017","1","Bhanga","G_winter_020","1",6.27,"313","2017_Bhanga"
"8825","2013","Medium","2017","1","Bhanga","G_winter_020","2",6.08,"314","2017_Bhanga"
"8826","2013","Medium","2017","1","Bhanga","G_winter_020","3",6.51,"315","2017_Bhanga"
"8827","2013","Medium","2017","1","Bhanga","G_winter_021","1",5.98,"316","2017_Bhanga"
"8828","2013","Medium","2017","1","Bhanga","G_winter_021","2",5.71,"317","2017_Bhanga"
"8829","2013","Medium","2017","1","Bhanga","G_winter_021","3",6.41,"318","2017_Bhanga"
"8830","2014","Medium","2017","1","Bhanga","G_winter_022","1",6.01,"319","2017_Bhanga"
"8831","2014","Medium","2017","1","Bhanga","G_winter_022","2",6.11,"320","2017_Bhanga"
"8832","2014","Medium","2017","1","Bhanga","G_winter_022","3",6.16,"321","2017_Bhanga"
"8833","2014","Medium","2017","1","Bhanga","G_winter_023","1",6.82,"322","2017_Bhanga"
"8834","2014","Medium","2017","1","Bhanga","G_winter_023","2",6.23,"323","2017_Bhanga"
"8835","2014","Medium","2017","1","Bhanga","G_winter_023","3",6.53,"324","2017_Bhanga"
"8836","2014","Medium","2017","1","Bhanga","G_winter_024","1",6.89,"325","2017_Bhanga"
"8837","2014","Medium","2017","1","Bhanga","G_winter_024","2",7.57,"326","2017_Bhanga"
"8838","2014","Medium","2017","1","Bhanga","G_winter_024","3",7.37,"327","2017_Bhanga"
"8839","2015","Medium","2017","1","Bhanga","G_winter_025","1",6.32,"328","2017_Bhanga"
"8840","2015","Medium","2017","1","Bhanga","G_winter_025","2",6.27,"329","2017_Bhanga"
"8841","2015","Medium","2017","1","Bhanga","G_winter_025","3",6.48,"330","2017_Bhanga"
"8842","1970","Medium","2017","1","Cumilla","G_winter_013","1",4.49,"292","2017_Cumilla"
"8843","1970","Medium","2017","1","Cumilla","G_winter_013","2",5.36,"293","2017_Cumilla"
"8844","1970","Medium","2017","1","Cumilla","G_winter_013","3",5.15,"294","2017_Cumilla"
"8845","1985","Medium","2017","1","Cumilla","G_winter_014","1",7.78,"295","2017_Cumilla"
"8846","1985","Medium","2017","1","Cumilla","G_winter_014","2",7.76,"296","2017_Cumilla"
"8847","1985","Medium","2017","1","Cumilla","G_winter_014","3",6.49,"297","2017_Cumilla"
"8848","1977","Medium","2017","1","Cumilla","G_winter_015","1",4.92,"298","2017_Cumilla"
"8849","1977","Medium","2017","1","Cumilla","G_winter_015","2",5.57,"299","2017_Cumilla"
"8850","1977","Medium","2017","1","Cumilla","G_winter_015","3",5.62,"300","2017_Cumilla"
"8851","1978","Medium","2017","1","Cumilla","G_winter_016","1",6.45,"301","2017_Cumilla"
"8852","1978","Medium","2017","1","Cumilla","G_winter_016","2",6.73,"302","2017_Cumilla"
"8853","1978","Medium","2017","1","Cumilla","G_winter_016","3",6.32,"303","2017_Cumilla"
"8854","1998","Medium","2017","1","Cumilla","G_winter_017","1",5.49,"304","2017_Cumilla"
"8855","1998","Medium","2017","1","Cumilla","G_winter_017","2",5.03,"305","2017_Cumilla"
"8856","1998","Medium","2017","1","Cumilla","G_winter_017","3",5.74,"306","2017_Cumilla"
"8857","2008","Medium","2017","1","Cumilla","G_winter_018","1",5.9,"307","2017_Cumilla"
"8858","2008","Medium","2017","1","Cumilla","G_winter_018","2",6.15,"308","2017_Cumilla"
"8859","2008","Medium","2017","1","Cumilla","G_winter_018","3",6.01,"309","2017_Cumilla"
"8860","2012","Medium","2017","1","Cumilla","G_winter_019","1",8.35,"310","2017_Cumilla"
"8861","2012","Medium","2017","1","Cumilla","G_winter_019","2",8.18,"311","2017_Cumilla"
"8862","2012","Medium","2017","1","Cumilla","G_winter_019","3",7.93,"312","2017_Cumilla"
"8863","2013","Medium","2017","1","Cumilla","G_winter_020","1",2.75,"313","2017_Cumilla"
"8864","2013","Medium","2017","1","Cumilla","G_winter_020","2",7.61,"314","2017_Cumilla"
"8865","2013","Medium","2017","1","Cumilla","G_winter_020","3",7.61,"315","2017_Cumilla"
"8866","2013","Medium","2017","1","Cumilla","G_winter_021","1",5.73,"316","2017_Cumilla"
"8867","2013","Medium","2017","1","Cumilla","G_winter_021","2",5.83,"317","2017_Cumilla"
"8868","2013","Medium","2017","1","Cumilla","G_winter_021","3",3.57,"318","2017_Cumilla"
"8869","2014","Medium","2017","1","Cumilla","G_winter_022","1",5.81,"319","2017_Cumilla"
"8870","2014","Medium","2017","1","Cumilla","G_winter_022","2",6.15,"320","2017_Cumilla"
"8871","2014","Medium","2017","1","Cumilla","G_winter_022","3",6.31,"321","2017_Cumilla"
"8872","2014","Medium","2017","1","Cumilla","G_winter_023","1",6.21,"322","2017_Cumilla"
"8873","2014","Medium","2017","1","Cumilla","G_winter_023","2",6.47,"323","2017_Cumilla"
"8874","2014","Medium","2017","1","Cumilla","G_winter_023","3",6.79,"324","2017_Cumilla"
"8875","2014","Medium","2017","1","Cumilla","G_winter_024","1",5.36,"325","2017_Cumilla"
"8876","2014","Medium","2017","1","Cumilla","G_winter_024","2",6.43,"326","2017_Cumilla"
"8877","2014","Medium","2017","1","Cumilla","G_winter_024","3",8.19,"327","2017_Cumilla"
"8878","2015","Medium","2017","1","Cumilla","G_winter_025","1",6.05,"328","2017_Cumilla"
"8879","2015","Medium","2017","1","Cumilla","G_winter_025","2",6.07,"329","2017_Cumilla"
"8880","2015","Medium","2017","1","Cumilla","G_winter_025","3",5.9,"330","2017_Cumilla"
"8881","1970","Medium","2017","1","Rangpur","G_winter_013","1",5.18,"292","2017_Rangpur"
"8882","1970","Medium","2017","1","Rangpur","G_winter_013","2",4.88,"293","2017_Rangpur"
"8883","1970","Medium","2017","1","Rangpur","G_winter_013","3",4.82,"294","2017_Rangpur"
"8884","1985","Medium","2017","1","Rangpur","G_winter_014","1",4.21,"295","2017_Rangpur"
"8885","1985","Medium","2017","1","Rangpur","G_winter_014","2",5.03,"296","2017_Rangpur"
"8886","1985","Medium","2017","1","Rangpur","G_winter_014","3",5.16,"297","2017_Rangpur"
"8887","1977","Medium","2017","1","Rangpur","G_winter_015","1",5.7,"298","2017_Rangpur"
"8888","1977","Medium","2017","1","Rangpur","G_winter_015","2",3.36,"299","2017_Rangpur"
"8889","1977","Medium","2017","1","Rangpur","G_winter_015","3",3.19,"300","2017_Rangpur"
"8890","1978","Medium","2017","1","Rangpur","G_winter_016","1",4.51,"301","2017_Rangpur"
"8891","1978","Medium","2017","1","Rangpur","G_winter_016","2",5.01,"302","2017_Rangpur"
"8892","1978","Medium","2017","1","Rangpur","G_winter_016","3",6,"303","2017_Rangpur"
"8893","1998","Medium","2017","1","Rangpur","G_winter_017","1",6.08,"304","2017_Rangpur"
"8894","1998","Medium","2017","1","Rangpur","G_winter_017","2",4.85,"305","2017_Rangpur"
"8895","1998","Medium","2017","1","Rangpur","G_winter_017","3",5.36,"306","2017_Rangpur"
"8896","2008","Medium","2017","1","Rangpur","G_winter_018","1",4.51,"307","2017_Rangpur"
"8897","2008","Medium","2017","1","Rangpur","G_winter_018","2",4.8,"308","2017_Rangpur"
"8898","2008","Medium","2017","1","Rangpur","G_winter_018","3",5.15,"309","2017_Rangpur"
"8899","2012","Medium","2017","1","Rangpur","G_winter_019","1",5.54,"310","2017_Rangpur"
"8900","2012","Medium","2017","1","Rangpur","G_winter_019","2",6.13,"311","2017_Rangpur"
"8901","2012","Medium","2017","1","Rangpur","G_winter_019","3",5.51,"312","2017_Rangpur"
"8902","2013","Medium","2017","1","Rangpur","G_winter_020","1",4.53,"313","2017_Rangpur"
"8903","2013","Medium","2017","1","Rangpur","G_winter_020","2",4.2,"314","2017_Rangpur"
"8904","2013","Medium","2017","1","Rangpur","G_winter_020","3",4.53,"315","2017_Rangpur"
"8905","2013","Medium","2017","1","Rangpur","G_winter_021","1",3.91,"316","2017_Rangpur"
"8906","2013","Medium","2017","1","Rangpur","G_winter_021","2",4.57,"317","2017_Rangpur"
"8907","2013","Medium","2017","1","Rangpur","G_winter_021","3",4.21,"318","2017_Rangpur"
"8908","2014","Medium","2017","1","Rangpur","G_winter_022","1",3.55,"319","2017_Rangpur"
"8909","2014","Medium","2017","1","Rangpur","G_winter_022","2",6.08,"320","2017_Rangpur"
"8910","2014","Medium","2017","1","Rangpur","G_winter_022","3",3.55,"321","2017_Rangpur"
"8911","2014","Medium","2017","1","Rangpur","G_winter_023","1",5.62,"322","2017_Rangpur"
"8912","2014","Medium","2017","1","Rangpur","G_winter_023","2",4.23,"323","2017_Rangpur"
"8913","2014","Medium","2017","1","Rangpur","G_winter_023","3",4.2,"324","2017_Rangpur"
"8914","2014","Medium","2017","1","Rangpur","G_winter_024","1",5.77,"325","2017_Rangpur"
"8915","2014","Medium","2017","1","Rangpur","G_winter_024","2",6.59,"326","2017_Rangpur"
"8916","2014","Medium","2017","1","Rangpur","G_winter_024","3",6.59,"327","2017_Rangpur"
"8917","2015","Medium","2017","1","Rangpur","G_winter_025","1",7.06,"328","2017_Rangpur"
"8918","2015","Medium","2017","1","Rangpur","G_winter_025","2",6.23,"329","2017_Rangpur"
"8919","2015","Medium","2017","1","Rangpur","G_winter_025","3",5.88,"330","2017_Rangpur"
"8920","1970","Medium","2017","2","Kushtia","G_winter_013","1",7.06,"292","2017_Kushtia"
"8921","1970","Medium","2017","2","Kushtia","G_winter_013","2",7.15,"293","2017_Kushtia"
"8922","1970","Medium","2017","2","Kushtia","G_winter_013","3",5.92,"294","2017_Kushtia"
"8923","1985","Medium","2017","2","Kushtia","G_winter_014","1",6.16,"295","2017_Kushtia"
"8924","1985","Medium","2017","2","Kushtia","G_winter_014","2",6.57,"296","2017_Kushtia"
"8925","1985","Medium","2017","2","Kushtia","G_winter_014","3",5.8,"297","2017_Kushtia"
"8926","1977","Medium","2017","2","Kushtia","G_winter_015","1",5.17,"298","2017_Kushtia"
"8927","1977","Medium","2017","2","Kushtia","G_winter_015","2",6.05,"299","2017_Kushtia"
"8928","1977","Medium","2017","2","Kushtia","G_winter_015","3",5.47,"300","2017_Kushtia"
"8929","1978","Medium","2017","2","Kushtia","G_winter_016","1",6.51,"301","2017_Kushtia"
"8930","1978","Medium","2017","2","Kushtia","G_winter_016","2",6.94,"302","2017_Kushtia"
"8931","1978","Medium","2017","2","Kushtia","G_winter_016","3",6.99,"303","2017_Kushtia"
"8932","1998","Medium","2017","2","Kushtia","G_winter_017","1",7,"304","2017_Kushtia"
"8933","1998","Medium","2017","2","Kushtia","G_winter_017","2",6.36,"305","2017_Kushtia"
"8934","1998","Medium","2017","2","Kushtia","G_winter_017","3",6.21,"306","2017_Kushtia"
"8935","2008","Medium","2017","2","Kushtia","G_winter_018","1",5.58,"307","2017_Kushtia"
"8936","2008","Medium","2017","2","Kushtia","G_winter_018","2",6.24,"308","2017_Kushtia"
"8937","2008","Medium","2017","2","Kushtia","G_winter_018","3",6.95,"309","2017_Kushtia"
"8938","2012","Medium","2017","2","Kushtia","G_winter_019","1",6.02,"310","2017_Kushtia"
"8939","2012","Medium","2017","2","Kushtia","G_winter_019","2",6.73,"311","2017_Kushtia"
"8940","2012","Medium","2017","2","Kushtia","G_winter_019","3",6.52,"312","2017_Kushtia"
"8941","2013","Medium","2017","2","Kushtia","G_winter_020","1",6.72,"313","2017_Kushtia"
"8942","2013","Medium","2017","2","Kushtia","G_winter_020","2",7.05,"314","2017_Kushtia"
"8943","2013","Medium","2017","2","Kushtia","G_winter_020","3",6.91,"315","2017_Kushtia"
"8944","2013","Medium","2017","2","Kushtia","G_winter_021","1",5.86,"316","2017_Kushtia"
"8945","2013","Medium","2017","2","Kushtia","G_winter_021","2",7.35,"317","2017_Kushtia"
"8946","2013","Medium","2017","2","Kushtia","G_winter_021","3",7.06,"318","2017_Kushtia"
"8947","2014","Medium","2017","2","Kushtia","G_winter_022","1",5.39,"319","2017_Kushtia"
"8948","2014","Medium","2017","2","Kushtia","G_winter_022","2",7.42,"320","2017_Kushtia"
"8949","2014","Medium","2017","2","Kushtia","G_winter_022","3",6.31,"321","2017_Kushtia"
"8950","2014","Medium","2017","2","Kushtia","G_winter_023","1",6.73,"322","2017_Kushtia"
"8951","2014","Medium","2017","2","Kushtia","G_winter_023","2",7.11,"323","2017_Kushtia"
"8952","2014","Medium","2017","2","Kushtia","G_winter_023","3",7.94,"324","2017_Kushtia"
"8953","2014","Medium","2017","2","Kushtia","G_winter_024","1",6.51,"325","2017_Kushtia"
"8954","2014","Medium","2017","2","Kushtia","G_winter_024","2",6.5,"326","2017_Kushtia"
"8955","2014","Medium","2017","2","Kushtia","G_winter_024","3",7.11,"327","2017_Kushtia"
"8956","2015","Medium","2017","2","Kushtia","G_winter_025","1",6.91,"328","2017_Kushtia"
"8957","2015","Medium","2017","2","Kushtia","G_winter_025","2",6.43,"329","2017_Kushtia"
"8958","2015","Medium","2017","2","Kushtia","G_winter_025","3",7.53,"330","2017_Kushtia"
"8959","1970","Medium","2017","2","Satkhira","G_winter_013","1",6.82,"292","2017_Satkhira"
"8960","1970","Medium","2017","2","Satkhira","G_winter_013","2",6.98,"293","2017_Satkhira"
"8961","1970","Medium","2017","2","Satkhira","G_winter_013","3",6.65,"294","2017_Satkhira"
"8962","1985","Medium","2017","2","Satkhira","G_winter_014","1",6.59,"295","2017_Satkhira"
"8963","1985","Medium","2017","2","Satkhira","G_winter_014","2",5.98,"296","2017_Satkhira"
"8964","1985","Medium","2017","2","Satkhira","G_winter_014","3",6.06,"297","2017_Satkhira"
"8965","1977","Medium","2017","2","Satkhira","G_winter_015","1",6.49,"298","2017_Satkhira"
"8966","1977","Medium","2017","2","Satkhira","G_winter_015","2",5.83,"299","2017_Satkhira"
"8967","1977","Medium","2017","2","Satkhira","G_winter_015","3",5.49,"300","2017_Satkhira"
"8968","1978","Medium","2017","2","Satkhira","G_winter_016","1",7,"301","2017_Satkhira"
"8969","1978","Medium","2017","2","Satkhira","G_winter_016","2",6.95,"302","2017_Satkhira"
"8970","1978","Medium","2017","2","Satkhira","G_winter_016","3",6.46,"303","2017_Satkhira"
"8971","1998","Medium","2017","2","Satkhira","G_winter_017","1",7.23,"304","2017_Satkhira"
"8972","1998","Medium","2017","2","Satkhira","G_winter_017","2",7.07,"305","2017_Satkhira"
"8973","1998","Medium","2017","2","Satkhira","G_winter_017","3",7.2,"306","2017_Satkhira"
"8974","2008","Medium","2017","2","Satkhira","G_winter_018","1",5.94,"307","2017_Satkhira"
"8975","2008","Medium","2017","2","Satkhira","G_winter_018","2",5.5,"308","2017_Satkhira"
"8976","2008","Medium","2017","2","Satkhira","G_winter_018","3",5.99,"309","2017_Satkhira"
"8977","2012","Medium","2017","2","Satkhira","G_winter_019","1",7.93,"310","2017_Satkhira"
"8978","2012","Medium","2017","2","Satkhira","G_winter_019","2",7.06,"311","2017_Satkhira"
"8979","2012","Medium","2017","2","Satkhira","G_winter_019","3",7.28,"312","2017_Satkhira"
"8980","2013","Medium","2017","2","Satkhira","G_winter_020","1",7.43,"313","2017_Satkhira"
"8981","2013","Medium","2017","2","Satkhira","G_winter_020","2",7.67,"314","2017_Satkhira"
"8982","2013","Medium","2017","2","Satkhira","G_winter_020","3",7.08,"315","2017_Satkhira"
"8983","2013","Medium","2017","2","Satkhira","G_winter_021","1",6.82,"316","2017_Satkhira"
"8984","2013","Medium","2017","2","Satkhira","G_winter_021","2",7.15,"317","2017_Satkhira"
"8985","2013","Medium","2017","2","Satkhira","G_winter_021","3",6.41,"318","2017_Satkhira"
"8986","2014","Medium","2017","2","Satkhira","G_winter_022","1",5.66,"319","2017_Satkhira"
"8987","2014","Medium","2017","2","Satkhira","G_winter_022","2",5.72,"320","2017_Satkhira"
"8988","2014","Medium","2017","2","Satkhira","G_winter_022","3",6.27,"321","2017_Satkhira"
"8989","2014","Medium","2017","2","Satkhira","G_winter_023","1",6.71,"322","2017_Satkhira"
"8990","2014","Medium","2017","2","Satkhira","G_winter_023","2",6.44,"323","2017_Satkhira"
"8991","2014","Medium","2017","2","Satkhira","G_winter_023","3",6.08,"324","2017_Satkhira"
"8992","2014","Medium","2017","2","Satkhira","G_winter_024","1",7.87,"325","2017_Satkhira"
"8993","2014","Medium","2017","2","Satkhira","G_winter_024","2",7.18,"326","2017_Satkhira"
"8994","2014","Medium","2017","2","Satkhira","G_winter_024","3",6.82,"327","2017_Satkhira"
"8995","2015","Medium","2017","2","Satkhira","G_winter_025","1",5.85,"328","2017_Satkhira"
"8996","2015","Medium","2017","2","Satkhira","G_winter_025","2",6.03,"329","2017_Satkhira"
"8997","2015","Medium","2017","2","Satkhira","G_winter_025","3",6.67,"330","2017_Satkhira"
"8998","1970","Medium","2017","3","Gazipur","G_winter_013","1",5.4,"292","2017_Gazipur"
"8999","1970","Medium","2017","3","Gazipur","G_winter_013","2",4.84,"293","2017_Gazipur"
"9000","1970","Medium","2017","3","Gazipur","G_winter_013","3",6.01,"294","2017_Gazipur"
"9001","1985","Medium","2017","3","Gazipur","G_winter_014","1",2.88,"295","2017_Gazipur"
"9002","1985","Medium","2017","3","Gazipur","G_winter_014","2",2.73,"296","2017_Gazipur"
"9003","1985","Medium","2017","3","Gazipur","G_winter_014","3",3.13,"297","2017_Gazipur"
"9004","1977","Medium","2017","3","Gazipur","G_winter_015","1",7.01,"298","2017_Gazipur"
"9005","1977","Medium","2017","3","Gazipur","G_winter_015","2",3.04,"299","2017_Gazipur"
"9006","1977","Medium","2017","3","Gazipur","G_winter_015","3",3.62,"300","2017_Gazipur"
"9007","1978","Medium","2017","3","Gazipur","G_winter_016","1",3.46,"301","2017_Gazipur"
"9008","1978","Medium","2017","3","Gazipur","G_winter_016","2",2.97,"302","2017_Gazipur"
"9009","1978","Medium","2017","3","Gazipur","G_winter_016","3",3.41,"303","2017_Gazipur"
"9010","1998","Medium","2017","3","Gazipur","G_winter_017","1",5.68,"304","2017_Gazipur"
"9011","1998","Medium","2017","3","Gazipur","G_winter_017","2",4.89,"305","2017_Gazipur"
"9012","1998","Medium","2017","3","Gazipur","G_winter_017","3",4.68,"306","2017_Gazipur"
"9013","2008","Medium","2017","3","Gazipur","G_winter_018","1",4.38,"307","2017_Gazipur"
"9014","2008","Medium","2017","3","Gazipur","G_winter_018","2",4.39,"308","2017_Gazipur"
"9015","2008","Medium","2017","3","Gazipur","G_winter_018","3",3.45,"309","2017_Gazipur"
"9016","2012","Medium","2017","3","Gazipur","G_winter_019","1",4.94,"310","2017_Gazipur"
"9017","2012","Medium","2017","3","Gazipur","G_winter_019","2",5.45,"311","2017_Gazipur"
"9018","2012","Medium","2017","3","Gazipur","G_winter_019","3",5.41,"312","2017_Gazipur"
"9019","2013","Medium","2017","3","Gazipur","G_winter_020","1",4.59,"313","2017_Gazipur"
"9020","2013","Medium","2017","3","Gazipur","G_winter_020","2",4.45,"314","2017_Gazipur"
"9021","2013","Medium","2017","3","Gazipur","G_winter_020","3",4.26,"315","2017_Gazipur"
"9022","2013","Medium","2017","3","Gazipur","G_winter_021","1",6.09,"316","2017_Gazipur"
"9023","2013","Medium","2017","3","Gazipur","G_winter_021","2",3.85,"317","2017_Gazipur"
"9024","2013","Medium","2017","3","Gazipur","G_winter_021","3",6.09,"318","2017_Gazipur"
"9025","2014","Medium","2017","3","Gazipur","G_winter_022","1",4.4,"319","2017_Gazipur"
"9026","2014","Medium","2017","3","Gazipur","G_winter_022","2",3.64,"320","2017_Gazipur"
"9027","2014","Medium","2017","3","Gazipur","G_winter_022","3",4.13,"321","2017_Gazipur"
"9028","2014","Medium","2017","3","Gazipur","G_winter_023","1",4.89,"322","2017_Gazipur"
"9029","2014","Medium","2017","3","Gazipur","G_winter_023","2",5.35,"323","2017_Gazipur"
"9030","2014","Medium","2017","3","Gazipur","G_winter_023","3",5.16,"324","2017_Gazipur"
"9031","2014","Medium","2017","3","Gazipur","G_winter_024","1",6.1,"325","2017_Gazipur"
"9032","2014","Medium","2017","3","Gazipur","G_winter_024","2",5.75,"326","2017_Gazipur"
"9033","2014","Medium","2017","3","Gazipur","G_winter_024","3",6.28,"327","2017_Gazipur"
"9034","2015","Medium","2017","3","Gazipur","G_winter_025","1",6.4,"328","2017_Gazipur"
"9035","2015","Medium","2017","3","Gazipur","G_winter_025","2",6.52,"329","2017_Gazipur"
"9036","2015","Medium","2017","3","Gazipur","G_winter_025","3",7.28,"330","2017_Gazipur"
"9037","1970","Medium","2017","3","Habiganj","G_winter_013","1",3.16,"292","2017_Habiganj"
"9038","1970","Medium","2017","3","Habiganj","G_winter_013","2",2.94,"293","2017_Habiganj"
"9039","1970","Medium","2017","3","Habiganj","G_winter_013","3",3.21,"294","2017_Habiganj"
"9040","1985","Medium","2017","3","Habiganj","G_winter_014","1",4.62,"295","2017_Habiganj"
"9041","1985","Medium","2017","3","Habiganj","G_winter_014","2",2.8,"296","2017_Habiganj"
"9042","1985","Medium","2017","3","Habiganj","G_winter_014","3",3.06,"297","2017_Habiganj"
"9043","1977","Medium","2017","3","Habiganj","G_winter_015","1",3.3,"298","2017_Habiganj"
"9044","1977","Medium","2017","3","Habiganj","G_winter_015","2",3.91,"299","2017_Habiganj"
"9045","1977","Medium","2017","3","Habiganj","G_winter_015","3",3.88,"300","2017_Habiganj"
"9046","1978","Medium","2017","3","Habiganj","G_winter_016","1",3.6,"301","2017_Habiganj"
"9047","1978","Medium","2017","3","Habiganj","G_winter_016","2",3.87,"302","2017_Habiganj"
"9048","1978","Medium","2017","3","Habiganj","G_winter_016","3",3.64,"303","2017_Habiganj"
"9049","1998","Medium","2017","3","Habiganj","G_winter_017","1",3.6,"304","2017_Habiganj"
"9050","1998","Medium","2017","3","Habiganj","G_winter_017","2",3.94,"305","2017_Habiganj"
"9051","1998","Medium","2017","3","Habiganj","G_winter_017","3",4.16,"306","2017_Habiganj"
"9052","2008","Medium","2017","3","Habiganj","G_winter_018","1",3.46,"307","2017_Habiganj"
"9053","2008","Medium","2017","3","Habiganj","G_winter_018","2",3.24,"308","2017_Habiganj"
"9054","2008","Medium","2017","3","Habiganj","G_winter_018","3",3.51,"309","2017_Habiganj"
"9055","2012","Medium","2017","3","Habiganj","G_winter_019","1",3.28,"310","2017_Habiganj"
"9056","2012","Medium","2017","3","Habiganj","G_winter_019","2",3.94,"311","2017_Habiganj"
"9057","2012","Medium","2017","3","Habiganj","G_winter_019","3",3.28,"312","2017_Habiganj"
"9058","2013","Medium","2017","3","Habiganj","G_winter_020","1",3.1,"313","2017_Habiganj"
"9059","2013","Medium","2017","3","Habiganj","G_winter_020","2",3.9,"314","2017_Habiganj"
"9060","2013","Medium","2017","3","Habiganj","G_winter_020","3",3.21,"315","2017_Habiganj"
"9061","2013","Medium","2017","3","Habiganj","G_winter_021","1",3.16,"316","2017_Habiganj"
"9062","2013","Medium","2017","3","Habiganj","G_winter_021","2",3.24,"317","2017_Habiganj"
"9063","2013","Medium","2017","3","Habiganj","G_winter_021","3",3.21,"318","2017_Habiganj"
"9064","2014","Medium","2017","3","Habiganj","G_winter_022","1",3,"319","2017_Habiganj"
"9065","2014","Medium","2017","3","Habiganj","G_winter_022","2",2.7,"320","2017_Habiganj"
"9066","2014","Medium","2017","3","Habiganj","G_winter_022","3",3.01,"321","2017_Habiganj"
"9067","2014","Medium","2017","3","Habiganj","G_winter_023","1",3.96,"322","2017_Habiganj"
"9068","2014","Medium","2017","3","Habiganj","G_winter_023","2",3.64,"323","2017_Habiganj"
"9069","2014","Medium","2017","3","Habiganj","G_winter_023","3",3.81,"324","2017_Habiganj"
"9070","2014","Medium","2017","3","Habiganj","G_winter_024","1",3.56,"325","2017_Habiganj"
"9071","2014","Medium","2017","3","Habiganj","G_winter_024","2",3.94,"326","2017_Habiganj"
"9072","2014","Medium","2017","3","Habiganj","G_winter_024","3",3.31,"327","2017_Habiganj"
"9073","2015","Medium","2017","3","Habiganj","G_winter_025","1",4.16,"328","2017_Habiganj"
"9074","2015","Medium","2017","3","Habiganj","G_winter_025","2",4.94,"329","2017_Habiganj"
"9075","2015","Medium","2017","3","Habiganj","G_winter_025","3",3.81,"330","2017_Habiganj"
"9076","1970","Medium","2017","4","Barishal","G_winter_013","1",6.32,"292","2017_Barishal"
"9077","1970","Medium","2017","4","Barishal","G_winter_013","2",3.51,"293","2017_Barishal"
"9078","1970","Medium","2017","4","Barishal","G_winter_013","3",5.16,"294","2017_Barishal"
"9079","1985","Medium","2017","4","Barishal","G_winter_014","1",4.94,"295","2017_Barishal"
"9080","1985","Medium","2017","4","Barishal","G_winter_014","2",5.92,"296","2017_Barishal"
"9081","1985","Medium","2017","4","Barishal","G_winter_014","3",3.72,"297","2017_Barishal"
"9082","1977","Medium","2017","4","Barishal","G_winter_015","1",3.99,"298","2017_Barishal"
"9083","1977","Medium","2017","4","Barishal","G_winter_015","2",2.84,"299","2017_Barishal"
"9084","1977","Medium","2017","4","Barishal","G_winter_015","3",5.1,"300","2017_Barishal"
"9085","1978","Medium","2017","4","Barishal","G_winter_016","1",5.76,"301","2017_Barishal"
"9086","1978","Medium","2017","4","Barishal","G_winter_016","2",5.02,"302","2017_Barishal"
"9087","1978","Medium","2017","4","Barishal","G_winter_016","3",4.92,"303","2017_Barishal"
"9088","1998","Medium","2017","4","Barishal","G_winter_017","1",7.96,"304","2017_Barishal"
"9089","1998","Medium","2017","4","Barishal","G_winter_017","2",7.27,"305","2017_Barishal"
"9090","1998","Medium","2017","4","Barishal","G_winter_017","3",3.57,"306","2017_Barishal"
"9091","2008","Medium","2017","4","Barishal","G_winter_018","1",3.45,"307","2017_Barishal"
"9092","2008","Medium","2017","4","Barishal","G_winter_018","2",6.26,"308","2017_Barishal"
"9093","2008","Medium","2017","4","Barishal","G_winter_018","3",4.76,"309","2017_Barishal"
"9094","2012","Medium","2017","4","Barishal","G_winter_019","1",7.63,"310","2017_Barishal"
"9095","2012","Medium","2017","4","Barishal","G_winter_019","2",7.09,"311","2017_Barishal"
"9096","2012","Medium","2017","4","Barishal","G_winter_019","3",5,"312","2017_Barishal"
"9097","2013","Medium","2017","4","Barishal","G_winter_020","1",5.04,"313","2017_Barishal"
"9098","2013","Medium","2017","4","Barishal","G_winter_020","2",5.27,"314","2017_Barishal"
"9099","2013","Medium","2017","4","Barishal","G_winter_020","3",5.29,"315","2017_Barishal"
"9100","2013","Medium","2017","4","Barishal","G_winter_021","1",4.38,"316","2017_Barishal"
"9101","2013","Medium","2017","4","Barishal","G_winter_021","2",3.4,"317","2017_Barishal"
"9102","2013","Medium","2017","4","Barishal","G_winter_021","3",7.09,"318","2017_Barishal"
"9103","2014","Medium","2017","4","Barishal","G_winter_022","1",4.73,"319","2017_Barishal"
"9104","2014","Medium","2017","4","Barishal","G_winter_022","2",2.95,"320","2017_Barishal"
"9105","2014","Medium","2017","4","Barishal","G_winter_022","3",3.99,"321","2017_Barishal"
"9106","2014","Medium","2017","4","Barishal","G_winter_023","1",7.17,"322","2017_Barishal"
"9107","2014","Medium","2017","4","Barishal","G_winter_023","2",6.25,"323","2017_Barishal"
"9108","2014","Medium","2017","4","Barishal","G_winter_023","3",7.41,"324","2017_Barishal"
"9109","2014","Medium","2017","4","Barishal","G_winter_024","1",7.74,"325","2017_Barishal"
"9110","2014","Medium","2017","4","Barishal","G_winter_024","2",5.77,"326","2017_Barishal"
"9111","2014","Medium","2017","4","Barishal","G_winter_024","3",7.4,"327","2017_Barishal"
"9112","2015","Medium","2017","4","Barishal","G_winter_025","1",8.73,"328","2017_Barishal"
"9113","2015","Medium","2017","4","Barishal","G_winter_025","2",8.6,"329","2017_Barishal"
"9114","2015","Medium","2017","4","Barishal","G_winter_025","3",3.1,"330","2017_Barishal"
"9115","1970","Medium","2017","4","Rajshahi","G_winter_013","1",4.56,"292","2017_Rajshahi"
"9116","1970","Medium","2017","4","Rajshahi","G_winter_013","2",6.12,"293","2017_Rajshahi"
"9117","1970","Medium","2017","4","Rajshahi","G_winter_013","3",5.84,"294","2017_Rajshahi"
"9118","1985","Medium","2017","4","Rajshahi","G_winter_014","1",4.42,"295","2017_Rajshahi"
"9119","1985","Medium","2017","4","Rajshahi","G_winter_014","2",4.06,"296","2017_Rajshahi"
"9120","1985","Medium","2017","4","Rajshahi","G_winter_014","3",3.58,"297","2017_Rajshahi"
"9121","1977","Medium","2017","4","Rajshahi","G_winter_015","1",7.33,"298","2017_Rajshahi"
"9122","1977","Medium","2017","4","Rajshahi","G_winter_015","2",7.36,"299","2017_Rajshahi"
"9123","1977","Medium","2017","4","Rajshahi","G_winter_015","3",6.14,"300","2017_Rajshahi"
"9124","1978","Medium","2017","4","Rajshahi","G_winter_016","1",5.37,"301","2017_Rajshahi"
"9125","1978","Medium","2017","4","Rajshahi","G_winter_016","2",5.07,"302","2017_Rajshahi"
"9126","1978","Medium","2017","4","Rajshahi","G_winter_016","3",5.03,"303","2017_Rajshahi"
"9127","1998","Medium","2017","4","Rajshahi","G_winter_017","1",3.26,"304","2017_Rajshahi"
"9128","1998","Medium","2017","4","Rajshahi","G_winter_017","2",6.21,"305","2017_Rajshahi"
"9129","1998","Medium","2017","4","Rajshahi","G_winter_017","3",3.93,"306","2017_Rajshahi"
"9130","2008","Medium","2017","4","Rajshahi","G_winter_018","1",6.26,"307","2017_Rajshahi"
"9131","2008","Medium","2017","4","Rajshahi","G_winter_018","2",5.3,"308","2017_Rajshahi"
"9132","2008","Medium","2017","4","Rajshahi","G_winter_018","3",4.95,"309","2017_Rajshahi"
"9133","2012","Medium","2017","4","Rajshahi","G_winter_019","1",5.58,"310","2017_Rajshahi"
"9134","2012","Medium","2017","4","Rajshahi","G_winter_019","2",6.41,"311","2017_Rajshahi"
"9135","2012","Medium","2017","4","Rajshahi","G_winter_019","3",4.56,"312","2017_Rajshahi"
"9136","2013","Medium","2017","4","Rajshahi","G_winter_020","1",5.71,"313","2017_Rajshahi"
"9137","2013","Medium","2017","4","Rajshahi","G_winter_020","2",5.22,"314","2017_Rajshahi"
"9138","2013","Medium","2017","4","Rajshahi","G_winter_020","3",4.08,"315","2017_Rajshahi"
"9139","2013","Medium","2017","4","Rajshahi","G_winter_021","1",5.83,"316","2017_Rajshahi"
"9140","2013","Medium","2017","4","Rajshahi","G_winter_021","2",5.97,"317","2017_Rajshahi"
"9141","2013","Medium","2017","4","Rajshahi","G_winter_021","3",5.38,"318","2017_Rajshahi"
"9142","2014","Medium","2017","4","Rajshahi","G_winter_022","1",3.87,"319","2017_Rajshahi"
"9143","2014","Medium","2017","4","Rajshahi","G_winter_022","2",4.57,"320","2017_Rajshahi"
"9144","2014","Medium","2017","4","Rajshahi","G_winter_022","3",4.47,"321","2017_Rajshahi"
"9145","2014","Medium","2017","4","Rajshahi","G_winter_023","1",6.02,"322","2017_Rajshahi"
"9146","2014","Medium","2017","4","Rajshahi","G_winter_023","2",5.94,"323","2017_Rajshahi"
"9147","2014","Medium","2017","4","Rajshahi","G_winter_023","3",5.8,"324","2017_Rajshahi"
"9148","2014","Medium","2017","4","Rajshahi","G_winter_024","1",5.76,"325","2017_Rajshahi"
"9149","2014","Medium","2017","4","Rajshahi","G_winter_024","2",5.52,"326","2017_Rajshahi"
"9150","2014","Medium","2017","4","Rajshahi","G_winter_024","3",5.32,"327","2017_Rajshahi"
"9151","2015","Medium","2017","4","Rajshahi","G_winter_025","1",4.6,"328","2017_Rajshahi"
"9152","2015","Medium","2017","4","Rajshahi","G_winter_025","2",5.32,"329","2017_Rajshahi"
"9153","2015","Medium","2017","4","Rajshahi","G_winter_025","3",5.99,"330","2017_Rajshahi"
"9154","1970","Medium","2018","1","Bhanga","G_winter_013","1",5.48,"331","2018_Bhanga"
"9155","1970","Medium","2018","1","Bhanga","G_winter_013","2",5.23,"332","2018_Bhanga"
"9156","1970","Medium","2018","1","Bhanga","G_winter_013","3",5.7,"333","2018_Bhanga"
"9157","1985","Medium","2018","1","Bhanga","G_winter_014","1",5.52,"334","2018_Bhanga"
"9158","1985","Medium","2018","1","Bhanga","G_winter_014","2",4.52,"335","2018_Bhanga"
"9159","1985","Medium","2018","1","Bhanga","G_winter_014","3",4.65,"336","2018_Bhanga"
"9160","1977","Medium","2018","1","Bhanga","G_winter_015","1",6.29,"337","2018_Bhanga"
"9161","1977","Medium","2018","1","Bhanga","G_winter_015","2",6.26,"338","2018_Bhanga"
"9162","1977","Medium","2018","1","Bhanga","G_winter_015","3",5.93,"339","2018_Bhanga"
"9163","1978","Medium","2018","1","Bhanga","G_winter_016","1",4.85,"340","2018_Bhanga"
"9164","1978","Medium","2018","1","Bhanga","G_winter_016","2",4.2,"341","2018_Bhanga"
"9165","1978","Medium","2018","1","Bhanga","G_winter_016","3",4.6,"342","2018_Bhanga"
"9166","1998","Medium","2018","1","Bhanga","G_winter_017","1",5.61,"343","2018_Bhanga"
"9167","1998","Medium","2018","1","Bhanga","G_winter_017","2",5.43,"344","2018_Bhanga"
"9168","1998","Medium","2018","1","Bhanga","G_winter_017","3",5.8,"345","2018_Bhanga"
"9169","2008","Medium","2018","1","Bhanga","G_winter_018","1",5.98,"346","2018_Bhanga"
"9170","2008","Medium","2018","1","Bhanga","G_winter_018","2",6.08,"347","2018_Bhanga"
"9171","2008","Medium","2018","1","Bhanga","G_winter_018","3",6.41,"348","2018_Bhanga"
"9172","2012","Medium","2018","1","Bhanga","G_winter_019","1",6.67,"349","2018_Bhanga"
"9173","2012","Medium","2018","1","Bhanga","G_winter_019","2",6.49,"350","2018_Bhanga"
"9174","2012","Medium","2018","1","Bhanga","G_winter_019","3",6.78,"351","2018_Bhanga"
"9175","2013","Medium","2018","1","Bhanga","G_winter_020","1",6.49,"352","2018_Bhanga"
"9176","2013","Medium","2018","1","Bhanga","G_winter_020","2",6.28,"353","2018_Bhanga"
"9177","2013","Medium","2018","1","Bhanga","G_winter_020","3",6.32,"354","2018_Bhanga"
"9178","2013","Medium","2018","1","Bhanga","G_winter_021","1",5.04,"355","2018_Bhanga"
"9179","2013","Medium","2018","1","Bhanga","G_winter_021","2",5.8,"356","2018_Bhanga"
"9180","2013","Medium","2018","1","Bhanga","G_winter_021","3",6.15,"357","2018_Bhanga"
"9181","2014","Medium","2018","1","Bhanga","G_winter_022","1",4.46,"358","2018_Bhanga"
"9182","2014","Medium","2018","1","Bhanga","G_winter_022","2",5.02,"359","2018_Bhanga"
"9183","2014","Medium","2018","1","Bhanga","G_winter_022","3",6.62,"360","2018_Bhanga"
"9184","2014","Medium","2018","1","Bhanga","G_winter_023","1",5.67,"361","2018_Bhanga"
"9185","2014","Medium","2018","1","Bhanga","G_winter_023","2",5.21,"362","2018_Bhanga"
"9186","2014","Medium","2018","1","Bhanga","G_winter_023","3",5.42,"363","2018_Bhanga"
"9187","2014","Medium","2018","1","Bhanga","G_winter_024","1",6.48,"364","2018_Bhanga"
"9188","2014","Medium","2018","1","Bhanga","G_winter_024","2",6.45,"365","2018_Bhanga"
"9189","2014","Medium","2018","1","Bhanga","G_winter_024","3",6.74,"366","2018_Bhanga"
"9190","2015","Medium","2018","1","Bhanga","G_winter_025","1",5.62,"367","2018_Bhanga"
"9191","2015","Medium","2018","1","Bhanga","G_winter_025","2",5.21,"368","2018_Bhanga"
"9192","2015","Medium","2018","1","Bhanga","G_winter_025","3",5.55,"369","2018_Bhanga"
"9193","1970","Medium","2018","1","Cumilla","G_winter_013","1",6.74,"331","2018_Cumilla"
"9194","1970","Medium","2018","1","Cumilla","G_winter_013","2",5.44,"332","2018_Cumilla"
"9195","1970","Medium","2018","1","Cumilla","G_winter_013","3",4.86,"333","2018_Cumilla"
"9196","1985","Medium","2018","1","Cumilla","G_winter_014","1",5.7,"334","2018_Cumilla"
"9197","1985","Medium","2018","1","Cumilla","G_winter_014","2",5.15,"335","2018_Cumilla"
"9198","1985","Medium","2018","1","Cumilla","G_winter_014","3",5.12,"336","2018_Cumilla"
"9199","1977","Medium","2018","1","Cumilla","G_winter_015","1",5.15,"337","2018_Cumilla"
"9200","1977","Medium","2018","1","Cumilla","G_winter_015","2",5.17,"338","2018_Cumilla"
"9201","1977","Medium","2018","1","Cumilla","G_winter_015","3",4.75,"339","2018_Cumilla"
"9202","1978","Medium","2018","1","Cumilla","G_winter_016","1",5.87,"340","2018_Cumilla"
"9203","1978","Medium","2018","1","Cumilla","G_winter_016","2",5.67,"341","2018_Cumilla"
"9204","1978","Medium","2018","1","Cumilla","G_winter_016","3",4.92,"342","2018_Cumilla"
"9205","1998","Medium","2018","1","Cumilla","G_winter_017","1",7.41,"343","2018_Cumilla"
"9206","1998","Medium","2018","1","Cumilla","G_winter_017","2",8.07,"344","2018_Cumilla"
"9207","1998","Medium","2018","1","Cumilla","G_winter_017","3",7.44,"345","2018_Cumilla"
"9208","2008","Medium","2018","1","Cumilla","G_winter_018","1",4.94,"346","2018_Cumilla"
"9209","2008","Medium","2018","1","Cumilla","G_winter_018","2",4.95,"347","2018_Cumilla"
"9210","2008","Medium","2018","1","Cumilla","G_winter_018","3",4.35,"348","2018_Cumilla"
"9211","2012","Medium","2018","1","Cumilla","G_winter_019","1",8.21,"349","2018_Cumilla"
"9212","2012","Medium","2018","1","Cumilla","G_winter_019","2",7.68,"350","2018_Cumilla"
"9213","2012","Medium","2018","1","Cumilla","G_winter_019","3",7.54,"351","2018_Cumilla"
"9214","2013","Medium","2018","1","Cumilla","G_winter_020","1",6.7,"352","2018_Cumilla"
"9215","2013","Medium","2018","1","Cumilla","G_winter_020","2",7.44,"353","2018_Cumilla"
"9216","2013","Medium","2018","1","Cumilla","G_winter_020","3",7.84,"354","2018_Cumilla"
"9217","2013","Medium","2018","1","Cumilla","G_winter_021","1",7.07,"355","2018_Cumilla"
"9218","2013","Medium","2018","1","Cumilla","G_winter_021","2",6.04,"356","2018_Cumilla"
"9219","2013","Medium","2018","1","Cumilla","G_winter_021","3",5.82,"357","2018_Cumilla"
"9220","2014","Medium","2018","1","Cumilla","G_winter_022","1",6.24,"358","2018_Cumilla"
"9221","2014","Medium","2018","1","Cumilla","G_winter_022","2",6.3,"359","2018_Cumilla"
"9222","2014","Medium","2018","1","Cumilla","G_winter_022","3",5.22,"360","2018_Cumilla"
"9223","2014","Medium","2018","1","Cumilla","G_winter_023","1",8.14,"361","2018_Cumilla"
"9224","2014","Medium","2018","1","Cumilla","G_winter_023","2",7.27,"362","2018_Cumilla"
"9225","2014","Medium","2018","1","Cumilla","G_winter_023","3",7.99,"363","2018_Cumilla"
"9226","2014","Medium","2018","1","Cumilla","G_winter_024","1",4.45,"364","2018_Cumilla"
"9227","2014","Medium","2018","1","Cumilla","G_winter_024","2",6.64,"365","2018_Cumilla"
"9228","2014","Medium","2018","1","Cumilla","G_winter_024","3",7.1,"366","2018_Cumilla"
"9229","2015","Medium","2018","1","Cumilla","G_winter_025","1",6.83,"367","2018_Cumilla"
"9230","2015","Medium","2018","1","Cumilla","G_winter_025","2",5.86,"368","2018_Cumilla"
"9231","2015","Medium","2018","1","Cumilla","G_winter_025","3",7.62,"369","2018_Cumilla"
"9232","1970","Medium","2018","1","Rangpur","G_winter_013","1",5.34,"331","2018_Rangpur"
"9233","1970","Medium","2018","1","Rangpur","G_winter_013","2",5.38,"332","2018_Rangpur"
"9234","1970","Medium","2018","1","Rangpur","G_winter_013","3",4.96,"333","2018_Rangpur"
"9235","1985","Medium","2018","1","Rangpur","G_winter_014","1",4.11,"334","2018_Rangpur"
"9236","1985","Medium","2018","1","Rangpur","G_winter_014","2",3.61,"335","2018_Rangpur"
"9237","1985","Medium","2018","1","Rangpur","G_winter_014","3",3.4,"336","2018_Rangpur"
"9238","1977","Medium","2018","1","Rangpur","G_winter_015","1",5.48,"337","2018_Rangpur"
"9239","1977","Medium","2018","1","Rangpur","G_winter_015","2",5.49,"338","2018_Rangpur"
"9240","1977","Medium","2018","1","Rangpur","G_winter_015","3",5.46,"339","2018_Rangpur"
"9241","1978","Medium","2018","1","Rangpur","G_winter_016","1",6.56,"340","2018_Rangpur"
"9242","1978","Medium","2018","1","Rangpur","G_winter_016","2",6.14,"341","2018_Rangpur"
"9243","1978","Medium","2018","1","Rangpur","G_winter_016","3",5.96,"342","2018_Rangpur"
"9244","1998","Medium","2018","1","Rangpur","G_winter_017","1",5.37,"343","2018_Rangpur"
"9245","1998","Medium","2018","1","Rangpur","G_winter_017","2",6.91,"344","2018_Rangpur"
"9246","1998","Medium","2018","1","Rangpur","G_winter_017","3",7.14,"345","2018_Rangpur"
"9247","2008","Medium","2018","1","Rangpur","G_winter_018","1",5.67,"346","2018_Rangpur"
"9248","2008","Medium","2018","1","Rangpur","G_winter_018","2",5.43,"347","2018_Rangpur"
"9249","2008","Medium","2018","1","Rangpur","G_winter_018","3",5.07,"348","2018_Rangpur"
"9250","2012","Medium","2018","1","Rangpur","G_winter_019","1",6.53,"349","2018_Rangpur"
"9251","2012","Medium","2018","1","Rangpur","G_winter_019","2",6.53,"350","2018_Rangpur"
"9252","2012","Medium","2018","1","Rangpur","G_winter_019","3",6.3,"351","2018_Rangpur"
"9253","2013","Medium","2018","1","Rangpur","G_winter_020","1",6.18,"352","2018_Rangpur"
"9254","2013","Medium","2018","1","Rangpur","G_winter_020","2",5.15,"353","2018_Rangpur"
"9255","2013","Medium","2018","1","Rangpur","G_winter_020","3",4.97,"354","2018_Rangpur"
"9256","2013","Medium","2018","1","Rangpur","G_winter_021","1",4.81,"355","2018_Rangpur"
"9257","2013","Medium","2018","1","Rangpur","G_winter_021","2",4.85,"356","2018_Rangpur"
"9258","2013","Medium","2018","1","Rangpur","G_winter_021","3",4.8,"357","2018_Rangpur"
"9259","2014","Medium","2018","1","Rangpur","G_winter_022","1",5.29,"358","2018_Rangpur"
"9260","2014","Medium","2018","1","Rangpur","G_winter_022","2",5.43,"359","2018_Rangpur"
"9261","2014","Medium","2018","1","Rangpur","G_winter_022","3",4.6,"360","2018_Rangpur"
"9262","2014","Medium","2018","1","Rangpur","G_winter_023","1",5.98,"361","2018_Rangpur"
"9263","2014","Medium","2018","1","Rangpur","G_winter_023","2",6.26,"362","2018_Rangpur"
"9264","2014","Medium","2018","1","Rangpur","G_winter_023","3",5.95,"363","2018_Rangpur"
"9265","2014","Medium","2018","1","Rangpur","G_winter_024","1",5.74,"364","2018_Rangpur"
"9266","2014","Medium","2018","1","Rangpur","G_winter_024","2",6.17,"365","2018_Rangpur"
"9267","2014","Medium","2018","1","Rangpur","G_winter_024","3",5.02,"366","2018_Rangpur"
"9268","2015","Medium","2018","1","Rangpur","G_winter_025","1",5.63,"367","2018_Rangpur"
"9269","2015","Medium","2018","1","Rangpur","G_winter_025","2",5.23,"368","2018_Rangpur"
"9270","2015","Medium","2018","1","Rangpur","G_winter_025","3",4.74,"369","2018_Rangpur"
"9271","1970","Medium","2018","2","Kushtia","G_winter_013","1",5.59,"331","2018_Kushtia"
"9272","1970","Medium","2018","2","Kushtia","G_winter_013","2",5.64,"332","2018_Kushtia"
"9273","1970","Medium","2018","2","Kushtia","G_winter_013","3",5.71,"333","2018_Kushtia"
"9274","1985","Medium","2018","2","Kushtia","G_winter_014","1",6.14,"334","2018_Kushtia"
"9275","1985","Medium","2018","2","Kushtia","G_winter_014","2",5.82,"335","2018_Kushtia"
"9276","1985","Medium","2018","2","Kushtia","G_winter_014","3",6.02,"336","2018_Kushtia"
"9277","1977","Medium","2018","2","Kushtia","G_winter_015","1",5.72,"337","2018_Kushtia"
"9278","1977","Medium","2018","2","Kushtia","G_winter_015","2",6.78,"338","2018_Kushtia"
"9279","1977","Medium","2018","2","Kushtia","G_winter_015","3",5.5,"339","2018_Kushtia"
"9280","1978","Medium","2018","2","Kushtia","G_winter_016","1",5.97,"340","2018_Kushtia"
"9281","1978","Medium","2018","2","Kushtia","G_winter_016","2",6.34,"341","2018_Kushtia"
"9282","1978","Medium","2018","2","Kushtia","G_winter_016","3",5.99,"342","2018_Kushtia"
"9283","1998","Medium","2018","2","Kushtia","G_winter_017","1",5.34,"343","2018_Kushtia"
"9284","1998","Medium","2018","2","Kushtia","G_winter_017","2",5.41,"344","2018_Kushtia"
"9285","1998","Medium","2018","2","Kushtia","G_winter_017","3",5.09,"345","2018_Kushtia"
"9286","2008","Medium","2018","2","Kushtia","G_winter_018","1",6.41,"346","2018_Kushtia"
"9287","2008","Medium","2018","2","Kushtia","G_winter_018","2",6.12,"347","2018_Kushtia"
"9288","2008","Medium","2018","2","Kushtia","G_winter_018","3",6.6,"348","2018_Kushtia"
"9289","2012","Medium","2018","2","Kushtia","G_winter_019","1",6.87,"349","2018_Kushtia"
"9290","2012","Medium","2018","2","Kushtia","G_winter_019","2",6.95,"350","2018_Kushtia"
"9291","2012","Medium","2018","2","Kushtia","G_winter_019","3",7.16,"351","2018_Kushtia"
"9292","2013","Medium","2018","2","Kushtia","G_winter_020","1",6.58,"352","2018_Kushtia"
"9293","2013","Medium","2018","2","Kushtia","G_winter_020","2",6.93,"353","2018_Kushtia"
"9294","2013","Medium","2018","2","Kushtia","G_winter_020","3",6.94,"354","2018_Kushtia"
"9295","2013","Medium","2018","2","Kushtia","G_winter_021","1",6.69,"355","2018_Kushtia"
"9296","2013","Medium","2018","2","Kushtia","G_winter_021","2",6.51,"356","2018_Kushtia"
"9297","2013","Medium","2018","2","Kushtia","G_winter_021","3",6.43,"357","2018_Kushtia"
"9298","2014","Medium","2018","2","Kushtia","G_winter_022","1",6.33,"358","2018_Kushtia"
"9299","2014","Medium","2018","2","Kushtia","G_winter_022","2",6.52,"359","2018_Kushtia"
"9300","2014","Medium","2018","2","Kushtia","G_winter_022","3",6.52,"360","2018_Kushtia"
"9301","2014","Medium","2018","2","Kushtia","G_winter_023","1",6.89,"361","2018_Kushtia"
"9302","2014","Medium","2018","2","Kushtia","G_winter_023","2",6.73,"362","2018_Kushtia"
"9303","2014","Medium","2018","2","Kushtia","G_winter_023","3",7.04,"363","2018_Kushtia"
"9304","2014","Medium","2018","2","Kushtia","G_winter_024","1",7.36,"364","2018_Kushtia"
"9305","2014","Medium","2018","2","Kushtia","G_winter_024","2",7.4,"365","2018_Kushtia"
"9306","2014","Medium","2018","2","Kushtia","G_winter_024","3",7.66,"366","2018_Kushtia"
"9307","2015","Medium","2018","2","Kushtia","G_winter_025","1",6.93,"367","2018_Kushtia"
"9308","2015","Medium","2018","2","Kushtia","G_winter_025","2",7.06,"368","2018_Kushtia"
"9309","2015","Medium","2018","2","Kushtia","G_winter_025","3",6.95,"369","2018_Kushtia"
"9310","1970","Medium","2018","2","Satkhira","G_winter_013","1",6.15,"331","2018_Satkhira"
"9311","1970","Medium","2018","2","Satkhira","G_winter_013","2",6.35,"332","2018_Satkhira"
"9312","1970","Medium","2018","2","Satkhira","G_winter_013","3",6.96,"333","2018_Satkhira"
"9313","1985","Medium","2018","2","Satkhira","G_winter_014","1",4.92,"334","2018_Satkhira"
"9314","1985","Medium","2018","2","Satkhira","G_winter_014","2",8.32,"335","2018_Satkhira"
"9315","1985","Medium","2018","2","Satkhira","G_winter_014","3",6.18,"336","2018_Satkhira"
"9316","1977","Medium","2018","2","Satkhira","G_winter_015","1",6.64,"337","2018_Satkhira"
"9317","1977","Medium","2018","2","Satkhira","G_winter_015","2",6.07,"338","2018_Satkhira"
"9318","1977","Medium","2018","2","Satkhira","G_winter_015","3",6.67,"339","2018_Satkhira"
"9319","1978","Medium","2018","2","Satkhira","G_winter_016","1",7.07,"340","2018_Satkhira"
"9320","1978","Medium","2018","2","Satkhira","G_winter_016","2",6.48,"341","2018_Satkhira"
"9321","1978","Medium","2018","2","Satkhira","G_winter_016","3",5.56,"342","2018_Satkhira"
"9322","1998","Medium","2018","2","Satkhira","G_winter_017","1",6.78,"343","2018_Satkhira"
"9323","1998","Medium","2018","2","Satkhira","G_winter_017","2",6.11,"344","2018_Satkhira"
"9324","1998","Medium","2018","2","Satkhira","G_winter_017","3",6.66,"345","2018_Satkhira"
"9325","2008","Medium","2018","2","Satkhira","G_winter_018","1",6.86,"346","2018_Satkhira"
"9326","2008","Medium","2018","2","Satkhira","G_winter_018","2",5.85,"347","2018_Satkhira"
"9327","2008","Medium","2018","2","Satkhira","G_winter_018","3",6,"348","2018_Satkhira"
"9328","2012","Medium","2018","2","Satkhira","G_winter_019","1",7.52,"349","2018_Satkhira"
"9329","2012","Medium","2018","2","Satkhira","G_winter_019","2",5.74,"350","2018_Satkhira"
"9330","2012","Medium","2018","2","Satkhira","G_winter_019","3",5.97,"351","2018_Satkhira"
"9331","2013","Medium","2018","2","Satkhira","G_winter_020","1",6.78,"352","2018_Satkhira"
"9332","2013","Medium","2018","2","Satkhira","G_winter_020","2",6.48,"353","2018_Satkhira"
"9333","2013","Medium","2018","2","Satkhira","G_winter_020","3",6.35,"354","2018_Satkhira"
"9334","2013","Medium","2018","2","Satkhira","G_winter_021","1",5.63,"355","2018_Satkhira"
"9335","2013","Medium","2018","2","Satkhira","G_winter_021","2",8.23,"356","2018_Satkhira"
"9336","2013","Medium","2018","2","Satkhira","G_winter_021","3",6.29,"357","2018_Satkhira"
"9337","2014","Medium","2018","2","Satkhira","G_winter_022","1",6.47,"358","2018_Satkhira"
"9338","2014","Medium","2018","2","Satkhira","G_winter_022","2",7.25,"359","2018_Satkhira"
"9339","2014","Medium","2018","2","Satkhira","G_winter_022","3",7.66,"360","2018_Satkhira"
"9340","2014","Medium","2018","2","Satkhira","G_winter_023","1",6.72,"361","2018_Satkhira"
"9341","2014","Medium","2018","2","Satkhira","G_winter_023","2",6.34,"362","2018_Satkhira"
"9342","2014","Medium","2018","2","Satkhira","G_winter_023","3",8.14,"363","2018_Satkhira"
"9343","2014","Medium","2018","2","Satkhira","G_winter_024","1",7.07,"364","2018_Satkhira"
"9344","2014","Medium","2018","2","Satkhira","G_winter_024","2",7.37,"365","2018_Satkhira"
"9345","2014","Medium","2018","2","Satkhira","G_winter_024","3",8.01,"366","2018_Satkhira"
"9346","2015","Medium","2018","2","Satkhira","G_winter_025","1",6.76,"367","2018_Satkhira"
"9347","2015","Medium","2018","2","Satkhira","G_winter_025","2",6.38,"368","2018_Satkhira"
"9348","2015","Medium","2018","2","Satkhira","G_winter_025","3",7.59,"369","2018_Satkhira"
"9349","1970","Medium","2018","3","Gazipur","G_winter_013","1",6.39,"331","2018_Gazipur"
"9350","1970","Medium","2018","3","Gazipur","G_winter_013","2",7.15,"332","2018_Gazipur"
"9351","1970","Medium","2018","3","Gazipur","G_winter_013","3",7.97,"333","2018_Gazipur"
"9352","1985","Medium","2018","3","Gazipur","G_winter_014","1",6.94,"334","2018_Gazipur"
"9353","1985","Medium","2018","3","Gazipur","G_winter_014","2",3.68,"335","2018_Gazipur"
"9354","1985","Medium","2018","3","Gazipur","G_winter_014","3",3.13,"336","2018_Gazipur"
"9355","1977","Medium","2018","3","Gazipur","G_winter_015","1",6.2,"337","2018_Gazipur"
"9356","1977","Medium","2018","3","Gazipur","G_winter_015","2",5.9,"338","2018_Gazipur"
"9357","1977","Medium","2018","3","Gazipur","G_winter_015","3",5.6,"339","2018_Gazipur"
"9358","1978","Medium","2018","3","Gazipur","G_winter_016","1",5.5,"340","2018_Gazipur"
"9359","1978","Medium","2018","3","Gazipur","G_winter_016","2",4.81,"341","2018_Gazipur"
"9360","1978","Medium","2018","3","Gazipur","G_winter_016","3",5.2,"342","2018_Gazipur"
"9361","1998","Medium","2018","3","Gazipur","G_winter_017","1",6.55,"343","2018_Gazipur"
"9362","1998","Medium","2018","3","Gazipur","G_winter_017","2",5.98,"344","2018_Gazipur"
"9363","1998","Medium","2018","3","Gazipur","G_winter_017","3",6.71,"345","2018_Gazipur"
"9364","2008","Medium","2018","3","Gazipur","G_winter_018","1",5.86,"346","2018_Gazipur"
"9365","2008","Medium","2018","3","Gazipur","G_winter_018","2",6.86,"347","2018_Gazipur"
"9366","2008","Medium","2018","3","Gazipur","G_winter_018","3",4.67,"348","2018_Gazipur"
"9367","2012","Medium","2018","3","Gazipur","G_winter_019","1",7.71,"349","2018_Gazipur"
"9368","2012","Medium","2018","3","Gazipur","G_winter_019","2",6.33,"350","2018_Gazipur"
"9369","2012","Medium","2018","3","Gazipur","G_winter_019","3",6.25,"351","2018_Gazipur"
"9370","2013","Medium","2018","3","Gazipur","G_winter_020","1",7.53,"352","2018_Gazipur"
"9371","2013","Medium","2018","3","Gazipur","G_winter_020","2",4.11,"353","2018_Gazipur"
"9372","2013","Medium","2018","3","Gazipur","G_winter_020","3",5.1,"354","2018_Gazipur"
"9373","2013","Medium","2018","3","Gazipur","G_winter_021","1",5.8,"355","2018_Gazipur"
"9374","2013","Medium","2018","3","Gazipur","G_winter_021","2",7.73,"356","2018_Gazipur"
"9375","2013","Medium","2018","3","Gazipur","G_winter_021","3",7.33,"357","2018_Gazipur"
"9376","2014","Medium","2018","3","Gazipur","G_winter_022","1",5.9,"358","2018_Gazipur"
"9377","2014","Medium","2018","3","Gazipur","G_winter_022","2",5.93,"359","2018_Gazipur"
"9378","2014","Medium","2018","3","Gazipur","G_winter_022","3",6.16,"360","2018_Gazipur"
"9379","2014","Medium","2018","3","Gazipur","G_winter_023","1",7.16,"361","2018_Gazipur"
"9380","2014","Medium","2018","3","Gazipur","G_winter_023","2",7.2,"362","2018_Gazipur"
"9381","2014","Medium","2018","3","Gazipur","G_winter_023","3",6.65,"363","2018_Gazipur"
"9382","2014","Medium","2018","3","Gazipur","G_winter_024","1",6.92,"364","2018_Gazipur"
"9383","2014","Medium","2018","3","Gazipur","G_winter_024","2",7.66,"365","2018_Gazipur"
"9384","2014","Medium","2018","3","Gazipur","G_winter_024","3",7.06,"366","2018_Gazipur"
"9385","2015","Medium","2018","3","Gazipur","G_winter_025","1",6.25,"367","2018_Gazipur"
"9386","2015","Medium","2018","3","Gazipur","G_winter_025","2",6.8,"368","2018_Gazipur"
"9387","2015","Medium","2018","3","Gazipur","G_winter_025","3",6.17,"369","2018_Gazipur"
"9388","1970","Medium","2018","3","Habiganj","G_winter_013","1",6.13,"331","2018_Habiganj"
"9389","1970","Medium","2018","3","Habiganj","G_winter_013","2",4.74,"332","2018_Habiganj"
"9390","1970","Medium","2018","3","Habiganj","G_winter_013","3",4.83,"333","2018_Habiganj"
"9391","1985","Medium","2018","3","Habiganj","G_winter_014","1",4.62,"334","2018_Habiganj"
"9392","1985","Medium","2018","3","Habiganj","G_winter_014","2",2.91,"335","2018_Habiganj"
"9393","1985","Medium","2018","3","Habiganj","G_winter_014","3",3.19,"336","2018_Habiganj"
"9394","1977","Medium","2018","3","Habiganj","G_winter_015","1",4.47,"337","2018_Habiganj"
"9395","1977","Medium","2018","3","Habiganj","G_winter_015","2",4.48,"338","2018_Habiganj"
"9396","1977","Medium","2018","3","Habiganj","G_winter_015","3",5.15,"339","2018_Habiganj"
"9397","1978","Medium","2018","3","Habiganj","G_winter_016","1",5.38,"340","2018_Habiganj"
"9398","1978","Medium","2018","3","Habiganj","G_winter_016","2",5.52,"341","2018_Habiganj"
"9399","1978","Medium","2018","3","Habiganj","G_winter_016","3",5.45,"342","2018_Habiganj"
"9400","1998","Medium","2018","3","Habiganj","G_winter_017","1",6.25,"343","2018_Habiganj"
"9401","1998","Medium","2018","3","Habiganj","G_winter_017","2",5.35,"344","2018_Habiganj"
"9402","1998","Medium","2018","3","Habiganj","G_winter_017","3",6.35,"345","2018_Habiganj"
"9403","2008","Medium","2018","3","Habiganj","G_winter_018","1",4.81,"346","2018_Habiganj"
"9404","2008","Medium","2018","3","Habiganj","G_winter_018","2",4.91,"347","2018_Habiganj"
"9405","2008","Medium","2018","3","Habiganj","G_winter_018","3",4.29,"348","2018_Habiganj"
"9406","2012","Medium","2018","3","Habiganj","G_winter_019","1",5.57,"349","2018_Habiganj"
"9407","2012","Medium","2018","3","Habiganj","G_winter_019","2",5.99,"350","2018_Habiganj"
"9408","2012","Medium","2018","3","Habiganj","G_winter_019","3",6.31,"351","2018_Habiganj"
"9409","2013","Medium","2018","3","Habiganj","G_winter_020","1",5.07,"352","2018_Habiganj"
"9410","2013","Medium","2018","3","Habiganj","G_winter_020","2",4.78,"353","2018_Habiganj"
"9411","2013","Medium","2018","3","Habiganj","G_winter_020","3",5.77,"354","2018_Habiganj"
"9412","2013","Medium","2018","3","Habiganj","G_winter_021","1",6.68,"355","2018_Habiganj"
"9413","2013","Medium","2018","3","Habiganj","G_winter_021","2",6.88,"356","2018_Habiganj"
"9414","2013","Medium","2018","3","Habiganj","G_winter_021","3",5.45,"357","2018_Habiganj"
"9415","2014","Medium","2018","3","Habiganj","G_winter_022","1",4.99,"358","2018_Habiganj"
"9416","2014","Medium","2018","3","Habiganj","G_winter_022","2",5.16,"359","2018_Habiganj"
"9417","2014","Medium","2018","3","Habiganj","G_winter_022","3",5.93,"360","2018_Habiganj"
"9418","2014","Medium","2018","3","Habiganj","G_winter_023","1",6.81,"361","2018_Habiganj"
"9419","2014","Medium","2018","3","Habiganj","G_winter_023","2",6.46,"362","2018_Habiganj"
"9420","2014","Medium","2018","3","Habiganj","G_winter_023","3",7.23,"363","2018_Habiganj"
"9421","2014","Medium","2018","3","Habiganj","G_winter_024","1",5.07,"364","2018_Habiganj"
"9422","2014","Medium","2018","3","Habiganj","G_winter_024","2",6.01,"365","2018_Habiganj"
"9423","2014","Medium","2018","3","Habiganj","G_winter_024","3",5.54,"366","2018_Habiganj"
"9424","2015","Medium","2018","3","Habiganj","G_winter_025","1",6.8,"367","2018_Habiganj"
"9425","2015","Medium","2018","3","Habiganj","G_winter_025","2",6.13,"368","2018_Habiganj"
"9426","2015","Medium","2018","3","Habiganj","G_winter_025","3",7.55,"369","2018_Habiganj"
"9427","1970","Medium","2018","4","Barishal","G_winter_013","1",4.64,"331","2018_Barishal"
"9428","1970","Medium","2018","4","Barishal","G_winter_013","2",4.94,"332","2018_Barishal"
"9429","1970","Medium","2018","4","Barishal","G_winter_013","3",4.81,"333","2018_Barishal"
"9430","1985","Medium","2018","4","Barishal","G_winter_014","1",5.59,"334","2018_Barishal"
"9431","1985","Medium","2018","4","Barishal","G_winter_014","2",5.73,"335","2018_Barishal"
"9432","1985","Medium","2018","4","Barishal","G_winter_014","3",2.92,"336","2018_Barishal"
"9433","1977","Medium","2018","4","Barishal","G_winter_015","1",5.16,"337","2018_Barishal"
"9434","1977","Medium","2018","4","Barishal","G_winter_015","2",5.9,"338","2018_Barishal"
"9435","1977","Medium","2018","4","Barishal","G_winter_015","3",3.75,"339","2018_Barishal"
"9436","1978","Medium","2018","4","Barishal","G_winter_016","1",3.85,"340","2018_Barishal"
"9437","1978","Medium","2018","4","Barishal","G_winter_016","2",6.21,"341","2018_Barishal"
"9438","1978","Medium","2018","4","Barishal","G_winter_016","3",4.2,"342","2018_Barishal"
"9439","1998","Medium","2018","4","Barishal","G_winter_017","1",3.95,"343","2018_Barishal"
"9440","1998","Medium","2018","4","Barishal","G_winter_017","2",4.96,"344","2018_Barishal"
"9441","1998","Medium","2018","4","Barishal","G_winter_017","3",5.6,"345","2018_Barishal"
"9442","2008","Medium","2018","4","Barishal","G_winter_018","1",3.61,"346","2018_Barishal"
"9443","2008","Medium","2018","4","Barishal","G_winter_018","2",3.53,"347","2018_Barishal"
"9444","2008","Medium","2018","4","Barishal","G_winter_018","3",3.52,"348","2018_Barishal"
"9445","2012","Medium","2018","4","Barishal","G_winter_019","1",4.4,"349","2018_Barishal"
"9446","2012","Medium","2018","4","Barishal","G_winter_019","2",4.63,"350","2018_Barishal"
"9447","2012","Medium","2018","4","Barishal","G_winter_019","3",4.31,"351","2018_Barishal"
"9448","2013","Medium","2018","4","Barishal","G_winter_020","1",4.84,"352","2018_Barishal"
"9449","2013","Medium","2018","4","Barishal","G_winter_020","2",4.51,"353","2018_Barishal"
"9450","2013","Medium","2018","4","Barishal","G_winter_020","3",4.47,"354","2018_Barishal"
"9451","2013","Medium","2018","4","Barishal","G_winter_021","1",2.78,"355","2018_Barishal"
"9452","2013","Medium","2018","4","Barishal","G_winter_021","2",4.25,"356","2018_Barishal"
"9453","2013","Medium","2018","4","Barishal","G_winter_021","3",4.28,"357","2018_Barishal"
"9454","2014","Medium","2018","4","Barishal","G_winter_022","1",3.86,"358","2018_Barishal"
"9455","2014","Medium","2018","4","Barishal","G_winter_022","2",4.59,"359","2018_Barishal"
"9456","2014","Medium","2018","4","Barishal","G_winter_022","3",4.16,"360","2018_Barishal"
"9457","2014","Medium","2018","4","Barishal","G_winter_023","1",4.8,"361","2018_Barishal"
"9458","2014","Medium","2018","4","Barishal","G_winter_023","2",4.3,"362","2018_Barishal"
"9459","2014","Medium","2018","4","Barishal","G_winter_023","3",4.96,"363","2018_Barishal"
"9460","2014","Medium","2018","4","Barishal","G_winter_024","1",3.12,"364","2018_Barishal"
"9461","2014","Medium","2018","4","Barishal","G_winter_024","2",4.8,"365","2018_Barishal"
"9462","2014","Medium","2018","4","Barishal","G_winter_024","3",4.26,"366","2018_Barishal"
"9463","2015","Medium","2018","4","Barishal","G_winter_025","1",5.64,"367","2018_Barishal"
"9464","2015","Medium","2018","4","Barishal","G_winter_025","2",4.73,"368","2018_Barishal"
"9465","2015","Medium","2018","4","Barishal","G_winter_025","3",4.08,"369","2018_Barishal"
"9466","1970","Medium","2018","4","Rajshahi","G_winter_013","1",5.57,"331","2018_Rajshahi"
"9467","1970","Medium","2018","4","Rajshahi","G_winter_013","2",5.02,"332","2018_Rajshahi"
"9468","1970","Medium","2018","4","Rajshahi","G_winter_013","3",4.95,"333","2018_Rajshahi"
"9469","1985","Medium","2018","4","Rajshahi","G_winter_014","1",3.93,"334","2018_Rajshahi"
"9470","1985","Medium","2018","4","Rajshahi","G_winter_014","2",3.3,"335","2018_Rajshahi"
"9471","1985","Medium","2018","4","Rajshahi","G_winter_014","3",3.37,"336","2018_Rajshahi"
"9472","1977","Medium","2018","4","Rajshahi","G_winter_015","1",5.24,"337","2018_Rajshahi"
"9473","1977","Medium","2018","4","Rajshahi","G_winter_015","2",5.33,"338","2018_Rajshahi"
"9474","1977","Medium","2018","4","Rajshahi","G_winter_015","3",4.52,"339","2018_Rajshahi"
"9475","1978","Medium","2018","4","Rajshahi","G_winter_016","1",4.85,"340","2018_Rajshahi"
"9476","1978","Medium","2018","4","Rajshahi","G_winter_016","2",4.25,"341","2018_Rajshahi"
"9477","1978","Medium","2018","4","Rajshahi","G_winter_016","3",4.52,"342","2018_Rajshahi"
"9478","1998","Medium","2018","4","Rajshahi","G_winter_017","1",4,"343","2018_Rajshahi"
"9479","1998","Medium","2018","4","Rajshahi","G_winter_017","2",3.84,"344","2018_Rajshahi"
"9480","1998","Medium","2018","4","Rajshahi","G_winter_017","3",4.7,"345","2018_Rajshahi"
"9481","2008","Medium","2018","4","Rajshahi","G_winter_018","1",4.58,"346","2018_Rajshahi"
"9482","2008","Medium","2018","4","Rajshahi","G_winter_018","2",4.28,"347","2018_Rajshahi"
"9483","2008","Medium","2018","4","Rajshahi","G_winter_018","3",3.93,"348","2018_Rajshahi"
"9484","2012","Medium","2018","4","Rajshahi","G_winter_019","1",5.6,"349","2018_Rajshahi"
"9485","2012","Medium","2018","4","Rajshahi","G_winter_019","2",5.72,"350","2018_Rajshahi"
"9486","2012","Medium","2018","4","Rajshahi","G_winter_019","3",5.4,"351","2018_Rajshahi"
"9487","2013","Medium","2018","4","Rajshahi","G_winter_020","1",4.33,"352","2018_Rajshahi"
"9488","2013","Medium","2018","4","Rajshahi","G_winter_020","2",4.27,"353","2018_Rajshahi"
"9489","2013","Medium","2018","4","Rajshahi","G_winter_020","3",4.62,"354","2018_Rajshahi"
"9490","2013","Medium","2018","4","Rajshahi","G_winter_021","1",4.43,"355","2018_Rajshahi"
"9491","2013","Medium","2018","4","Rajshahi","G_winter_021","2",4.01,"356","2018_Rajshahi"
"9492","2013","Medium","2018","4","Rajshahi","G_winter_021","3",4.53,"357","2018_Rajshahi"
"9493","2014","Medium","2018","4","Rajshahi","G_winter_022","1",3.49,"358","2018_Rajshahi"
"9494","2014","Medium","2018","4","Rajshahi","G_winter_022","2",4.08,"359","2018_Rajshahi"
"9495","2014","Medium","2018","4","Rajshahi","G_winter_022","3",3.44,"360","2018_Rajshahi"
"9496","2014","Medium","2018","4","Rajshahi","G_winter_023","1",5.75,"361","2018_Rajshahi"
"9497","2014","Medium","2018","4","Rajshahi","G_winter_023","2",5.5,"362","2018_Rajshahi"
"9498","2014","Medium","2018","4","Rajshahi","G_winter_023","3",6.26,"363","2018_Rajshahi"
"9499","2014","Medium","2018","4","Rajshahi","G_winter_024","1",4.47,"364","2018_Rajshahi"
"9500","2014","Medium","2018","4","Rajshahi","G_winter_024","2",4.61,"365","2018_Rajshahi"
"9501","2014","Medium","2018","4","Rajshahi","G_winter_024","3",4.09,"366","2018_Rajshahi"
"9502","2015","Medium","2018","4","Rajshahi","G_winter_025","1",5.88,"367","2018_Rajshahi"
"9503","2015","Medium","2018","4","Rajshahi","G_winter_025","2",6.11,"368","2018_Rajshahi"
"9504","2015","Medium","2018","4","Rajshahi","G_winter_025","3",5.2,"369","2018_Rajshahi"
"9505","1970","Medium","2019","1","Bhanga","G_winter_013","1",5.21,"370","2019_Bhanga"
"9506","1970","Medium","2019","1","Bhanga","G_winter_013","2",5.13,"371","2019_Bhanga"
"9507","1970","Medium","2019","1","Bhanga","G_winter_013","3",5.05,"372","2019_Bhanga"
"9508","1985","Medium","2019","1","Bhanga","G_winter_014","1",4.05,"373","2019_Bhanga"
"9509","1985","Medium","2019","1","Bhanga","G_winter_014","2",3.76,"374","2019_Bhanga"
"9510","1985","Medium","2019","1","Bhanga","G_winter_014","3",4.05,"375","2019_Bhanga"
"9511","1977","Medium","2019","1","Bhanga","G_winter_015","1",4.2,"376","2019_Bhanga"
"9512","1977","Medium","2019","1","Bhanga","G_winter_015","2",4.31,"377","2019_Bhanga"
"9513","1977","Medium","2019","1","Bhanga","G_winter_015","3",5.3,"378","2019_Bhanga"
"9514","1978","Medium","2019","1","Bhanga","G_winter_016","1",4.71,"379","2019_Bhanga"
"9515","1978","Medium","2019","1","Bhanga","G_winter_016","2",4.21,"380","2019_Bhanga"
"9516","1978","Medium","2019","1","Bhanga","G_winter_016","3",5.71,"381","2019_Bhanga"
"9517","1998","Medium","2019","1","Bhanga","G_winter_017","1",6.3,"382","2019_Bhanga"
"9518","1998","Medium","2019","1","Bhanga","G_winter_017","2",5.05,"383","2019_Bhanga"
"9519","1998","Medium","2019","1","Bhanga","G_winter_017","3",5.6,"384","2019_Bhanga"
"9520","2008","Medium","2019","1","Bhanga","G_winter_018","1",4.12,"385","2019_Bhanga"
"9521","2008","Medium","2019","1","Bhanga","G_winter_018","2",4.76,"386","2019_Bhanga"
"9522","2008","Medium","2019","1","Bhanga","G_winter_018","3",3.98,"387","2019_Bhanga"
"9523","2012","Medium","2019","1","Bhanga","G_winter_019","1",5.43,"388","2019_Bhanga"
"9524","2012","Medium","2019","1","Bhanga","G_winter_019","2",5.07,"389","2019_Bhanga"
"9525","2012","Medium","2019","1","Bhanga","G_winter_019","3",5.6,"390","2019_Bhanga"
"9526","2013","Medium","2019","1","Bhanga","G_winter_020","1",4.94,"391","2019_Bhanga"
"9527","2013","Medium","2019","1","Bhanga","G_winter_020","2",3.85,"392","2019_Bhanga"
"9528","2013","Medium","2019","1","Bhanga","G_winter_020","3",5.23,"393","2019_Bhanga"
"9529","2013","Medium","2019","1","Bhanga","G_winter_021","1",5.43,"394","2019_Bhanga"
"9530","2013","Medium","2019","1","Bhanga","G_winter_021","2",3.65,"395","2019_Bhanga"
"9531","2013","Medium","2019","1","Bhanga","G_winter_021","3",3.14,"396","2019_Bhanga"
"9532","2014","Medium","2019","1","Bhanga","G_winter_022","1",3.39,"397","2019_Bhanga"
"9533","2014","Medium","2019","1","Bhanga","G_winter_022","2",3.43,"398","2019_Bhanga"
"9534","2014","Medium","2019","1","Bhanga","G_winter_022","3",4.56,"399","2019_Bhanga"
"9535","2014","Medium","2019","1","Bhanga","G_winter_023","1",6.62,"400","2019_Bhanga"
"9536","2014","Medium","2019","1","Bhanga","G_winter_023","2",5.25,"401","2019_Bhanga"
"9537","2014","Medium","2019","1","Bhanga","G_winter_023","3",5.49,"402","2019_Bhanga"
"9538","2014","Medium","2019","1","Bhanga","G_winter_024","1",4.81,"403","2019_Bhanga"
"9539","2014","Medium","2019","1","Bhanga","G_winter_024","2",4.6,"404","2019_Bhanga"
"9540","2014","Medium","2019","1","Bhanga","G_winter_024","3",4.21,"405","2019_Bhanga"
"9541","2015","Medium","2019","1","Bhanga","G_winter_025","1",6.05,"406","2019_Bhanga"
"9542","2015","Medium","2019","1","Bhanga","G_winter_025","2",6.26,"407","2019_Bhanga"
"9543","2015","Medium","2019","1","Bhanga","G_winter_025","3",4.56,"408","2019_Bhanga"
"9544","1970","Medium","2019","1","Cumilla","G_winter_013","1",5.26,"370","2019_Cumilla"
"9545","1970","Medium","2019","1","Cumilla","G_winter_013","2",5.47,"371","2019_Cumilla"
"9546","1970","Medium","2019","1","Cumilla","G_winter_013","3",5.31,"372","2019_Cumilla"
"9547","1985","Medium","2019","1","Cumilla","G_winter_014","1",3.95,"373","2019_Cumilla"
"9548","1985","Medium","2019","1","Cumilla","G_winter_014","2",4.72,"374","2019_Cumilla"
"9549","1985","Medium","2019","1","Cumilla","G_winter_014","3",4.57,"375","2019_Cumilla"
"9550","1977","Medium","2019","1","Cumilla","G_winter_015","1",5.79,"376","2019_Cumilla"
"9551","1977","Medium","2019","1","Cumilla","G_winter_015","2",6.67,"377","2019_Cumilla"
"9552","1977","Medium","2019","1","Cumilla","G_winter_015","3",6.78,"378","2019_Cumilla"
"9553","1978","Medium","2019","1","Cumilla","G_winter_016","1",7.37,"379","2019_Cumilla"
"9554","1978","Medium","2019","1","Cumilla","G_winter_016","2",7.67,"380","2019_Cumilla"
"9555","1978","Medium","2019","1","Cumilla","G_winter_016","3",7.75,"381","2019_Cumilla"
"9556","1998","Medium","2019","1","Cumilla","G_winter_017","1",6.84,"382","2019_Cumilla"
"9557","1998","Medium","2019","1","Cumilla","G_winter_017","2",6.77,"383","2019_Cumilla"
"9558","1998","Medium","2019","1","Cumilla","G_winter_017","3",6.96,"384","2019_Cumilla"
"9559","2008","Medium","2019","1","Cumilla","G_winter_018","1",5.92,"385","2019_Cumilla"
"9560","2008","Medium","2019","1","Cumilla","G_winter_018","2",5.85,"386","2019_Cumilla"
"9561","2008","Medium","2019","1","Cumilla","G_winter_018","3",5.71,"387","2019_Cumilla"
"9562","2012","Medium","2019","1","Cumilla","G_winter_019","1",6.73,"388","2019_Cumilla"
"9563","2012","Medium","2019","1","Cumilla","G_winter_019","2",6.03,"389","2019_Cumilla"
"9564","2012","Medium","2019","1","Cumilla","G_winter_019","3",6.38,"390","2019_Cumilla"
"9565","2013","Medium","2019","1","Cumilla","G_winter_020","1",7,"391","2019_Cumilla"
"9566","2013","Medium","2019","1","Cumilla","G_winter_020","2",6.75,"392","2019_Cumilla"
"9567","2013","Medium","2019","1","Cumilla","G_winter_020","3",6.99,"393","2019_Cumilla"
"9568","2013","Medium","2019","1","Cumilla","G_winter_021","1",6.76,"394","2019_Cumilla"
"9569","2013","Medium","2019","1","Cumilla","G_winter_021","2",6,"395","2019_Cumilla"
"9570","2013","Medium","2019","1","Cumilla","G_winter_021","3",5.72,"396","2019_Cumilla"
"9571","2014","Medium","2019","1","Cumilla","G_winter_022","1",5.82,"397","2019_Cumilla"
"9572","2014","Medium","2019","1","Cumilla","G_winter_022","2",6.33,"398","2019_Cumilla"
"9573","2014","Medium","2019","1","Cumilla","G_winter_022","3",6.22,"399","2019_Cumilla"
"9574","2014","Medium","2019","1","Cumilla","G_winter_023","1",6.72,"400","2019_Cumilla"
"9575","2014","Medium","2019","1","Cumilla","G_winter_023","2",6.67,"401","2019_Cumilla"
"9576","2014","Medium","2019","1","Cumilla","G_winter_023","3",7.49,"402","2019_Cumilla"
"9577","2014","Medium","2019","1","Cumilla","G_winter_024","1",8.2,"403","2019_Cumilla"
"9578","2014","Medium","2019","1","Cumilla","G_winter_024","2",8.29,"404","2019_Cumilla"
"9579","2014","Medium","2019","1","Cumilla","G_winter_024","3",7.45,"405","2019_Cumilla"
"9580","2015","Medium","2019","1","Cumilla","G_winter_025","1",7.28,"406","2019_Cumilla"
"9581","2015","Medium","2019","1","Cumilla","G_winter_025","2",7.93,"407","2019_Cumilla"
"9582","2015","Medium","2019","1","Cumilla","G_winter_025","3",7.01,"408","2019_Cumilla"
"9583","1970","Medium","2019","1","Rangpur","G_winter_013","1",4.67,"370","2019_Rangpur"
"9584","1970","Medium","2019","1","Rangpur","G_winter_013","2",4.47,"371","2019_Rangpur"
"9585","1970","Medium","2019","1","Rangpur","G_winter_013","3",3.98,"372","2019_Rangpur"
"9586","1985","Medium","2019","1","Rangpur","G_winter_014","1",3.46,"373","2019_Rangpur"
"9587","1985","Medium","2019","1","Rangpur","G_winter_014","2",2.76,"374","2019_Rangpur"
"9588","1985","Medium","2019","1","Rangpur","G_winter_014","3",3.33,"375","2019_Rangpur"
"9589","1977","Medium","2019","1","Rangpur","G_winter_015","1",2.96,"376","2019_Rangpur"
"9590","1977","Medium","2019","1","Rangpur","G_winter_015","2",3.28,"377","2019_Rangpur"
"9591","1977","Medium","2019","1","Rangpur","G_winter_015","3",3.8,"378","2019_Rangpur"
"9592","1978","Medium","2019","1","Rangpur","G_winter_016","1",2.67,"379","2019_Rangpur"
"9593","1978","Medium","2019","1","Rangpur","G_winter_016","2",2.68,"380","2019_Rangpur"
"9594","1978","Medium","2019","1","Rangpur","G_winter_016","3",3.56,"381","2019_Rangpur"
"9595","1998","Medium","2019","1","Rangpur","G_winter_017","1",2.96,"382","2019_Rangpur"
"9596","1998","Medium","2019","1","Rangpur","G_winter_017","2",2.54,"383","2019_Rangpur"
"9597","1998","Medium","2019","1","Rangpur","G_winter_017","3",2.86,"384","2019_Rangpur"
"9598","2008","Medium","2019","1","Rangpur","G_winter_018","1",3.59,"385","2019_Rangpur"
"9599","2008","Medium","2019","1","Rangpur","G_winter_018","2",3.46,"386","2019_Rangpur"
"9600","2008","Medium","2019","1","Rangpur","G_winter_018","3",4.04,"387","2019_Rangpur"
"9601","2012","Medium","2019","1","Rangpur","G_winter_019","1",3.48,"388","2019_Rangpur"
"9602","2012","Medium","2019","1","Rangpur","G_winter_019","2",3.46,"389","2019_Rangpur"
"9603","2012","Medium","2019","1","Rangpur","G_winter_019","3",4.17,"390","2019_Rangpur"
"9604","2013","Medium","2019","1","Rangpur","G_winter_020","1",3.44,"391","2019_Rangpur"
"9605","2013","Medium","2019","1","Rangpur","G_winter_020","2",3.54,"392","2019_Rangpur"
"9606","2013","Medium","2019","1","Rangpur","G_winter_020","3",4.05,"393","2019_Rangpur"
"9607","2013","Medium","2019","1","Rangpur","G_winter_021","1",4.49,"394","2019_Rangpur"
"9608","2013","Medium","2019","1","Rangpur","G_winter_021","2",4.69,"395","2019_Rangpur"
"9609","2013","Medium","2019","1","Rangpur","G_winter_021","3",4.65,"396","2019_Rangpur"
"9610","2014","Medium","2019","1","Rangpur","G_winter_022","1",3.43,"397","2019_Rangpur"
"9611","2014","Medium","2019","1","Rangpur","G_winter_022","2",3.37,"398","2019_Rangpur"
"9612","2014","Medium","2019","1","Rangpur","G_winter_022","3",4.18,"399","2019_Rangpur"
"9613","2014","Medium","2019","1","Rangpur","G_winter_023","1",4.66,"400","2019_Rangpur"
"9614","2014","Medium","2019","1","Rangpur","G_winter_023","2",4.26,"401","2019_Rangpur"
"9615","2014","Medium","2019","1","Rangpur","G_winter_023","3",4.56,"402","2019_Rangpur"
"9616","2014","Medium","2019","1","Rangpur","G_winter_024","1",4.18,"403","2019_Rangpur"
"9617","2014","Medium","2019","1","Rangpur","G_winter_024","2",3.88,"404","2019_Rangpur"
"9618","2014","Medium","2019","1","Rangpur","G_winter_024","3",4.31,"405","2019_Rangpur"
"9619","2015","Medium","2019","1","Rangpur","G_winter_025","1",4.67,"406","2019_Rangpur"
"9620","2015","Medium","2019","1","Rangpur","G_winter_025","2",5.12,"407","2019_Rangpur"
"9621","2015","Medium","2019","1","Rangpur","G_winter_025","3",4.8,"408","2019_Rangpur"
"9622","1970","Medium","2019","2","Kushtia","G_winter_013","1",6.31,"370","2019_Kushtia"
"9623","1970","Medium","2019","2","Kushtia","G_winter_013","2",6.02,"371","2019_Kushtia"
"9624","1970","Medium","2019","2","Kushtia","G_winter_013","3",6.23,"372","2019_Kushtia"
"9625","1985","Medium","2019","2","Kushtia","G_winter_014","1",6.44,"373","2019_Kushtia"
"9626","1985","Medium","2019","2","Kushtia","G_winter_014","2",6.01,"374","2019_Kushtia"
"9627","1985","Medium","2019","2","Kushtia","G_winter_014","3",6.23,"375","2019_Kushtia"
"9628","1977","Medium","2019","2","Kushtia","G_winter_015","1",6.05,"376","2019_Kushtia"
"9629","1977","Medium","2019","2","Kushtia","G_winter_015","2",5.92,"377","2019_Kushtia"
"9630","1977","Medium","2019","2","Kushtia","G_winter_015","3",6.17,"378","2019_Kushtia"
"9631","1978","Medium","2019","2","Kushtia","G_winter_016","1",6.7,"379","2019_Kushtia"
"9632","1978","Medium","2019","2","Kushtia","G_winter_016","2",6.78,"380","2019_Kushtia"
"9633","1978","Medium","2019","2","Kushtia","G_winter_016","3",6.65,"381","2019_Kushtia"
"9634","1998","Medium","2019","2","Kushtia","G_winter_017","1",5.67,"382","2019_Kushtia"
"9635","1998","Medium","2019","2","Kushtia","G_winter_017","2",5.99,"383","2019_Kushtia"
"9636","1998","Medium","2019","2","Kushtia","G_winter_017","3",5.74,"384","2019_Kushtia"
"9637","2008","Medium","2019","2","Kushtia","G_winter_018","1",6.98,"385","2019_Kushtia"
"9638","2008","Medium","2019","2","Kushtia","G_winter_018","2",6.56,"386","2019_Kushtia"
"9639","2008","Medium","2019","2","Kushtia","G_winter_018","3",6.97,"387","2019_Kushtia"
"9640","2012","Medium","2019","2","Kushtia","G_winter_019","1",7.52,"388","2019_Kushtia"
"9641","2012","Medium","2019","2","Kushtia","G_winter_019","2",7.66,"389","2019_Kushtia"
"9642","2012","Medium","2019","2","Kushtia","G_winter_019","3",7.8,"390","2019_Kushtia"
"9643","2013","Medium","2019","2","Kushtia","G_winter_020","1",6.8,"391","2019_Kushtia"
"9644","2013","Medium","2019","2","Kushtia","G_winter_020","2",6.35,"392","2019_Kushtia"
"9645","2013","Medium","2019","2","Kushtia","G_winter_020","3",6.46,"393","2019_Kushtia"
"9646","2013","Medium","2019","2","Kushtia","G_winter_021","1",7.41,"394","2019_Kushtia"
"9647","2013","Medium","2019","2","Kushtia","G_winter_021","2",7.13,"395","2019_Kushtia"
"9648","2013","Medium","2019","2","Kushtia","G_winter_021","3",7.23,"396","2019_Kushtia"
"9649","2014","Medium","2019","2","Kushtia","G_winter_022","1",6.5,"397","2019_Kushtia"
"9650","2014","Medium","2019","2","Kushtia","G_winter_022","2",6.62,"398","2019_Kushtia"
"9651","2014","Medium","2019","2","Kushtia","G_winter_022","3",6.33,"399","2019_Kushtia"
"9652","2014","Medium","2019","2","Kushtia","G_winter_023","1",7.64,"400","2019_Kushtia"
"9653","2014","Medium","2019","2","Kushtia","G_winter_023","2",7.79,"401","2019_Kushtia"
"9654","2014","Medium","2019","2","Kushtia","G_winter_023","3",7.34,"402","2019_Kushtia"
"9655","2014","Medium","2019","2","Kushtia","G_winter_024","1",7.22,"403","2019_Kushtia"
"9656","2014","Medium","2019","2","Kushtia","G_winter_024","2",7.87,"404","2019_Kushtia"
"9657","2014","Medium","2019","2","Kushtia","G_winter_024","3",7.61,"405","2019_Kushtia"
"9658","2015","Medium","2019","2","Kushtia","G_winter_025","1",7.67,"406","2019_Kushtia"
"9659","2015","Medium","2019","2","Kushtia","G_winter_025","2",7.86,"407","2019_Kushtia"
"9660","2015","Medium","2019","2","Kushtia","G_winter_025","3",7.31,"408","2019_Kushtia"
"9661","1970","Medium","2019","2","Satkhira","G_winter_013","1",3.87,"370","2019_Satkhira"
"9662","1970","Medium","2019","2","Satkhira","G_winter_013","2",3.25,"371","2019_Satkhira"
"9663","1970","Medium","2019","2","Satkhira","G_winter_013","3",3.61,"372","2019_Satkhira"
"9664","1985","Medium","2019","2","Satkhira","G_winter_014","1",3.85,"373","2019_Satkhira"
"9665","1985","Medium","2019","2","Satkhira","G_winter_014","2",3.89,"374","2019_Satkhira"
"9666","1985","Medium","2019","2","Satkhira","G_winter_014","3",3.81,"375","2019_Satkhira"
"9667","1977","Medium","2019","2","Satkhira","G_winter_015","1",4.18,"376","2019_Satkhira"
"9668","1977","Medium","2019","2","Satkhira","G_winter_015","2",4.09,"377","2019_Satkhira"
"9669","1977","Medium","2019","2","Satkhira","G_winter_015","3",3.91,"378","2019_Satkhira"
"9670","1978","Medium","2019","2","Satkhira","G_winter_016","1",4.22,"379","2019_Satkhira"
"9671","1978","Medium","2019","2","Satkhira","G_winter_016","2",4.59,"380","2019_Satkhira"
"9672","1978","Medium","2019","2","Satkhira","G_winter_016","3",3.99,"381","2019_Satkhira"
"9673","1998","Medium","2019","2","Satkhira","G_winter_017","1",3.85,"382","2019_Satkhira"
"9674","1998","Medium","2019","2","Satkhira","G_winter_017","2",3.9,"383","2019_Satkhira"
"9675","1998","Medium","2019","2","Satkhira","G_winter_017","3",3.68,"384","2019_Satkhira"
"9676","2008","Medium","2019","2","Satkhira","G_winter_018","1",5.31,"385","2019_Satkhira"
"9677","2008","Medium","2019","2","Satkhira","G_winter_018","2",4.62,"386","2019_Satkhira"
"9678","2008","Medium","2019","2","Satkhira","G_winter_018","3",4.96,"387","2019_Satkhira"
"9679","2012","Medium","2019","2","Satkhira","G_winter_019","1",5.86,"388","2019_Satkhira"
"9680","2012","Medium","2019","2","Satkhira","G_winter_019","2",5.93,"389","2019_Satkhira"
"9681","2012","Medium","2019","2","Satkhira","G_winter_019","3",6.05,"390","2019_Satkhira"
"9682","2013","Medium","2019","2","Satkhira","G_winter_020","1",4.98,"391","2019_Satkhira"
"9683","2013","Medium","2019","2","Satkhira","G_winter_020","2",5.31,"392","2019_Satkhira"
"9684","2013","Medium","2019","2","Satkhira","G_winter_020","3",5.17,"393","2019_Satkhira"
"9685","2013","Medium","2019","2","Satkhira","G_winter_021","1",4.57,"394","2019_Satkhira"
"9686","2013","Medium","2019","2","Satkhira","G_winter_021","2",4.86,"395","2019_Satkhira"
"9687","2013","Medium","2019","2","Satkhira","G_winter_021","3",4.35,"396","2019_Satkhira"
"9688","2014","Medium","2019","2","Satkhira","G_winter_022","1",4.52,"397","2019_Satkhira"
"9689","2014","Medium","2019","2","Satkhira","G_winter_022","2",4.19,"398","2019_Satkhira"
"9690","2014","Medium","2019","2","Satkhira","G_winter_022","3",4.71,"399","2019_Satkhira"
"9691","2014","Medium","2019","2","Satkhira","G_winter_023","1",4.38,"400","2019_Satkhira"
"9692","2014","Medium","2019","2","Satkhira","G_winter_023","2",4.52,"401","2019_Satkhira"
"9693","2014","Medium","2019","2","Satkhira","G_winter_023","3",4.69,"402","2019_Satkhira"
"9694","2014","Medium","2019","2","Satkhira","G_winter_024","1",4.34,"403","2019_Satkhira"
"9695","2014","Medium","2019","2","Satkhira","G_winter_024","2",4.88,"404","2019_Satkhira"
"9696","2014","Medium","2019","2","Satkhira","G_winter_024","3",5.1,"405","2019_Satkhira"
"9697","2015","Medium","2019","2","Satkhira","G_winter_025","1",4.86,"406","2019_Satkhira"
"9698","2015","Medium","2019","2","Satkhira","G_winter_025","2",5.12,"407","2019_Satkhira"
"9699","2015","Medium","2019","2","Satkhira","G_winter_025","3",5.37,"408","2019_Satkhira"
"9700","1970","Medium","2019","3","Gazipur","G_winter_013","1",4.31,"370","2019_Gazipur"
"9701","1970","Medium","2019","3","Gazipur","G_winter_013","2",4.8,"371","2019_Gazipur"
"9702","1970","Medium","2019","3","Gazipur","G_winter_013","3",5.42,"372","2019_Gazipur"
"9703","1985","Medium","2019","3","Gazipur","G_winter_014","1",4.18,"373","2019_Gazipur"
"9704","1985","Medium","2019","3","Gazipur","G_winter_014","2",3.94,"374","2019_Gazipur"
"9705","1985","Medium","2019","3","Gazipur","G_winter_014","3",3.65,"375","2019_Gazipur"
"9706","1977","Medium","2019","3","Gazipur","G_winter_015","1",4.82,"376","2019_Gazipur"
"9707","1977","Medium","2019","3","Gazipur","G_winter_015","2",5.61,"377","2019_Gazipur"
"9708","1977","Medium","2019","3","Gazipur","G_winter_015","3",4.57,"378","2019_Gazipur"
"9709","1978","Medium","2019","3","Gazipur","G_winter_016","1",5.13,"379","2019_Gazipur"
"9710","1978","Medium","2019","3","Gazipur","G_winter_016","2",5.07,"380","2019_Gazipur"
"9711","1978","Medium","2019","3","Gazipur","G_winter_016","3",3.88,"381","2019_Gazipur"
"9712","1998","Medium","2019","3","Gazipur","G_winter_017","1",5.44,"382","2019_Gazipur"
"9713","1998","Medium","2019","3","Gazipur","G_winter_017","2",4.85,"383","2019_Gazipur"
"9714","1998","Medium","2019","3","Gazipur","G_winter_017","3",4.97,"384","2019_Gazipur"
"9715","2008","Medium","2019","3","Gazipur","G_winter_018","1",5.14,"385","2019_Gazipur"
"9716","2008","Medium","2019","3","Gazipur","G_winter_018","2",4.23,"386","2019_Gazipur"
"9717","2008","Medium","2019","3","Gazipur","G_winter_018","3",4.74,"387","2019_Gazipur"
"9718","2012","Medium","2019","3","Gazipur","G_winter_019","1",5.28,"388","2019_Gazipur"
"9719","2012","Medium","2019","3","Gazipur","G_winter_019","2",5.17,"389","2019_Gazipur"
"9720","2012","Medium","2019","3","Gazipur","G_winter_019","3",5.06,"390","2019_Gazipur"
"9721","2013","Medium","2019","3","Gazipur","G_winter_020","1",4.76,"391","2019_Gazipur"
"9722","2013","Medium","2019","3","Gazipur","G_winter_020","2",4.44,"392","2019_Gazipur"
"9723","2013","Medium","2019","3","Gazipur","G_winter_020","3",3.77,"393","2019_Gazipur"
"9724","2013","Medium","2019","3","Gazipur","G_winter_021","1",5.49,"394","2019_Gazipur"
"9725","2013","Medium","2019","3","Gazipur","G_winter_021","2",4.96,"395","2019_Gazipur"
"9726","2013","Medium","2019","3","Gazipur","G_winter_021","3",5.49,"396","2019_Gazipur"
"9727","2014","Medium","2019","3","Gazipur","G_winter_022","1",4.26,"397","2019_Gazipur"
"9728","2014","Medium","2019","3","Gazipur","G_winter_022","2",4.8,"398","2019_Gazipur"
"9729","2014","Medium","2019","3","Gazipur","G_winter_022","3",5.15,"399","2019_Gazipur"
"9730","2014","Medium","2019","3","Gazipur","G_winter_023","1",5.32,"400","2019_Gazipur"
"9731","2014","Medium","2019","3","Gazipur","G_winter_023","2",4.28,"401","2019_Gazipur"
"9732","2014","Medium","2019","3","Gazipur","G_winter_023","3",5.56,"402","2019_Gazipur"
"9733","2014","Medium","2019","3","Gazipur","G_winter_024","1",5.49,"403","2019_Gazipur"
"9734","2014","Medium","2019","3","Gazipur","G_winter_024","2",5.32,"404","2019_Gazipur"
"9735","2014","Medium","2019","3","Gazipur","G_winter_024","3",5.23,"405","2019_Gazipur"
"9736","2015","Medium","2019","3","Gazipur","G_winter_025","1",5.37,"406","2019_Gazipur"
"9737","2015","Medium","2019","3","Gazipur","G_winter_025","2",5.73,"407","2019_Gazipur"
"9738","2015","Medium","2019","3","Gazipur","G_winter_025","3",5.81,"408","2019_Gazipur"
"9739","1970","Medium","2019","3","Habiganj","G_winter_013","1",6,"370","2019_Habiganj"
"9740","1970","Medium","2019","3","Habiganj","G_winter_013","2",4.2,"371","2019_Habiganj"
"9741","1970","Medium","2019","3","Habiganj","G_winter_013","3",5.71,"372","2019_Habiganj"
"9742","1985","Medium","2019","3","Habiganj","G_winter_014","1",4.96,"373","2019_Habiganj"
"9743","1985","Medium","2019","3","Habiganj","G_winter_014","2",6.39,"374","2019_Habiganj"
"9744","1985","Medium","2019","3","Habiganj","G_winter_014","3",6.7,"375","2019_Habiganj"
"9745","1977","Medium","2019","3","Habiganj","G_winter_015","1",4.63,"376","2019_Habiganj"
"9746","1977","Medium","2019","3","Habiganj","G_winter_015","2",5.98,"377","2019_Habiganj"
"9747","1977","Medium","2019","3","Habiganj","G_winter_015","3",6.53,"378","2019_Habiganj"
"9748","1978","Medium","2019","3","Habiganj","G_winter_016","1",6.23,"379","2019_Habiganj"
"9749","1978","Medium","2019","3","Habiganj","G_winter_016","2",6.79,"380","2019_Habiganj"
"9750","1978","Medium","2019","3","Habiganj","G_winter_016","3",6.33,"381","2019_Habiganj"
"9751","1998","Medium","2019","3","Habiganj","G_winter_017","1",7.46,"382","2019_Habiganj"
"9752","1998","Medium","2019","3","Habiganj","G_winter_017","2",6.69,"383","2019_Habiganj"
"9753","1998","Medium","2019","3","Habiganj","G_winter_017","3",7.01,"384","2019_Habiganj"
"9754","2008","Medium","2019","3","Habiganj","G_winter_018","1",4.78,"385","2019_Habiganj"
"9755","2008","Medium","2019","3","Habiganj","G_winter_018","2",5.91,"386","2019_Habiganj"
"9756","2008","Medium","2019","3","Habiganj","G_winter_018","3",5.01,"387","2019_Habiganj"
"9757","2012","Medium","2019","3","Habiganj","G_winter_019","1",7.26,"388","2019_Habiganj"
"9758","2012","Medium","2019","3","Habiganj","G_winter_019","2",7.65,"389","2019_Habiganj"
"9759","2012","Medium","2019","3","Habiganj","G_winter_019","3",6.98,"390","2019_Habiganj"
"9760","2013","Medium","2019","3","Habiganj","G_winter_020","1",6.4,"391","2019_Habiganj"
"9761","2013","Medium","2019","3","Habiganj","G_winter_020","2",4.45,"392","2019_Habiganj"
"9762","2013","Medium","2019","3","Habiganj","G_winter_020","3",5.65,"393","2019_Habiganj"
"9763","2013","Medium","2019","3","Habiganj","G_winter_021","1",3.59,"394","2019_Habiganj"
"9764","2013","Medium","2019","3","Habiganj","G_winter_021","2",7.8,"395","2019_Habiganj"
"9765","2013","Medium","2019","3","Habiganj","G_winter_021","3",6.82,"396","2019_Habiganj"
"9766","2014","Medium","2019","3","Habiganj","G_winter_022","1",5.33,"397","2019_Habiganj"
"9767","2014","Medium","2019","3","Habiganj","G_winter_022","2",5.64,"398","2019_Habiganj"
"9768","2014","Medium","2019","3","Habiganj","G_winter_022","3",5.62,"399","2019_Habiganj"
"9769","2014","Medium","2019","3","Habiganj","G_winter_023","1",4.99,"400","2019_Habiganj"
"9770","2014","Medium","2019","3","Habiganj","G_winter_023","2",4.49,"401","2019_Habiganj"
"9771","2014","Medium","2019","3","Habiganj","G_winter_023","3",5.72,"402","2019_Habiganj"
"9772","2014","Medium","2019","3","Habiganj","G_winter_024","1",6.18,"403","2019_Habiganj"
"9773","2014","Medium","2019","3","Habiganj","G_winter_024","2",5.1,"404","2019_Habiganj"
"9774","2014","Medium","2019","3","Habiganj","G_winter_024","3",5.14,"405","2019_Habiganj"
"9775","2015","Medium","2019","3","Habiganj","G_winter_025","1",5.14,"406","2019_Habiganj"
"9776","2015","Medium","2019","3","Habiganj","G_winter_025","2",3.55,"407","2019_Habiganj"
"9777","2015","Medium","2019","3","Habiganj","G_winter_025","3",6.93,"408","2019_Habiganj"
"9778","1970","Medium","2019","4","Barishal","G_winter_013","1",6.44,"370","2019_Barishal"
"9779","1970","Medium","2019","4","Barishal","G_winter_013","2",6.76,"371","2019_Barishal"
"9780","1970","Medium","2019","4","Barishal","G_winter_013","3",6.41,"372","2019_Barishal"
"9781","1985","Medium","2019","4","Barishal","G_winter_014","1",6.39,"373","2019_Barishal"
"9782","1985","Medium","2019","4","Barishal","G_winter_014","2",6.1,"374","2019_Barishal"
"9783","1985","Medium","2019","4","Barishal","G_winter_014","3",5.57,"375","2019_Barishal"
"9784","1977","Medium","2019","4","Barishal","G_winter_015","1",6.85,"376","2019_Barishal"
"9785","1977","Medium","2019","4","Barishal","G_winter_015","2",6.79,"377","2019_Barishal"
"9786","1977","Medium","2019","4","Barishal","G_winter_015","3",7.37,"378","2019_Barishal"
"9787","1978","Medium","2019","4","Barishal","G_winter_016","1",6.51,"379","2019_Barishal"
"9788","1978","Medium","2019","4","Barishal","G_winter_016","2",7.17,"380","2019_Barishal"
"9789","1978","Medium","2019","4","Barishal","G_winter_016","3",6.78,"381","2019_Barishal"
"9790","1998","Medium","2019","4","Barishal","G_winter_017","1",6.32,"382","2019_Barishal"
"9791","1998","Medium","2019","4","Barishal","G_winter_017","2",6.16,"383","2019_Barishal"
"9792","1998","Medium","2019","4","Barishal","G_winter_017","3",5.74,"384","2019_Barishal"
"9793","2008","Medium","2019","4","Barishal","G_winter_018","1",5.87,"385","2019_Barishal"
"9794","2008","Medium","2019","4","Barishal","G_winter_018","2",5.86,"386","2019_Barishal"
"9795","2008","Medium","2019","4","Barishal","G_winter_018","3",6.63,"387","2019_Barishal"
"9796","2012","Medium","2019","4","Barishal","G_winter_019","1",7.13,"388","2019_Barishal"
"9797","2012","Medium","2019","4","Barishal","G_winter_019","2",7.32,"389","2019_Barishal"
"9798","2012","Medium","2019","4","Barishal","G_winter_019","3",7.22,"390","2019_Barishal"
"9799","2013","Medium","2019","4","Barishal","G_winter_020","1",6.38,"391","2019_Barishal"
"9800","2013","Medium","2019","4","Barishal","G_winter_020","2",7.31,"392","2019_Barishal"
"9801","2013","Medium","2019","4","Barishal","G_winter_020","3",6.82,"393","2019_Barishal"
"9802","2013","Medium","2019","4","Barishal","G_winter_021","1",6.13,"394","2019_Barishal"
"9803","2013","Medium","2019","4","Barishal","G_winter_021","2",6.23,"395","2019_Barishal"
"9804","2013","Medium","2019","4","Barishal","G_winter_021","3",5.9,"396","2019_Barishal"
"9805","2014","Medium","2019","4","Barishal","G_winter_022","1",5.36,"397","2019_Barishal"
"9806","2014","Medium","2019","4","Barishal","G_winter_022","2",5.43,"398","2019_Barishal"
"9807","2014","Medium","2019","4","Barishal","G_winter_022","3",5.87,"399","2019_Barishal"
"9808","2014","Medium","2019","4","Barishal","G_winter_023","1",6.51,"400","2019_Barishal"
"9809","2014","Medium","2019","4","Barishal","G_winter_023","2",6.87,"401","2019_Barishal"
"9810","2014","Medium","2019","4","Barishal","G_winter_023","3",6.4,"402","2019_Barishal"
"9811","2014","Medium","2019","4","Barishal","G_winter_024","1",6.83,"403","2019_Barishal"
"9812","2014","Medium","2019","4","Barishal","G_winter_024","2",6.69,"404","2019_Barishal"
"9813","2014","Medium","2019","4","Barishal","G_winter_024","3",7.02,"405","2019_Barishal"
"9814","2015","Medium","2019","4","Barishal","G_winter_025","1",7.22,"406","2019_Barishal"
"9815","2015","Medium","2019","4","Barishal","G_winter_025","2",6.9,"407","2019_Barishal"
"9816","2015","Medium","2019","4","Barishal","G_winter_025","3",7.23,"408","2019_Barishal"
"9817","1970","Medium","2019","4","Rajshahi","G_winter_013","1",4.4,"370","2019_Rajshahi"
"9818","1970","Medium","2019","4","Rajshahi","G_winter_013","2",5.1,"371","2019_Rajshahi"
"9819","1970","Medium","2019","4","Rajshahi","G_winter_013","3",4.06,"372","2019_Rajshahi"
"9820","1985","Medium","2019","4","Rajshahi","G_winter_014","1",4.13,"373","2019_Rajshahi"
"9821","1985","Medium","2019","4","Rajshahi","G_winter_014","2",3.52,"374","2019_Rajshahi"
"9822","1985","Medium","2019","4","Rajshahi","G_winter_014","3",3.96,"375","2019_Rajshahi"
"9823","1977","Medium","2019","4","Rajshahi","G_winter_015","1",6.17,"376","2019_Rajshahi"
"9824","1977","Medium","2019","4","Rajshahi","G_winter_015","2",3.15,"377","2019_Rajshahi"
"9825","1977","Medium","2019","4","Rajshahi","G_winter_015","3",5.47,"378","2019_Rajshahi"
"9826","1978","Medium","2019","4","Rajshahi","G_winter_016","1",4.56,"379","2019_Rajshahi"
"9827","1978","Medium","2019","4","Rajshahi","G_winter_016","2",5.79,"380","2019_Rajshahi"
"9828","1978","Medium","2019","4","Rajshahi","G_winter_016","3",5.6,"381","2019_Rajshahi"
"9829","1998","Medium","2019","4","Rajshahi","G_winter_017","1",4.58,"382","2019_Rajshahi"
"9830","1998","Medium","2019","4","Rajshahi","G_winter_017","2",2.95,"383","2019_Rajshahi"
"9831","1998","Medium","2019","4","Rajshahi","G_winter_017","3",4.54,"384","2019_Rajshahi"
"9832","2008","Medium","2019","4","Rajshahi","G_winter_018","1",4.46,"385","2019_Rajshahi"
"9833","2008","Medium","2019","4","Rajshahi","G_winter_018","2",3.79,"386","2019_Rajshahi"
"9834","2008","Medium","2019","4","Rajshahi","G_winter_018","3",5.01,"387","2019_Rajshahi"
"9835","2012","Medium","2019","4","Rajshahi","G_winter_019","1",5.98,"388","2019_Rajshahi"
"9836","2012","Medium","2019","4","Rajshahi","G_winter_019","2",4.92,"389","2019_Rajshahi"
"9837","2012","Medium","2019","4","Rajshahi","G_winter_019","3",5.39,"390","2019_Rajshahi"
"9838","2013","Medium","2019","4","Rajshahi","G_winter_020","1",4.39,"391","2019_Rajshahi"
"9839","2013","Medium","2019","4","Rajshahi","G_winter_020","2",4.07,"392","2019_Rajshahi"
"9840","2013","Medium","2019","4","Rajshahi","G_winter_020","3",4.99,"393","2019_Rajshahi"
"9841","2013","Medium","2019","4","Rajshahi","G_winter_021","1",3.65,"394","2019_Rajshahi"
"9842","2013","Medium","2019","4","Rajshahi","G_winter_021","2",3.83,"395","2019_Rajshahi"
"9843","2013","Medium","2019","4","Rajshahi","G_winter_021","3",3.74,"396","2019_Rajshahi"
"9844","2014","Medium","2019","4","Rajshahi","G_winter_022","1",5.22,"397","2019_Rajshahi"
"9845","2014","Medium","2019","4","Rajshahi","G_winter_022","2",3.79,"398","2019_Rajshahi"
"9846","2014","Medium","2019","4","Rajshahi","G_winter_022","3",3.58,"399","2019_Rajshahi"
"9847","2014","Medium","2019","4","Rajshahi","G_winter_023","1",3.28,"400","2019_Rajshahi"
"9848","2014","Medium","2019","4","Rajshahi","G_winter_023","2",3.67,"401","2019_Rajshahi"
"9849","2014","Medium","2019","4","Rajshahi","G_winter_023","3",3.97,"402","2019_Rajshahi"
"9850","2014","Medium","2019","4","Rajshahi","G_winter_024","1",5.5,"403","2019_Rajshahi"
"9851","2014","Medium","2019","4","Rajshahi","G_winter_024","2",4.71,"404","2019_Rajshahi"
"9852","2014","Medium","2019","4","Rajshahi","G_winter_024","3",4.38,"405","2019_Rajshahi"
"9853","2015","Medium","2019","4","Rajshahi","G_winter_025","1",3.59,"406","2019_Rajshahi"
"9854","2015","Medium","2019","4","Rajshahi","G_winter_025","2",4.05,"407","2019_Rajshahi"
"9855","2015","Medium","2019","4","Rajshahi","G_winter_025","3",3.38,"408","2019_Rajshahi"
"9856","1970","Medium","2020","1","Bhanga","G_winter_013","1",5.04,"409","2020_Bhanga"
"9857","1970","Medium","2020","1","Bhanga","G_winter_013","2",5.94,"410","2020_Bhanga"
"9858","1970","Medium","2020","1","Bhanga","G_winter_013","3",5.7,"411","2020_Bhanga"
"9859","1985","Medium","2020","1","Bhanga","G_winter_014","1",4.07,"412","2020_Bhanga"
"9860","1985","Medium","2020","1","Bhanga","G_winter_014","2",4.66,"413","2020_Bhanga"
"9861","1985","Medium","2020","1","Bhanga","G_winter_014","3",4.45,"414","2020_Bhanga"
"9862","1977","Medium","2020","1","Bhanga","G_winter_015","1",6.03,"415","2020_Bhanga"
"9863","1977","Medium","2020","1","Bhanga","G_winter_015","2",6.22,"416","2020_Bhanga"
"9864","1977","Medium","2020","1","Bhanga","G_winter_015","3",5.99,"417","2020_Bhanga"
"9865","1978","Medium","2020","1","Bhanga","G_winter_016","1",6.31,"418","2020_Bhanga"
"9866","1978","Medium","2020","1","Bhanga","G_winter_016","2",7.45,"419","2020_Bhanga"
"9867","1978","Medium","2020","1","Bhanga","G_winter_016","3",6.76,"420","2020_Bhanga"
"9868","1998","Medium","2020","1","Bhanga","G_winter_017","1",5.89,"421","2020_Bhanga"
"9869","1998","Medium","2020","1","Bhanga","G_winter_017","2",5.26,"422","2020_Bhanga"
"9870","1998","Medium","2020","1","Bhanga","G_winter_017","3",7.27,"423","2020_Bhanga"
"9871","2008","Medium","2020","1","Bhanga","G_winter_018","1",5.26,"424","2020_Bhanga"
"9872","2008","Medium","2020","1","Bhanga","G_winter_018","2",5.43,"425","2020_Bhanga"
"9873","2008","Medium","2020","1","Bhanga","G_winter_018","3",5.21,"426","2020_Bhanga"
"9874","2012","Medium","2020","1","Bhanga","G_winter_019","1",6.74,"427","2020_Bhanga"
"9875","2012","Medium","2020","1","Bhanga","G_winter_019","2",6.18,"428","2020_Bhanga"
"9876","2012","Medium","2020","1","Bhanga","G_winter_019","3",6.35,"429","2020_Bhanga"
"9877","2013","Medium","2020","1","Bhanga","G_winter_020","1",7.22,"430","2020_Bhanga"
"9878","2013","Medium","2020","1","Bhanga","G_winter_020","2",7.22,"431","2020_Bhanga"
"9879","2013","Medium","2020","1","Bhanga","G_winter_020","3",7.09,"432","2020_Bhanga"
"9880","2013","Medium","2020","1","Bhanga","G_winter_021","1",7.38,"433","2020_Bhanga"
"9881","2013","Medium","2020","1","Bhanga","G_winter_021","2",6.83,"434","2020_Bhanga"
"9882","2013","Medium","2020","1","Bhanga","G_winter_021","3",6.91,"435","2020_Bhanga"
"9883","2014","Medium","2020","1","Bhanga","G_winter_022","1",5.46,"436","2020_Bhanga"
"9884","2014","Medium","2020","1","Bhanga","G_winter_022","2",5.26,"437","2020_Bhanga"
"9885","2014","Medium","2020","1","Bhanga","G_winter_022","3",5.48,"438","2020_Bhanga"
"9886","2014","Medium","2020","1","Bhanga","G_winter_023","1",6.52,"439","2020_Bhanga"
"9887","2014","Medium","2020","1","Bhanga","G_winter_023","2",6.64,"440","2020_Bhanga"
"9888","2014","Medium","2020","1","Bhanga","G_winter_023","3",6.73,"441","2020_Bhanga"
"9889","2014","Medium","2020","1","Bhanga","G_winter_024","1",7.88,"442","2020_Bhanga"
"9890","2014","Medium","2020","1","Bhanga","G_winter_024","2",6.52,"443","2020_Bhanga"
"9891","2014","Medium","2020","1","Bhanga","G_winter_024","3",6.22,"444","2020_Bhanga"
"9892","2015","Medium","2020","1","Bhanga","G_winter_025","1",6.85,"445","2020_Bhanga"
"9893","2015","Medium","2020","1","Bhanga","G_winter_025","2",7.54,"446","2020_Bhanga"
"9894","2015","Medium","2020","1","Bhanga","G_winter_025","3",6.61,"447","2020_Bhanga"
"9895","1970","Medium","2020","1","Cumilla","G_winter_013","1",6.17,"409","2020_Cumilla"
"9896","1970","Medium","2020","1","Cumilla","G_winter_013","2",5.52,"410","2020_Cumilla"
"9897","1970","Medium","2020","1","Cumilla","G_winter_013","3",5.81,"411","2020_Cumilla"
"9898","1985","Medium","2020","1","Cumilla","G_winter_014","1",4.18,"412","2020_Cumilla"
"9899","1985","Medium","2020","1","Cumilla","G_winter_014","2",4.05,"413","2020_Cumilla"
"9900","1985","Medium","2020","1","Cumilla","G_winter_014","3",4.27,"414","2020_Cumilla"
"9901","1977","Medium","2020","1","Cumilla","G_winter_015","1",6.78,"415","2020_Cumilla"
"9902","1977","Medium","2020","1","Cumilla","G_winter_015","2",6.3,"416","2020_Cumilla"
"9903","1977","Medium","2020","1","Cumilla","G_winter_015","3",6.74,"417","2020_Cumilla"
"9904","1978","Medium","2020","1","Cumilla","G_winter_016","1",6.91,"418","2020_Cumilla"
"9905","1978","Medium","2020","1","Cumilla","G_winter_016","2",7.45,"419","2020_Cumilla"
"9906","1978","Medium","2020","1","Cumilla","G_winter_016","3",5.29,"420","2020_Cumilla"
"9907","1998","Medium","2020","1","Cumilla","G_winter_017","1",7.67,"421","2020_Cumilla"
"9908","1998","Medium","2020","1","Cumilla","G_winter_017","2",3.94,"422","2020_Cumilla"
"9909","1998","Medium","2020","1","Cumilla","G_winter_017","3",6.16,"423","2020_Cumilla"
"9910","2008","Medium","2020","1","Cumilla","G_winter_018","1",6.56,"424","2020_Cumilla"
"9911","2008","Medium","2020","1","Cumilla","G_winter_018","2",6.43,"425","2020_Cumilla"
"9912","2008","Medium","2020","1","Cumilla","G_winter_018","3",6.36,"426","2020_Cumilla"
"9913","2012","Medium","2020","1","Cumilla","G_winter_019","1",7.83,"427","2020_Cumilla"
"9914","2012","Medium","2020","1","Cumilla","G_winter_019","2",4.65,"428","2020_Cumilla"
"9915","2012","Medium","2020","1","Cumilla","G_winter_019","3",7.43,"429","2020_Cumilla"
"9916","2013","Medium","2020","1","Cumilla","G_winter_020","1",7.29,"430","2020_Cumilla"
"9917","2013","Medium","2020","1","Cumilla","G_winter_020","2",7.69,"431","2020_Cumilla"
"9918","2013","Medium","2020","1","Cumilla","G_winter_020","3",6.63,"432","2020_Cumilla"
"9919","2013","Medium","2020","1","Cumilla","G_winter_021","1",6.44,"433","2020_Cumilla"
"9920","2013","Medium","2020","1","Cumilla","G_winter_021","2",6.17,"434","2020_Cumilla"
"9921","2013","Medium","2020","1","Cumilla","G_winter_021","3",6.79,"435","2020_Cumilla"
"9922","2014","Medium","2020","1","Cumilla","G_winter_022","1",6.09,"436","2020_Cumilla"
"9923","2014","Medium","2020","1","Cumilla","G_winter_022","2",6.46,"437","2020_Cumilla"
"9924","2014","Medium","2020","1","Cumilla","G_winter_022","3",6.89,"438","2020_Cumilla"
"9925","2014","Medium","2020","1","Cumilla","G_winter_023","1",6.48,"439","2020_Cumilla"
"9926","2014","Medium","2020","1","Cumilla","G_winter_023","2",6.9,"440","2020_Cumilla"
"9927","2014","Medium","2020","1","Cumilla","G_winter_023","3",7.31,"441","2020_Cumilla"
"9928","2014","Medium","2020","1","Cumilla","G_winter_024","1",7.19,"442","2020_Cumilla"
"9929","2014","Medium","2020","1","Cumilla","G_winter_024","2",6.72,"443","2020_Cumilla"
"9930","2014","Medium","2020","1","Cumilla","G_winter_024","3",5.96,"444","2020_Cumilla"
"9931","2015","Medium","2020","1","Cumilla","G_winter_025","1",5.4,"445","2020_Cumilla"
"9932","2015","Medium","2020","1","Cumilla","G_winter_025","2",7.31,"446","2020_Cumilla"
"9933","2015","Medium","2020","1","Cumilla","G_winter_025","3",5.46,"447","2020_Cumilla"
"9934","1970","Medium","2020","1","Rangpur","G_winter_013","1",5.78,"409","2020_Rangpur"
"9935","1970","Medium","2020","1","Rangpur","G_winter_013","2",6.66,"410","2020_Rangpur"
"9936","1970","Medium","2020","1","Rangpur","G_winter_013","3",6.25,"411","2020_Rangpur"
"9937","1985","Medium","2020","1","Rangpur","G_winter_014","1",6.43,"412","2020_Rangpur"
"9938","1985","Medium","2020","1","Rangpur","G_winter_014","2",6.56,"413","2020_Rangpur"
"9939","1985","Medium","2020","1","Rangpur","G_winter_014","3",6.41,"414","2020_Rangpur"
"9940","1977","Medium","2020","1","Rangpur","G_winter_015","1",7.12,"415","2020_Rangpur"
"9941","1977","Medium","2020","1","Rangpur","G_winter_015","2",6.7,"416","2020_Rangpur"
"9942","1977","Medium","2020","1","Rangpur","G_winter_015","3",6.48,"417","2020_Rangpur"
"9943","1978","Medium","2020","1","Rangpur","G_winter_016","1",7.14,"418","2020_Rangpur"
"9944","1978","Medium","2020","1","Rangpur","G_winter_016","2",6.28,"419","2020_Rangpur"
"9945","1978","Medium","2020","1","Rangpur","G_winter_016","3",6.34,"420","2020_Rangpur"
"9946","1998","Medium","2020","1","Rangpur","G_winter_017","1",6.04,"421","2020_Rangpur"
"9947","1998","Medium","2020","1","Rangpur","G_winter_017","2",6.65,"422","2020_Rangpur"
"9948","1998","Medium","2020","1","Rangpur","G_winter_017","3",6.66,"423","2020_Rangpur"
"9949","2008","Medium","2020","1","Rangpur","G_winter_018","1",6.5,"424","2020_Rangpur"
"9950","2008","Medium","2020","1","Rangpur","G_winter_018","2",6.09,"425","2020_Rangpur"
"9951","2008","Medium","2020","1","Rangpur","G_winter_018","3",6.21,"426","2020_Rangpur"
"9952","2012","Medium","2020","1","Rangpur","G_winter_019","1",7.12,"427","2020_Rangpur"
"9953","2012","Medium","2020","1","Rangpur","G_winter_019","2",7.28,"428","2020_Rangpur"
"9954","2012","Medium","2020","1","Rangpur","G_winter_019","3",6.69,"429","2020_Rangpur"
"9955","2013","Medium","2020","1","Rangpur","G_winter_020","1",6.27,"430","2020_Rangpur"
"9956","2013","Medium","2020","1","Rangpur","G_winter_020","2",6.34,"431","2020_Rangpur"
"9957","2013","Medium","2020","1","Rangpur","G_winter_020","3",6.33,"432","2020_Rangpur"
"9958","2013","Medium","2020","1","Rangpur","G_winter_021","1",5.32,"433","2020_Rangpur"
"9959","2013","Medium","2020","1","Rangpur","G_winter_021","2",5.8,"434","2020_Rangpur"
"9960","2013","Medium","2020","1","Rangpur","G_winter_021","3",5.09,"435","2020_Rangpur"
"9961","2014","Medium","2020","1","Rangpur","G_winter_022","1",6.13,"436","2020_Rangpur"
"9962","2014","Medium","2020","1","Rangpur","G_winter_022","2",5.6,"437","2020_Rangpur"
"9963","2014","Medium","2020","1","Rangpur","G_winter_022","3",5.85,"438","2020_Rangpur"
"9964","2014","Medium","2020","1","Rangpur","G_winter_023","1",5.75,"439","2020_Rangpur"
"9965","2014","Medium","2020","1","Rangpur","G_winter_023","2",5.27,"440","2020_Rangpur"
"9966","2014","Medium","2020","1","Rangpur","G_winter_023","3",6.63,"441","2020_Rangpur"
"9967","2014","Medium","2020","1","Rangpur","G_winter_024","1",7.42,"442","2020_Rangpur"
"9968","2014","Medium","2020","1","Rangpur","G_winter_024","2",6.99,"443","2020_Rangpur"
"9969","2014","Medium","2020","1","Rangpur","G_winter_024","3",6.63,"444","2020_Rangpur"
"9970","2015","Medium","2020","1","Rangpur","G_winter_025","1",6.29,"445","2020_Rangpur"
"9971","2015","Medium","2020","1","Rangpur","G_winter_025","2",6.47,"446","2020_Rangpur"
"9972","2015","Medium","2020","1","Rangpur","G_winter_025","3",6.5,"447","2020_Rangpur"
"9973","1970","Medium","2020","2","Kushtia","G_winter_013","1",6.48,"409","2020_Kushtia"
"9974","1970","Medium","2020","2","Kushtia","G_winter_013","2",6.27,"410","2020_Kushtia"
"9975","1970","Medium","2020","2","Kushtia","G_winter_013","3",6.84,"411","2020_Kushtia"
"9976","1985","Medium","2020","2","Kushtia","G_winter_014","1",4.59,"412","2020_Kushtia"
"9977","1985","Medium","2020","2","Kushtia","G_winter_014","2",4.3,"413","2020_Kushtia"
"9978","1985","Medium","2020","2","Kushtia","G_winter_014","3",4.33,"414","2020_Kushtia"
"9979","1977","Medium","2020","2","Kushtia","G_winter_015","1",6.18,"415","2020_Kushtia"
"9980","1977","Medium","2020","2","Kushtia","G_winter_015","2",6.36,"416","2020_Kushtia"
"9981","1977","Medium","2020","2","Kushtia","G_winter_015","3",7.3,"417","2020_Kushtia"
"9982","1978","Medium","2020","2","Kushtia","G_winter_016","1",6.15,"418","2020_Kushtia"
"9983","1978","Medium","2020","2","Kushtia","G_winter_016","2",6.83,"419","2020_Kushtia"
"9984","1978","Medium","2020","2","Kushtia","G_winter_016","3",5.76,"420","2020_Kushtia"
"9985","1998","Medium","2020","2","Kushtia","G_winter_017","1",6.75,"421","2020_Kushtia"
"9986","1998","Medium","2020","2","Kushtia","G_winter_017","2",6.92,"422","2020_Kushtia"
"9987","1998","Medium","2020","2","Kushtia","G_winter_017","3",5.99,"423","2020_Kushtia"
"9988","2008","Medium","2020","2","Kushtia","G_winter_018","1",6.54,"424","2020_Kushtia"
"9989","2008","Medium","2020","2","Kushtia","G_winter_018","2",5.44,"425","2020_Kushtia"
"9990","2008","Medium","2020","2","Kushtia","G_winter_018","3",5.03,"426","2020_Kushtia"
"9991","2012","Medium","2020","2","Kushtia","G_winter_019","1",5.74,"427","2020_Kushtia"
"9992","2012","Medium","2020","2","Kushtia","G_winter_019","2",6.49,"428","2020_Kushtia"
"9993","2012","Medium","2020","2","Kushtia","G_winter_019","3",7.24,"429","2020_Kushtia"
"9994","2013","Medium","2020","2","Kushtia","G_winter_020","1",6.27,"430","2020_Kushtia"
"9995","2013","Medium","2020","2","Kushtia","G_winter_020","2",5.73,"431","2020_Kushtia"
"9996","2013","Medium","2020","2","Kushtia","G_winter_020","3",7.02,"432","2020_Kushtia"
"9997","2013","Medium","2020","2","Kushtia","G_winter_021","1",6.73,"433","2020_Kushtia"
"9998","2013","Medium","2020","2","Kushtia","G_winter_021","2",5.69,"434","2020_Kushtia"
"9999","2013","Medium","2020","2","Kushtia","G_winter_021","3",6.51,"435","2020_Kushtia"
"10000","2014","Medium","2020","2","Kushtia","G_winter_022","1",4.78,"436","2020_Kushtia"
"10001","2014","Medium","2020","2","Kushtia","G_winter_022","2",3.5,"437","2020_Kushtia"
"10002","2014","Medium","2020","2","Kushtia","G_winter_022","3",4.78,"438","2020_Kushtia"
"10003","2014","Medium","2020","2","Kushtia","G_winter_023","1",6.37,"439","2020_Kushtia"
"10004","2014","Medium","2020","2","Kushtia","G_winter_023","2",6.45,"440","2020_Kushtia"
"10005","2014","Medium","2020","2","Kushtia","G_winter_023","3",6.23,"441","2020_Kushtia"
"10006","2014","Medium","2020","2","Kushtia","G_winter_024","1",5.65,"442","2020_Kushtia"
"10007","2014","Medium","2020","2","Kushtia","G_winter_024","2",5.77,"443","2020_Kushtia"
"10008","2014","Medium","2020","2","Kushtia","G_winter_024","3",5.93,"444","2020_Kushtia"
"10009","2015","Medium","2020","2","Kushtia","G_winter_025","1",6.15,"445","2020_Kushtia"
"10010","2015","Medium","2020","2","Kushtia","G_winter_025","2",6.23,"446","2020_Kushtia"
"10011","2015","Medium","2020","2","Kushtia","G_winter_025","3",6.46,"447","2020_Kushtia"
"10012","1970","Medium","2020","2","Satkhira","G_winter_013","1",4.39,"409","2020_Satkhira"
"10013","1970","Medium","2020","2","Satkhira","G_winter_013","2",4.73,"410","2020_Satkhira"
"10014","1970","Medium","2020","2","Satkhira","G_winter_013","3",4.8,"411","2020_Satkhira"
"10015","1985","Medium","2020","2","Satkhira","G_winter_014","1",5.8,"412","2020_Satkhira"
"10016","1985","Medium","2020","2","Satkhira","G_winter_014","2",5.57,"413","2020_Satkhira"
"10017","1985","Medium","2020","2","Satkhira","G_winter_014","3",5.19,"414","2020_Satkhira"
"10018","1977","Medium","2020","2","Satkhira","G_winter_015","1",5.27,"415","2020_Satkhira"
"10019","1977","Medium","2020","2","Satkhira","G_winter_015","2",5.17,"416","2020_Satkhira"
"10020","1977","Medium","2020","2","Satkhira","G_winter_015","3",5.61,"417","2020_Satkhira"
"10021","1978","Medium","2020","2","Satkhira","G_winter_016","1",5.88,"418","2020_Satkhira"
"10022","1978","Medium","2020","2","Satkhira","G_winter_016","2",5.34,"419","2020_Satkhira"
"10023","1978","Medium","2020","2","Satkhira","G_winter_016","3",5.83,"420","2020_Satkhira"
"10024","1998","Medium","2020","2","Satkhira","G_winter_017","1",5.46,"421","2020_Satkhira"
"10025","1998","Medium","2020","2","Satkhira","G_winter_017","2",6,"422","2020_Satkhira"
"10026","1998","Medium","2020","2","Satkhira","G_winter_017","3",5.98,"423","2020_Satkhira"
"10027","2008","Medium","2020","2","Satkhira","G_winter_018","1",5.67,"424","2020_Satkhira"
"10028","2008","Medium","2020","2","Satkhira","G_winter_018","2",5.96,"425","2020_Satkhira"
"10029","2008","Medium","2020","2","Satkhira","G_winter_018","3",6.26,"426","2020_Satkhira"
"10030","2012","Medium","2020","2","Satkhira","G_winter_019","1",6.3,"427","2020_Satkhira"
"10031","2012","Medium","2020","2","Satkhira","G_winter_019","2",6.23,"428","2020_Satkhira"
"10032","2012","Medium","2020","2","Satkhira","G_winter_019","3",6.48,"429","2020_Satkhira"
"10033","2013","Medium","2020","2","Satkhira","G_winter_020","1",5.89,"430","2020_Satkhira"
"10034","2013","Medium","2020","2","Satkhira","G_winter_020","2",5.51,"431","2020_Satkhira"
"10035","2013","Medium","2020","2","Satkhira","G_winter_020","3",6.13,"432","2020_Satkhira"
"10036","2013","Medium","2020","2","Satkhira","G_winter_021","1",5.17,"433","2020_Satkhira"
"10037","2013","Medium","2020","2","Satkhira","G_winter_021","2",4.99,"434","2020_Satkhira"
"10038","2013","Medium","2020","2","Satkhira","G_winter_021","3",5.49,"435","2020_Satkhira"
"10039","2014","Medium","2020","2","Satkhira","G_winter_022","1",5.69,"436","2020_Satkhira"
"10040","2014","Medium","2020","2","Satkhira","G_winter_022","2",5.13,"437","2020_Satkhira"
"10041","2014","Medium","2020","2","Satkhira","G_winter_022","3",5.43,"438","2020_Satkhira"
"10042","2014","Medium","2020","2","Satkhira","G_winter_023","1",5.57,"439","2020_Satkhira"
"10043","2014","Medium","2020","2","Satkhira","G_winter_023","2",5.98,"440","2020_Satkhira"
"10044","2014","Medium","2020","2","Satkhira","G_winter_023","3",5.58,"441","2020_Satkhira"
"10045","2014","Medium","2020","2","Satkhira","G_winter_024","1",6.42,"442","2020_Satkhira"
"10046","2014","Medium","2020","2","Satkhira","G_winter_024","2",6.13,"443","2020_Satkhira"
"10047","2014","Medium","2020","2","Satkhira","G_winter_024","3",6.7,"444","2020_Satkhira"
"10048","2015","Medium","2020","2","Satkhira","G_winter_025","1",5.08,"445","2020_Satkhira"
"10049","2015","Medium","2020","2","Satkhira","G_winter_025","2",5.49,"446","2020_Satkhira"
"10050","2015","Medium","2020","2","Satkhira","G_winter_025","3",5.69,"447","2020_Satkhira"
"10051","1970","Medium","2020","3","Gazipur","G_winter_013","1",5.15,"409","2020_Gazipur"
"10052","1970","Medium","2020","3","Gazipur","G_winter_013","2",5.87,"410","2020_Gazipur"
"10053","1970","Medium","2020","3","Gazipur","G_winter_013","3",5.37,"411","2020_Gazipur"
"10054","1985","Medium","2020","3","Gazipur","G_winter_014","1",6.18,"412","2020_Gazipur"
"10055","1985","Medium","2020","3","Gazipur","G_winter_014","2",5.74,"413","2020_Gazipur"
"10056","1985","Medium","2020","3","Gazipur","G_winter_014","3",5.74,"414","2020_Gazipur"
"10057","1977","Medium","2020","3","Gazipur","G_winter_015","1",4.42,"415","2020_Gazipur"
"10058","1977","Medium","2020","3","Gazipur","G_winter_015","2",5.59,"416","2020_Gazipur"
"10059","1977","Medium","2020","3","Gazipur","G_winter_015","3",4.99,"417","2020_Gazipur"
"10060","1978","Medium","2020","3","Gazipur","G_winter_016","1",4.69,"418","2020_Gazipur"
"10061","1978","Medium","2020","3","Gazipur","G_winter_016","2",5.5,"419","2020_Gazipur"
"10062","1978","Medium","2020","3","Gazipur","G_winter_016","3",4.74,"420","2020_Gazipur"
"10063","1998","Medium","2020","3","Gazipur","G_winter_017","1",6.01,"421","2020_Gazipur"
"10064","1998","Medium","2020","3","Gazipur","G_winter_017","2",5.72,"422","2020_Gazipur"
"10065","1998","Medium","2020","3","Gazipur","G_winter_017","3",6.44,"423","2020_Gazipur"
"10066","2008","Medium","2020","3","Gazipur","G_winter_018","1",5.44,"424","2020_Gazipur"
"10067","2008","Medium","2020","3","Gazipur","G_winter_018","2",5.59,"425","2020_Gazipur"
"10068","2008","Medium","2020","3","Gazipur","G_winter_018","3",5.64,"426","2020_Gazipur"
"10069","2012","Medium","2020","3","Gazipur","G_winter_019","1",6.3,"427","2020_Gazipur"
"10070","2012","Medium","2020","3","Gazipur","G_winter_019","2",6.65,"428","2020_Gazipur"
"10071","2012","Medium","2020","3","Gazipur","G_winter_019","3",6.58,"429","2020_Gazipur"
"10072","2013","Medium","2020","3","Gazipur","G_winter_020","1",5.81,"430","2020_Gazipur"
"10073","2013","Medium","2020","3","Gazipur","G_winter_020","2",5.5,"431","2020_Gazipur"
"10074","2013","Medium","2020","3","Gazipur","G_winter_020","3",5.51,"432","2020_Gazipur"
"10075","2013","Medium","2020","3","Gazipur","G_winter_021","1",6.63,"433","2020_Gazipur"
"10076","2013","Medium","2020","3","Gazipur","G_winter_021","2",7.14,"434","2020_Gazipur"
"10077","2013","Medium","2020","3","Gazipur","G_winter_021","3",6.54,"435","2020_Gazipur"
"10078","2014","Medium","2020","3","Gazipur","G_winter_022","1",4.38,"436","2020_Gazipur"
"10079","2014","Medium","2020","3","Gazipur","G_winter_022","2",5.42,"437","2020_Gazipur"
"10080","2014","Medium","2020","3","Gazipur","G_winter_022","3",4.93,"438","2020_Gazipur"
"10081","2014","Medium","2020","3","Gazipur","G_winter_023","1",5.6,"439","2020_Gazipur"
"10082","2014","Medium","2020","3","Gazipur","G_winter_023","2",6.98,"440","2020_Gazipur"
"10083","2014","Medium","2020","3","Gazipur","G_winter_023","3",6.49,"441","2020_Gazipur"
"10084","2014","Medium","2020","3","Gazipur","G_winter_024","1",5.42,"442","2020_Gazipur"
"10085","2014","Medium","2020","3","Gazipur","G_winter_024","2",6.59,"443","2020_Gazipur"
"10086","2014","Medium","2020","3","Gazipur","G_winter_024","3",5.88,"444","2020_Gazipur"
"10087","2015","Medium","2020","3","Gazipur","G_winter_025","1",6.62,"445","2020_Gazipur"
"10088","2015","Medium","2020","3","Gazipur","G_winter_025","2",6.19,"446","2020_Gazipur"
"10089","2015","Medium","2020","3","Gazipur","G_winter_025","3",5.93,"447","2020_Gazipur"
"10090","1970","Medium","2020","3","Habiganj","G_winter_013","1",5.27,"409","2020_Habiganj"
"10091","1970","Medium","2020","3","Habiganj","G_winter_013","2",5.65,"410","2020_Habiganj"
"10092","1970","Medium","2020","3","Habiganj","G_winter_013","3",5.27,"411","2020_Habiganj"
"10093","1985","Medium","2020","3","Habiganj","G_winter_014","1",4.57,"412","2020_Habiganj"
"10094","1985","Medium","2020","3","Habiganj","G_winter_014","2",4.71,"413","2020_Habiganj"
"10095","1985","Medium","2020","3","Habiganj","G_winter_014","3",4.71,"414","2020_Habiganj"
"10096","1977","Medium","2020","3","Habiganj","G_winter_015","1",5.65,"415","2020_Habiganj"
"10097","1977","Medium","2020","3","Habiganj","G_winter_015","2",5.27,"416","2020_Habiganj"
"10098","1977","Medium","2020","3","Habiganj","G_winter_015","3",4.71,"417","2020_Habiganj"
"10099","1978","Medium","2020","3","Habiganj","G_winter_016","1",4.57,"418","2020_Habiganj"
"10100","1978","Medium","2020","3","Habiganj","G_winter_016","2",5.67,"419","2020_Habiganj"
"10101","1978","Medium","2020","3","Habiganj","G_winter_016","3",4.57,"420","2020_Habiganj"
"10102","1998","Medium","2020","3","Habiganj","G_winter_017","1",5.27,"421","2020_Habiganj"
"10103","1998","Medium","2020","3","Habiganj","G_winter_017","2",4.71,"422","2020_Habiganj"
"10104","1998","Medium","2020","3","Habiganj","G_winter_017","3",5.65,"423","2020_Habiganj"
"10105","2008","Medium","2020","3","Habiganj","G_winter_018","1",5.65,"424","2020_Habiganj"
"10106","2008","Medium","2020","3","Habiganj","G_winter_018","2",4.57,"425","2020_Habiganj"
"10107","2008","Medium","2020","3","Habiganj","G_winter_018","3",5.65,"426","2020_Habiganj"
"10108","2012","Medium","2020","3","Habiganj","G_winter_019","1",5.67,"427","2020_Habiganj"
"10109","2012","Medium","2020","3","Habiganj","G_winter_019","2",5.65,"428","2020_Habiganj"
"10110","2012","Medium","2020","3","Habiganj","G_winter_019","3",4.71,"429","2020_Habiganj"
"10111","2013","Medium","2020","3","Habiganj","G_winter_020","1",5.65,"430","2020_Habiganj"
"10112","2013","Medium","2020","3","Habiganj","G_winter_020","2",5.27,"431","2020_Habiganj"
"10113","2013","Medium","2020","3","Habiganj","G_winter_020","3",4.71,"432","2020_Habiganj"
"10114","2013","Medium","2020","3","Habiganj","G_winter_021","1",4.57,"433","2020_Habiganj"
"10115","2013","Medium","2020","3","Habiganj","G_winter_021","2",5.27,"434","2020_Habiganj"
"10116","2013","Medium","2020","3","Habiganj","G_winter_021","3",5.27,"435","2020_Habiganj"
"10117","2014","Medium","2020","3","Habiganj","G_winter_022","1",5.27,"436","2020_Habiganj"
"10118","2014","Medium","2020","3","Habiganj","G_winter_022","2",5.27,"437","2020_Habiganj"
"10119","2014","Medium","2020","3","Habiganj","G_winter_022","3",5.27,"438","2020_Habiganj"
"10120","2014","Medium","2020","3","Habiganj","G_winter_023","1",4.57,"439","2020_Habiganj"
"10121","2014","Medium","2020","3","Habiganj","G_winter_023","2",5.65,"440","2020_Habiganj"
"10122","2014","Medium","2020","3","Habiganj","G_winter_023","3",4.71,"441","2020_Habiganj"
"10123","2014","Medium","2020","3","Habiganj","G_winter_024","1",4.71,"442","2020_Habiganj"
"10124","2014","Medium","2020","3","Habiganj","G_winter_024","2",5.67,"443","2020_Habiganj"
"10125","2014","Medium","2020","3","Habiganj","G_winter_024","3",4.71,"444","2020_Habiganj"
"10126","2015","Medium","2020","3","Habiganj","G_winter_025","1",5.27,"445","2020_Habiganj"
"10127","2015","Medium","2020","3","Habiganj","G_winter_025","2",4.71,"446","2020_Habiganj"
"10128","2015","Medium","2020","3","Habiganj","G_winter_025","3",4.71,"447","2020_Habiganj"
"10129","1970","Medium","2020","4","Barishal","G_winter_013","1",6.64,"409","2020_Barishal"
"10130","1970","Medium","2020","4","Barishal","G_winter_013","2",6.96,"410","2020_Barishal"
"10131","1970","Medium","2020","4","Barishal","G_winter_013","3",6.29,"411","2020_Barishal"
"10132","1985","Medium","2020","4","Barishal","G_winter_014","1",3.73,"412","2020_Barishal"
"10133","1985","Medium","2020","4","Barishal","G_winter_014","2",4.55,"413","2020_Barishal"
"10134","1985","Medium","2020","4","Barishal","G_winter_014","3",4.77,"414","2020_Barishal"
"10135","1977","Medium","2020","4","Barishal","G_winter_015","1",5.17,"415","2020_Barishal"
"10136","1977","Medium","2020","4","Barishal","G_winter_015","2",6.39,"416","2020_Barishal"
"10137","1977","Medium","2020","4","Barishal","G_winter_015","3",6.55,"417","2020_Barishal"
"10138","1978","Medium","2020","4","Barishal","G_winter_016","1",6.05,"418","2020_Barishal"
"10139","1978","Medium","2020","4","Barishal","G_winter_016","2",3.59,"419","2020_Barishal"
"10140","1978","Medium","2020","4","Barishal","G_winter_016","3",5.21,"420","2020_Barishal"
"10141","1998","Medium","2020","4","Barishal","G_winter_017","1",6.5,"421","2020_Barishal"
"10142","1998","Medium","2020","4","Barishal","G_winter_017","2",3.41,"422","2020_Barishal"
"10143","1998","Medium","2020","4","Barishal","G_winter_017","3",5.48,"423","2020_Barishal"
"10144","2008","Medium","2020","4","Barishal","G_winter_018","1",5.07,"424","2020_Barishal"
"10145","2008","Medium","2020","4","Barishal","G_winter_018","2",6.16,"425","2020_Barishal"
"10146","2008","Medium","2020","4","Barishal","G_winter_018","3",5.11,"426","2020_Barishal"
"10147","2012","Medium","2020","4","Barishal","G_winter_019","1",6.89,"427","2020_Barishal"
"10148","2012","Medium","2020","4","Barishal","G_winter_019","2",8.04,"428","2020_Barishal"
"10149","2012","Medium","2020","4","Barishal","G_winter_019","3",7.77,"429","2020_Barishal"
"10150","2013","Medium","2020","4","Barishal","G_winter_020","1",4.49,"430","2020_Barishal"
"10151","2013","Medium","2020","4","Barishal","G_winter_020","2",6.4,"431","2020_Barishal"
"10152","2013","Medium","2020","4","Barishal","G_winter_020","3",5.51,"432","2020_Barishal"
"10153","2013","Medium","2020","4","Barishal","G_winter_021","1",4.35,"433","2020_Barishal"
"10154","2013","Medium","2020","4","Barishal","G_winter_021","2",3.52,"434","2020_Barishal"
"10155","2013","Medium","2020","4","Barishal","G_winter_021","3",3.59,"435","2020_Barishal"
"10156","2014","Medium","2020","4","Barishal","G_winter_022","1",3.9,"436","2020_Barishal"
"10157","2014","Medium","2020","4","Barishal","G_winter_022","2",4.26,"437","2020_Barishal"
"10158","2014","Medium","2020","4","Barishal","G_winter_022","3",5.43,"438","2020_Barishal"
"10159","2014","Medium","2020","4","Barishal","G_winter_023","1",6.59,"439","2020_Barishal"
"10160","2014","Medium","2020","4","Barishal","G_winter_023","2",6.58,"440","2020_Barishal"
"10161","2014","Medium","2020","4","Barishal","G_winter_023","3",5.87,"441","2020_Barishal"
"10162","2014","Medium","2020","4","Barishal","G_winter_024","1",5.07,"442","2020_Barishal"
"10163","2014","Medium","2020","4","Barishal","G_winter_024","2",6.48,"443","2020_Barishal"
"10164","2014","Medium","2020","4","Barishal","G_winter_024","3",4.77,"444","2020_Barishal"
"10165","2015","Medium","2020","4","Barishal","G_winter_025","1",5.34,"445","2020_Barishal"
"10166","2015","Medium","2020","4","Barishal","G_winter_025","2",5.64,"446","2020_Barishal"
"10167","2015","Medium","2020","4","Barishal","G_winter_025","3",6.41,"447","2020_Barishal"
"10168","1970","Medium","2020","4","Rajshahi","G_winter_013","1",6.11,"409","2020_Rajshahi"
"10169","1970","Medium","2020","4","Rajshahi","G_winter_013","2",6.63,"410","2020_Rajshahi"
"10170","1970","Medium","2020","4","Rajshahi","G_winter_013","3",6.99,"411","2020_Rajshahi"
"10171","1985","Medium","2020","4","Rajshahi","G_winter_014","1",6.05,"412","2020_Rajshahi"
"10172","1985","Medium","2020","4","Rajshahi","G_winter_014","2",5.45,"413","2020_Rajshahi"
"10173","1985","Medium","2020","4","Rajshahi","G_winter_014","3",5.45,"414","2020_Rajshahi"
"10174","1977","Medium","2020","4","Rajshahi","G_winter_015","1",5.81,"415","2020_Rajshahi"
"10175","1977","Medium","2020","4","Rajshahi","G_winter_015","2",3.15,"416","2020_Rajshahi"
"10176","1977","Medium","2020","4","Rajshahi","G_winter_015","3",5.47,"417","2020_Rajshahi"
"10177","1978","Medium","2020","4","Rajshahi","G_winter_016","1",5.57,"418","2020_Rajshahi"
"10178","1978","Medium","2020","4","Rajshahi","G_winter_016","2",5.87,"419","2020_Rajshahi"
"10179","1978","Medium","2020","4","Rajshahi","G_winter_016","3",4.97,"420","2020_Rajshahi"
"10180","1998","Medium","2020","4","Rajshahi","G_winter_017","1",5.42,"421","2020_Rajshahi"
"10181","1998","Medium","2020","4","Rajshahi","G_winter_017","2",5.15,"422","2020_Rajshahi"
"10182","1998","Medium","2020","4","Rajshahi","G_winter_017","3",5.08,"423","2020_Rajshahi"
"10183","2008","Medium","2020","4","Rajshahi","G_winter_018","1",4.52,"424","2020_Rajshahi"
"10184","2008","Medium","2020","4","Rajshahi","G_winter_018","2",4.57,"425","2020_Rajshahi"
"10185","2008","Medium","2020","4","Rajshahi","G_winter_018","3",3.56,"426","2020_Rajshahi"
"10186","2012","Medium","2020","4","Rajshahi","G_winter_019","1",5.3,"427","2020_Rajshahi"
"10187","2012","Medium","2020","4","Rajshahi","G_winter_019","2",5.7,"428","2020_Rajshahi"
"10188","2012","Medium","2020","4","Rajshahi","G_winter_019","3",6.31,"429","2020_Rajshahi"
"10189","2013","Medium","2020","4","Rajshahi","G_winter_020","1",5.06,"430","2020_Rajshahi"
"10190","2013","Medium","2020","4","Rajshahi","G_winter_020","2",4.68,"431","2020_Rajshahi"
"10191","2013","Medium","2020","4","Rajshahi","G_winter_020","3",4.66,"432","2020_Rajshahi"
"10192","2013","Medium","2020","4","Rajshahi","G_winter_021","1",6.21,"433","2020_Rajshahi"
"10193","2013","Medium","2020","4","Rajshahi","G_winter_021","2",7.16,"434","2020_Rajshahi"
"10194","2013","Medium","2020","4","Rajshahi","G_winter_021","3",5.31,"435","2020_Rajshahi"
"10195","2014","Medium","2020","4","Rajshahi","G_winter_022","1",4.78,"436","2020_Rajshahi"
"10196","2014","Medium","2020","4","Rajshahi","G_winter_022","2",4.41,"437","2020_Rajshahi"
"10197","2014","Medium","2020","4","Rajshahi","G_winter_022","3",4.29,"438","2020_Rajshahi"
"10198","2014","Medium","2020","4","Rajshahi","G_winter_023","1",5.82,"439","2020_Rajshahi"
"10199","2014","Medium","2020","4","Rajshahi","G_winter_023","2",5.43,"440","2020_Rajshahi"
"10200","2014","Medium","2020","4","Rajshahi","G_winter_023","3",5.21,"441","2020_Rajshahi"
"10201","2014","Medium","2020","4","Rajshahi","G_winter_024","1",5.37,"442","2020_Rajshahi"
"10202","2014","Medium","2020","4","Rajshahi","G_winter_024","2",4.96,"443","2020_Rajshahi"
"10203","2014","Medium","2020","4","Rajshahi","G_winter_024","3",4.54,"444","2020_Rajshahi"
"10204","2015","Medium","2020","4","Rajshahi","G_winter_025","1",6.01,"445","2020_Rajshahi"
"10205","2015","Medium","2020","4","Rajshahi","G_winter_025","2",5.89,"446","2020_Rajshahi"
"10206","2015","Medium","2020","4","Rajshahi","G_winter_025","3",5.4,"447","2020_Rajshahi"
"10207","1970","Medium","2021","1","Bhanga","G_winter_013","1",5.33,"448","2021_Bhanga"
"10208","1970","Medium","2021","1","Bhanga","G_winter_013","2",5.78,"449","2021_Bhanga"
"10209","1970","Medium","2021","1","Bhanga","G_winter_013","3",5.24,"450","2021_Bhanga"
"10210","1985","Medium","2021","1","Bhanga","G_winter_014","1",5.66,"451","2021_Bhanga"
"10211","1985","Medium","2021","1","Bhanga","G_winter_014","2",6.48,"452","2021_Bhanga"
"10212","1985","Medium","2021","1","Bhanga","G_winter_014","3",5.79,"453","2021_Bhanga"
"10213","1977","Medium","2021","1","Bhanga","G_winter_015","1",7.23,"454","2021_Bhanga"
"10214","1977","Medium","2021","1","Bhanga","G_winter_015","2",6.42,"455","2021_Bhanga"
"10215","1977","Medium","2021","1","Bhanga","G_winter_015","3",6.3,"456","2021_Bhanga"
"10216","1978","Medium","2021","1","Bhanga","G_winter_016","1",4.85,"457","2021_Bhanga"
"10217","1978","Medium","2021","1","Bhanga","G_winter_016","2",5.21,"458","2021_Bhanga"
"10218","1978","Medium","2021","1","Bhanga","G_winter_016","3",6.32,"459","2021_Bhanga"
"10219","1998","Medium","2021","1","Bhanga","G_winter_017","1",5.68,"460","2021_Bhanga"
"10220","1998","Medium","2021","1","Bhanga","G_winter_017","2",5.32,"461","2021_Bhanga"
"10221","1998","Medium","2021","1","Bhanga","G_winter_017","3",5.22,"462","2021_Bhanga"
"10222","2008","Medium","2021","1","Bhanga","G_winter_018","1",5.51,"463","2021_Bhanga"
"10223","2008","Medium","2021","1","Bhanga","G_winter_018","2",5.7,"464","2021_Bhanga"
"10224","2008","Medium","2021","1","Bhanga","G_winter_018","3",5.3,"465","2021_Bhanga"
"10225","2012","Medium","2021","1","Bhanga","G_winter_019","1",7.75,"466","2021_Bhanga"
"10226","2012","Medium","2021","1","Bhanga","G_winter_019","2",7.32,"467","2021_Bhanga"
"10227","2012","Medium","2021","1","Bhanga","G_winter_019","3",7.31,"468","2021_Bhanga"
"10228","2013","Medium","2021","1","Bhanga","G_winter_020","1",5.73,"469","2021_Bhanga"
"10229","2013","Medium","2021","1","Bhanga","G_winter_020","2",5.34,"470","2021_Bhanga"
"10230","2013","Medium","2021","1","Bhanga","G_winter_020","3",5.62,"471","2021_Bhanga"
"10231","2013","Medium","2021","1","Bhanga","G_winter_021","1",5.43,"472","2021_Bhanga"
"10232","2013","Medium","2021","1","Bhanga","G_winter_021","2",5.12,"473","2021_Bhanga"
"10233","2013","Medium","2021","1","Bhanga","G_winter_021","3",5.51,"474","2021_Bhanga"
"10234","2014","Medium","2021","1","Bhanga","G_winter_022","1",6.32,"475","2021_Bhanga"
"10235","2014","Medium","2021","1","Bhanga","G_winter_022","2",5.82,"476","2021_Bhanga"
"10236","2014","Medium","2021","1","Bhanga","G_winter_022","3",6.5,"477","2021_Bhanga"
"10237","2014","Medium","2021","1","Bhanga","G_winter_023","1",6.63,"478","2021_Bhanga"
"10238","2014","Medium","2021","1","Bhanga","G_winter_023","2",6.4,"479","2021_Bhanga"
"10239","2014","Medium","2021","1","Bhanga","G_winter_023","3",6.02,"480","2021_Bhanga"
"10240","2014","Medium","2021","1","Bhanga","G_winter_024","1",5.77,"481","2021_Bhanga"
"10241","2014","Medium","2021","1","Bhanga","G_winter_024","2",5.11,"482","2021_Bhanga"
"10242","2014","Medium","2021","1","Bhanga","G_winter_024","3",5.22,"483","2021_Bhanga"
"10243","2015","Medium","2021","1","Bhanga","G_winter_025","1",6.66,"484","2021_Bhanga"
"10244","2015","Medium","2021","1","Bhanga","G_winter_025","2",7.17,"485","2021_Bhanga"
"10245","2015","Medium","2021","1","Bhanga","G_winter_025","3",5.66,"486","2021_Bhanga"
"10246","2020","Medium","2021","1","Bhanga","G_winter_026","1",7.62,"487","2021_Bhanga"
"10247","2020","Medium","2021","1","Bhanga","G_winter_026","2",6.62,"488","2021_Bhanga"
"10248","2020","Medium","2021","1","Bhanga","G_winter_026","3",7.12,"489","2021_Bhanga"
"10249","2020","Medium","2021","1","Bhanga","G_winter_027","1",7.53,"490","2021_Bhanga"
"10250","2020","Medium","2021","1","Bhanga","G_winter_027","2",7.1,"491","2021_Bhanga"
"10251","2020","Medium","2021","1","Bhanga","G_winter_027","3",7.32,"492","2021_Bhanga"
"10252","1970","Medium","2021","1","Cumilla","G_winter_013","1",5.22,"448","2021_Cumilla"
"10253","1970","Medium","2021","1","Cumilla","G_winter_013","2",5.2,"449","2021_Cumilla"
"10254","1970","Medium","2021","1","Cumilla","G_winter_013","3",5.81,"450","2021_Cumilla"
"10255","1985","Medium","2021","1","Cumilla","G_winter_014","1",2.73,"451","2021_Cumilla"
"10256","1985","Medium","2021","1","Cumilla","G_winter_014","2",6,"452","2021_Cumilla"
"10257","1985","Medium","2021","1","Cumilla","G_winter_014","3",4,"453","2021_Cumilla"
"10258","1977","Medium","2021","1","Cumilla","G_winter_015","1",4.86,"454","2021_Cumilla"
"10259","1977","Medium","2021","1","Cumilla","G_winter_015","2",5.8,"455","2021_Cumilla"
"10260","1977","Medium","2021","1","Cumilla","G_winter_015","3",5.7,"456","2021_Cumilla"
"10261","1978","Medium","2021","1","Cumilla","G_winter_016","1",6.48,"457","2021_Cumilla"
"10262","1978","Medium","2021","1","Cumilla","G_winter_016","2",6.59,"458","2021_Cumilla"
"10263","1978","Medium","2021","1","Cumilla","G_winter_016","3",6.73,"459","2021_Cumilla"
"10264","1998","Medium","2021","1","Cumilla","G_winter_017","1",5.57,"460","2021_Cumilla"
"10265","1998","Medium","2021","1","Cumilla","G_winter_017","2",6.3,"461","2021_Cumilla"
"10266","1998","Medium","2021","1","Cumilla","G_winter_017","3",6.58,"462","2021_Cumilla"
"10267","2008","Medium","2021","1","Cumilla","G_winter_018","1",6.6,"463","2021_Cumilla"
"10268","2008","Medium","2021","1","Cumilla","G_winter_018","2",6.57,"464","2021_Cumilla"
"10269","2008","Medium","2021","1","Cumilla","G_winter_018","3",6.72,"465","2021_Cumilla"
"10270","2012","Medium","2021","1","Cumilla","G_winter_019","1",7.48,"466","2021_Cumilla"
"10271","2012","Medium","2021","1","Cumilla","G_winter_019","2",8.34,"467","2021_Cumilla"
"10272","2012","Medium","2021","1","Cumilla","G_winter_019","3",7.68,"468","2021_Cumilla"
"10273","2013","Medium","2021","1","Cumilla","G_winter_020","1",6.51,"469","2021_Cumilla"
"10274","2013","Medium","2021","1","Cumilla","G_winter_020","2",6.18,"470","2021_Cumilla"
"10275","2013","Medium","2021","1","Cumilla","G_winter_020","3",6.21,"471","2021_Cumilla"
"10276","2013","Medium","2021","1","Cumilla","G_winter_021","1",6.58,"472","2021_Cumilla"
"10277","2013","Medium","2021","1","Cumilla","G_winter_021","2",6.53,"473","2021_Cumilla"
"10278","2013","Medium","2021","1","Cumilla","G_winter_021","3",6.37,"474","2021_Cumilla"
"10279","2014","Medium","2021","1","Cumilla","G_winter_022","1",7.06,"475","2021_Cumilla"
"10280","2014","Medium","2021","1","Cumilla","G_winter_022","2",6.71,"476","2021_Cumilla"
"10281","2014","Medium","2021","1","Cumilla","G_winter_022","3",7.52,"477","2021_Cumilla"
"10282","2014","Medium","2021","1","Cumilla","G_winter_023","1",6.89,"478","2021_Cumilla"
"10283","2014","Medium","2021","1","Cumilla","G_winter_023","2",6.96,"479","2021_Cumilla"
"10284","2014","Medium","2021","1","Cumilla","G_winter_023","3",7.84,"480","2021_Cumilla"
"10285","2014","Medium","2021","1","Cumilla","G_winter_024","1",8.04,"481","2021_Cumilla"
"10286","2014","Medium","2021","1","Cumilla","G_winter_024","2",8.07,"482","2021_Cumilla"
"10287","2014","Medium","2021","1","Cumilla","G_winter_024","3",7.8,"483","2021_Cumilla"
"10288","2015","Medium","2021","1","Cumilla","G_winter_025","1",6.3,"484","2021_Cumilla"
"10289","2015","Medium","2021","1","Cumilla","G_winter_025","2",6.67,"485","2021_Cumilla"
"10290","2015","Medium","2021","1","Cumilla","G_winter_025","3",6.24,"486","2021_Cumilla"
"10291","2020","Medium","2021","1","Cumilla","G_winter_026","1",7.5,"487","2021_Cumilla"
"10292","2020","Medium","2021","1","Cumilla","G_winter_026","2",6.03,"488","2021_Cumilla"
"10293","2020","Medium","2021","1","Cumilla","G_winter_026","3",7.31,"489","2021_Cumilla"
"10294","2020","Medium","2021","1","Cumilla","G_winter_027","1",7.41,"490","2021_Cumilla"
"10295","2020","Medium","2021","1","Cumilla","G_winter_027","2",7.64,"491","2021_Cumilla"
"10296","2020","Medium","2021","1","Cumilla","G_winter_027","3",7.2,"492","2021_Cumilla"
"10297","1970","Medium","2021","1","Rangpur","G_winter_013","1",7.16,"448","2021_Rangpur"
"10298","1970","Medium","2021","1","Rangpur","G_winter_013","2",6.94,"449","2021_Rangpur"
"10299","1970","Medium","2021","1","Rangpur","G_winter_013","3",6.81,"450","2021_Rangpur"
"10300","1985","Medium","2021","1","Rangpur","G_winter_014","1",4.77,"451","2021_Rangpur"
"10301","1985","Medium","2021","1","Rangpur","G_winter_014","2",3.93,"452","2021_Rangpur"
"10302","1985","Medium","2021","1","Rangpur","G_winter_014","3",3.8,"453","2021_Rangpur"
"10303","1977","Medium","2021","1","Rangpur","G_winter_015","1",6.27,"454","2021_Rangpur"
"10304","1977","Medium","2021","1","Rangpur","G_winter_015","2",6.61,"455","2021_Rangpur"
"10305","1977","Medium","2021","1","Rangpur","G_winter_015","3",6.68,"456","2021_Rangpur"
"10306","1978","Medium","2021","1","Rangpur","G_winter_016","1",6.37,"457","2021_Rangpur"
"10307","1978","Medium","2021","1","Rangpur","G_winter_016","2",7.19,"458","2021_Rangpur"
"10308","1978","Medium","2021","1","Rangpur","G_winter_016","3",7.12,"459","2021_Rangpur"
"10309","1998","Medium","2021","1","Rangpur","G_winter_017","1",7,"460","2021_Rangpur"
"10310","1998","Medium","2021","1","Rangpur","G_winter_017","2",6.64,"461","2021_Rangpur"
"10311","1998","Medium","2021","1","Rangpur","G_winter_017","3",6.91,"462","2021_Rangpur"
"10312","2008","Medium","2021","1","Rangpur","G_winter_018","1",6.05,"463","2021_Rangpur"
"10313","2008","Medium","2021","1","Rangpur","G_winter_018","2",6.94,"464","2021_Rangpur"
"10314","2008","Medium","2021","1","Rangpur","G_winter_018","3",6.9,"465","2021_Rangpur"
"10315","2012","Medium","2021","1","Rangpur","G_winter_019","1",7.46,"466","2021_Rangpur"
"10316","2012","Medium","2021","1","Rangpur","G_winter_019","2",8.16,"467","2021_Rangpur"
"10317","2012","Medium","2021","1","Rangpur","G_winter_019","3",8.77,"468","2021_Rangpur"
"10318","2013","Medium","2021","1","Rangpur","G_winter_020","1",7.52,"469","2021_Rangpur"
"10319","2013","Medium","2021","1","Rangpur","G_winter_020","2",7.91,"470","2021_Rangpur"
"10320","2013","Medium","2021","1","Rangpur","G_winter_020","3",7.79,"471","2021_Rangpur"
"10321","2013","Medium","2021","1","Rangpur","G_winter_021","1",7.46,"472","2021_Rangpur"
"10322","2013","Medium","2021","1","Rangpur","G_winter_021","2",7.29,"473","2021_Rangpur"
"10323","2013","Medium","2021","1","Rangpur","G_winter_021","3",7.07,"474","2021_Rangpur"
"10324","2014","Medium","2021","1","Rangpur","G_winter_022","1",5.99,"475","2021_Rangpur"
"10325","2014","Medium","2021","1","Rangpur","G_winter_022","2",7.14,"476","2021_Rangpur"
"10326","2014","Medium","2021","1","Rangpur","G_winter_022","3",7.37,"477","2021_Rangpur"
"10327","2014","Medium","2021","1","Rangpur","G_winter_023","1",7.92,"478","2021_Rangpur"
"10328","2014","Medium","2021","1","Rangpur","G_winter_023","2",7.9,"479","2021_Rangpur"
"10329","2014","Medium","2021","1","Rangpur","G_winter_023","3",7.67,"480","2021_Rangpur"
"10330","2014","Medium","2021","1","Rangpur","G_winter_024","1",8.32,"481","2021_Rangpur"
"10331","2014","Medium","2021","1","Rangpur","G_winter_024","2",8.6,"482","2021_Rangpur"
"10332","2014","Medium","2021","1","Rangpur","G_winter_024","3",8.84,"483","2021_Rangpur"
"10333","2015","Medium","2021","1","Rangpur","G_winter_025","1",8.22,"484","2021_Rangpur"
"10334","2015","Medium","2021","1","Rangpur","G_winter_025","2",8.3,"485","2021_Rangpur"
"10335","2015","Medium","2021","1","Rangpur","G_winter_025","3",7.95,"486","2021_Rangpur"
"10336","2020","Medium","2021","1","Rangpur","G_winter_026","1",7.59,"487","2021_Rangpur"
"10337","2020","Medium","2021","1","Rangpur","G_winter_026","2",7.39,"488","2021_Rangpur"
"10338","2020","Medium","2021","1","Rangpur","G_winter_026","3",7.55,"489","2021_Rangpur"
"10339","2020","Medium","2021","1","Rangpur","G_winter_027","1",7.31,"490","2021_Rangpur"
"10340","2020","Medium","2021","1","Rangpur","G_winter_027","2",6.33,"491","2021_Rangpur"
"10341","2020","Medium","2021","1","Rangpur","G_winter_027","3",7.32,"492","2021_Rangpur"
"10342","1970","Medium","2021","2","Kushtia","G_winter_013","1",5.92,"448","2021_Kushtia"
"10343","1970","Medium","2021","2","Kushtia","G_winter_013","2",5.91,"449","2021_Kushtia"
"10344","1970","Medium","2021","2","Kushtia","G_winter_013","3",5.69,"450","2021_Kushtia"
"10345","1985","Medium","2021","2","Kushtia","G_winter_014","1",3.13,"451","2021_Kushtia"
"10346","1985","Medium","2021","2","Kushtia","G_winter_014","2",3.02,"452","2021_Kushtia"
"10347","1985","Medium","2021","2","Kushtia","G_winter_014","3",3.11,"453","2021_Kushtia"
"10348","1977","Medium","2021","2","Kushtia","G_winter_015","1",6.85,"454","2021_Kushtia"
"10349","1977","Medium","2021","2","Kushtia","G_winter_015","2",6.38,"455","2021_Kushtia"
"10350","1977","Medium","2021","2","Kushtia","G_winter_015","3",6.58,"456","2021_Kushtia"
"10351","1978","Medium","2021","2","Kushtia","G_winter_016","1",6.81,"457","2021_Kushtia"
"10352","1978","Medium","2021","2","Kushtia","G_winter_016","2",6.56,"458","2021_Kushtia"
"10353","1978","Medium","2021","2","Kushtia","G_winter_016","3",5.84,"459","2021_Kushtia"
"10354","1998","Medium","2021","2","Kushtia","G_winter_017","1",6.35,"460","2021_Kushtia"
"10355","1998","Medium","2021","2","Kushtia","G_winter_017","2",5.25,"461","2021_Kushtia"
"10356","1998","Medium","2021","2","Kushtia","G_winter_017","3",5.06,"462","2021_Kushtia"
"10357","2008","Medium","2021","2","Kushtia","G_winter_018","1",6.46,"463","2021_Kushtia"
"10358","2008","Medium","2021","2","Kushtia","G_winter_018","2",6.03,"464","2021_Kushtia"
"10359","2008","Medium","2021","2","Kushtia","G_winter_018","3",5.66,"465","2021_Kushtia"
"10360","2012","Medium","2021","2","Kushtia","G_winter_019","1",6.85,"466","2021_Kushtia"
"10361","2012","Medium","2021","2","Kushtia","G_winter_019","2",5.63,"467","2021_Kushtia"
"10362","2012","Medium","2021","2","Kushtia","G_winter_019","3",6.25,"468","2021_Kushtia"
"10363","2013","Medium","2021","2","Kushtia","G_winter_020","1",6.86,"469","2021_Kushtia"
"10364","2013","Medium","2021","2","Kushtia","G_winter_020","2",5.18,"470","2021_Kushtia"
"10365","2013","Medium","2021","2","Kushtia","G_winter_020","3",5.17,"471","2021_Kushtia"
"10366","2013","Medium","2021","2","Kushtia","G_winter_021","1",5.91,"472","2021_Kushtia"
"10367","2013","Medium","2021","2","Kushtia","G_winter_021","2",6.86,"473","2021_Kushtia"
"10368","2013","Medium","2021","2","Kushtia","G_winter_021","3",6.97,"474","2021_Kushtia"
"10369","2014","Medium","2021","2","Kushtia","G_winter_022","1",5.95,"475","2021_Kushtia"
"10370","2014","Medium","2021","2","Kushtia","G_winter_022","2",5.25,"476","2021_Kushtia"
"10371","2014","Medium","2021","2","Kushtia","G_winter_022","3",4.08,"477","2021_Kushtia"
"10372","2014","Medium","2021","2","Kushtia","G_winter_023","1",7.04,"478","2021_Kushtia"
"10373","2014","Medium","2021","2","Kushtia","G_winter_023","2",7.46,"479","2021_Kushtia"
"10374","2014","Medium","2021","2","Kushtia","G_winter_023","3",6.97,"480","2021_Kushtia"
"10375","2014","Medium","2021","2","Kushtia","G_winter_024","1",6.64,"481","2021_Kushtia"
"10376","2014","Medium","2021","2","Kushtia","G_winter_024","2",5.51,"482","2021_Kushtia"
"10377","2014","Medium","2021","2","Kushtia","G_winter_024","3",5.3,"483","2021_Kushtia"
"10378","2015","Medium","2021","2","Kushtia","G_winter_025","1",7.28,"484","2021_Kushtia"
"10379","2015","Medium","2021","2","Kushtia","G_winter_025","2",6.44,"485","2021_Kushtia"
"10380","2015","Medium","2021","2","Kushtia","G_winter_025","3",6.02,"486","2021_Kushtia"
"10381","2020","Medium","2021","2","Kushtia","G_winter_026","1",7.35,"487","2021_Kushtia"
"10382","2020","Medium","2021","2","Kushtia","G_winter_026","2",6.24,"488","2021_Kushtia"
"10383","2020","Medium","2021","2","Kushtia","G_winter_026","3",6.32,"489","2021_Kushtia"
"10384","2020","Medium","2021","2","Kushtia","G_winter_027","1",6.48,"490","2021_Kushtia"
"10385","2020","Medium","2021","2","Kushtia","G_winter_027","2",6.02,"491","2021_Kushtia"
"10386","2020","Medium","2021","2","Kushtia","G_winter_027","3",7.44,"492","2021_Kushtia"
"10387","1970","Medium","2021","2","Satkhira","G_winter_013","1",5.93,"448","2021_Satkhira"
"10388","1970","Medium","2021","2","Satkhira","G_winter_013","2",6.03,"449","2021_Satkhira"
"10389","1970","Medium","2021","2","Satkhira","G_winter_013","3",5.84,"450","2021_Satkhira"
"10390","1985","Medium","2021","2","Satkhira","G_winter_014","1",5.71,"451","2021_Satkhira"
"10391","1985","Medium","2021","2","Satkhira","G_winter_014","2",4.5,"452","2021_Satkhira"
"10392","1985","Medium","2021","2","Satkhira","G_winter_014","3",4.89,"453","2021_Satkhira"
"10393","1977","Medium","2021","2","Satkhira","G_winter_015","1",4.84,"454","2021_Satkhira"
"10394","1977","Medium","2021","2","Satkhira","G_winter_015","2",4.03,"455","2021_Satkhira"
"10395","1977","Medium","2021","2","Satkhira","G_winter_015","3",4.96,"456","2021_Satkhira"
"10396","1978","Medium","2021","2","Satkhira","G_winter_016","1",6.16,"457","2021_Satkhira"
"10397","1978","Medium","2021","2","Satkhira","G_winter_016","2",6.78,"458","2021_Satkhira"
"10398","1978","Medium","2021","2","Satkhira","G_winter_016","3",6.96,"459","2021_Satkhira"
"10399","1998","Medium","2021","2","Satkhira","G_winter_017","1",6.98,"460","2021_Satkhira"
"10400","1998","Medium","2021","2","Satkhira","G_winter_017","2",6.53,"461","2021_Satkhira"
"10401","1998","Medium","2021","2","Satkhira","G_winter_017","3",6.32,"462","2021_Satkhira"
"10402","2008","Medium","2021","2","Satkhira","G_winter_018","1",6.2,"463","2021_Satkhira"
"10403","2008","Medium","2021","2","Satkhira","G_winter_018","2",6.17,"464","2021_Satkhira"
"10404","2008","Medium","2021","2","Satkhira","G_winter_018","3",6,"465","2021_Satkhira"
"10405","2012","Medium","2021","2","Satkhira","G_winter_019","1",7.62,"466","2021_Satkhira"
"10406","2012","Medium","2021","2","Satkhira","G_winter_019","2",7.23,"467","2021_Satkhira"
"10407","2012","Medium","2021","2","Satkhira","G_winter_019","3",6.88,"468","2021_Satkhira"
"10408","2013","Medium","2021","2","Satkhira","G_winter_020","1",6.03,"469","2021_Satkhira"
"10409","2013","Medium","2021","2","Satkhira","G_winter_020","2",6.56,"470","2021_Satkhira"
"10410","2013","Medium","2021","2","Satkhira","G_winter_020","3",6.05,"471","2021_Satkhira"
"10411","2013","Medium","2021","2","Satkhira","G_winter_021","1",6.99,"472","2021_Satkhira"
"10412","2013","Medium","2021","2","Satkhira","G_winter_021","2",6.47,"473","2021_Satkhira"
"10413","2013","Medium","2021","2","Satkhira","G_winter_021","3",5.98,"474","2021_Satkhira"
"10414","2014","Medium","2021","2","Satkhira","G_winter_022","1",6.31,"475","2021_Satkhira"
"10415","2014","Medium","2021","2","Satkhira","G_winter_022","2",5.91,"476","2021_Satkhira"
"10416","2014","Medium","2021","2","Satkhira","G_winter_022","3",6.48,"477","2021_Satkhira"
"10417","2014","Medium","2021","2","Satkhira","G_winter_023","1",6.61,"478","2021_Satkhira"
"10418","2014","Medium","2021","2","Satkhira","G_winter_023","2",5.93,"479","2021_Satkhira"
"10419","2014","Medium","2021","2","Satkhira","G_winter_023","3",6.51,"480","2021_Satkhira"
"10420","2014","Medium","2021","2","Satkhira","G_winter_024","1",6.91,"481","2021_Satkhira"
"10421","2014","Medium","2021","2","Satkhira","G_winter_024","2",6.71,"482","2021_Satkhira"
"10422","2014","Medium","2021","2","Satkhira","G_winter_024","3",7.3,"483","2021_Satkhira"
"10423","2015","Medium","2021","2","Satkhira","G_winter_025","1",6.12,"484","2021_Satkhira"
"10424","2015","Medium","2021","2","Satkhira","G_winter_025","2",5.95,"485","2021_Satkhira"
"10425","2015","Medium","2021","2","Satkhira","G_winter_025","3",6.27,"486","2021_Satkhira"
"10426","2020","Medium","2021","2","Satkhira","G_winter_026","1",6.95,"487","2021_Satkhira"
"10427","2020","Medium","2021","2","Satkhira","G_winter_026","2",6.51,"488","2021_Satkhira"
"10428","2020","Medium","2021","2","Satkhira","G_winter_026","3",7.21,"489","2021_Satkhira"
"10429","2020","Medium","2021","2","Satkhira","G_winter_027","1",6.1,"490","2021_Satkhira"
"10430","2020","Medium","2021","2","Satkhira","G_winter_027","2",6.09,"491","2021_Satkhira"
"10431","2020","Medium","2021","2","Satkhira","G_winter_027","3",6.68,"492","2021_Satkhira"
"10432","1970","Medium","2021","3","Gazipur","G_winter_013","1",5.69,"448","2021_Gazipur"
"10433","1970","Medium","2021","3","Gazipur","G_winter_013","2",5.36,"449","2021_Gazipur"
"10434","1970","Medium","2021","3","Gazipur","G_winter_013","3",5.38,"450","2021_Gazipur"
"10435","1985","Medium","2021","3","Gazipur","G_winter_014","1",5.13,"451","2021_Gazipur"
"10436","1985","Medium","2021","3","Gazipur","G_winter_014","2",3.88,"452","2021_Gazipur"
"10437","1985","Medium","2021","3","Gazipur","G_winter_014","3",3.82,"453","2021_Gazipur"
"10438","1977","Medium","2021","3","Gazipur","G_winter_015","1",5.24,"454","2021_Gazipur"
"10439","1977","Medium","2021","3","Gazipur","G_winter_015","2",5.67,"455","2021_Gazipur"
"10440","1977","Medium","2021","3","Gazipur","G_winter_015","3",4.97,"456","2021_Gazipur"
"10441","1978","Medium","2021","3","Gazipur","G_winter_016","1",5.45,"457","2021_Gazipur"
"10442","1978","Medium","2021","3","Gazipur","G_winter_016","2",5.32,"458","2021_Gazipur"
"10443","1978","Medium","2021","3","Gazipur","G_winter_016","3",5.16,"459","2021_Gazipur"
"10444","1998","Medium","2021","3","Gazipur","G_winter_017","1",5.54,"460","2021_Gazipur"
"10445","1998","Medium","2021","3","Gazipur","G_winter_017","2",6.68,"461","2021_Gazipur"
"10446","1998","Medium","2021","3","Gazipur","G_winter_017","3",5.9,"462","2021_Gazipur"
"10447","2008","Medium","2021","3","Gazipur","G_winter_018","1",6.26,"463","2021_Gazipur"
"10448","2008","Medium","2021","3","Gazipur","G_winter_018","2",5.78,"464","2021_Gazipur"
"10449","2008","Medium","2021","3","Gazipur","G_winter_018","3",5.94,"465","2021_Gazipur"
"10450","2012","Medium","2021","3","Gazipur","G_winter_019","1",4.9,"466","2021_Gazipur"
"10451","2012","Medium","2021","3","Gazipur","G_winter_019","2",5.74,"467","2021_Gazipur"
"10452","2012","Medium","2021","3","Gazipur","G_winter_019","3",6.12,"468","2021_Gazipur"
"10453","2013","Medium","2021","3","Gazipur","G_winter_020","1",6.69,"469","2021_Gazipur"
"10454","2013","Medium","2021","3","Gazipur","G_winter_020","2",4.82,"470","2021_Gazipur"
"10455","2013","Medium","2021","3","Gazipur","G_winter_020","3",5.59,"471","2021_Gazipur"
"10456","2013","Medium","2021","3","Gazipur","G_winter_021","1",6.2,"472","2021_Gazipur"
"10457","2013","Medium","2021","3","Gazipur","G_winter_021","2",5.95,"473","2021_Gazipur"
"10458","2013","Medium","2021","3","Gazipur","G_winter_021","3",5.83,"474","2021_Gazipur"
"10459","2014","Medium","2021","3","Gazipur","G_winter_022","1",5.49,"475","2021_Gazipur"
"10460","2014","Medium","2021","3","Gazipur","G_winter_022","2",5.66,"476","2021_Gazipur"
"10461","2014","Medium","2021","3","Gazipur","G_winter_022","3",5.51,"477","2021_Gazipur"
"10462","2014","Medium","2021","3","Gazipur","G_winter_023","1",6.52,"478","2021_Gazipur"
"10463","2014","Medium","2021","3","Gazipur","G_winter_023","2",6.3,"479","2021_Gazipur"
"10464","2014","Medium","2021","3","Gazipur","G_winter_023","3",5.58,"480","2021_Gazipur"
"10465","2014","Medium","2021","3","Gazipur","G_winter_024","1",5.69,"481","2021_Gazipur"
"10466","2014","Medium","2021","3","Gazipur","G_winter_024","2",7.13,"482","2021_Gazipur"
"10467","2014","Medium","2021","3","Gazipur","G_winter_024","3",6.01,"483","2021_Gazipur"
"10468","2015","Medium","2021","3","Gazipur","G_winter_025","1",5.47,"484","2021_Gazipur"
"10469","2015","Medium","2021","3","Gazipur","G_winter_025","2",5.81,"485","2021_Gazipur"
"10470","2015","Medium","2021","3","Gazipur","G_winter_025","3",6.36,"486","2021_Gazipur"
"10471","2020","Medium","2021","3","Gazipur","G_winter_026","1",6.81,"487","2021_Gazipur"
"10472","2020","Medium","2021","3","Gazipur","G_winter_026","2",6.09,"488","2021_Gazipur"
"10473","2020","Medium","2021","3","Gazipur","G_winter_026","3",6.13,"489","2021_Gazipur"
"10474","2020","Medium","2021","3","Gazipur","G_winter_027","1",6.78,"490","2021_Gazipur"
"10475","2020","Medium","2021","3","Gazipur","G_winter_027","2",7.5,"491","2021_Gazipur"
"10476","2020","Medium","2021","3","Gazipur","G_winter_027","3",6.16,"492","2021_Gazipur"
"10477","1970","Medium","2021","3","Habiganj","G_winter_013","1",7.44,"448","2021_Habiganj"
"10478","1970","Medium","2021","3","Habiganj","G_winter_013","2",8.24,"449","2021_Habiganj"
"10479","1970","Medium","2021","3","Habiganj","G_winter_013","3",7.65,"450","2021_Habiganj"
"10480","1985","Medium","2021","3","Habiganj","G_winter_014","1",4.49,"451","2021_Habiganj"
"10481","1985","Medium","2021","3","Habiganj","G_winter_014","2",4.02,"452","2021_Habiganj"
"10482","1985","Medium","2021","3","Habiganj","G_winter_014","3",4.71,"453","2021_Habiganj"
"10483","1977","Medium","2021","3","Habiganj","G_winter_015","1",7.35,"454","2021_Habiganj"
"10484","1977","Medium","2021","3","Habiganj","G_winter_015","2",6.73,"455","2021_Habiganj"
"10485","1977","Medium","2021","3","Habiganj","G_winter_015","3",8.06,"456","2021_Habiganj"
"10486","1978","Medium","2021","3","Habiganj","G_winter_016","1",6.65,"457","2021_Habiganj"
"10487","1978","Medium","2021","3","Habiganj","G_winter_016","2",6.81,"458","2021_Habiganj"
"10488","1978","Medium","2021","3","Habiganj","G_winter_016","3",7.26,"459","2021_Habiganj"
"10489","1998","Medium","2021","3","Habiganj","G_winter_017","1",7.3,"460","2021_Habiganj"
"10490","1998","Medium","2021","3","Habiganj","G_winter_017","2",8.16,"461","2021_Habiganj"
"10491","1998","Medium","2021","3","Habiganj","G_winter_017","3",8.05,"462","2021_Habiganj"
"10492","2008","Medium","2021","3","Habiganj","G_winter_018","1",6.82,"463","2021_Habiganj"
"10493","2008","Medium","2021","3","Habiganj","G_winter_018","2",5.51,"464","2021_Habiganj"
"10494","2008","Medium","2021","3","Habiganj","G_winter_018","3",6.51,"465","2021_Habiganj"
"10495","2012","Medium","2021","3","Habiganj","G_winter_019","1",6.39,"466","2021_Habiganj"
"10496","2012","Medium","2021","3","Habiganj","G_winter_019","2",7.87,"467","2021_Habiganj"
"10497","2012","Medium","2021","3","Habiganj","G_winter_019","3",7.67,"468","2021_Habiganj"
"10498","2013","Medium","2021","3","Habiganj","G_winter_020","1",7.07,"469","2021_Habiganj"
"10499","2013","Medium","2021","3","Habiganj","G_winter_020","2",7.8,"470","2021_Habiganj"
"10500","2013","Medium","2021","3","Habiganj","G_winter_020","3",7.59,"471","2021_Habiganj"
"10501","2013","Medium","2021","3","Habiganj","G_winter_021","1",8.09,"472","2021_Habiganj"
"10502","2013","Medium","2021","3","Habiganj","G_winter_021","2",7.73,"473","2021_Habiganj"
"10503","2013","Medium","2021","3","Habiganj","G_winter_021","3",7.05,"474","2021_Habiganj"
"10504","2014","Medium","2021","3","Habiganj","G_winter_022","1",6.57,"475","2021_Habiganj"
"10505","2014","Medium","2021","3","Habiganj","G_winter_022","2",6.9,"476","2021_Habiganj"
"10506","2014","Medium","2021","3","Habiganj","G_winter_022","3",7.48,"477","2021_Habiganj"
"10507","2014","Medium","2021","3","Habiganj","G_winter_023","1",5.7,"478","2021_Habiganj"
"10508","2014","Medium","2021","3","Habiganj","G_winter_023","2",8.83,"479","2021_Habiganj"
"10509","2014","Medium","2021","3","Habiganj","G_winter_023","3",6.66,"480","2021_Habiganj"
"10510","2014","Medium","2021","3","Habiganj","G_winter_024","1",7.26,"481","2021_Habiganj"
"10511","2014","Medium","2021","3","Habiganj","G_winter_024","2",7.58,"482","2021_Habiganj"
"10512","2014","Medium","2021","3","Habiganj","G_winter_024","3",7.56,"483","2021_Habiganj"
"10513","2015","Medium","2021","3","Habiganj","G_winter_025","1",8.53,"484","2021_Habiganj"
"10514","2015","Medium","2021","3","Habiganj","G_winter_025","2",5.64,"485","2021_Habiganj"
"10515","2015","Medium","2021","3","Habiganj","G_winter_025","3",7.44,"486","2021_Habiganj"
"10516","2020","Medium","2021","3","Habiganj","G_winter_026","1",8.47,"487","2021_Habiganj"
"10517","2020","Medium","2021","3","Habiganj","G_winter_026","2",8.67,"488","2021_Habiganj"
"10518","2020","Medium","2021","3","Habiganj","G_winter_026","3",8.37,"489","2021_Habiganj"
"10519","2020","Medium","2021","3","Habiganj","G_winter_027","1",6.78,"490","2021_Habiganj"
"10520","2020","Medium","2021","3","Habiganj","G_winter_027","2",7.25,"491","2021_Habiganj"
"10521","2020","Medium","2021","3","Habiganj","G_winter_027","3",7.34,"492","2021_Habiganj"
"10522","1970","Medium","2021","4","Barishal","G_winter_013","1",5.95,"448","2021_Barishal"
"10523","1970","Medium","2021","4","Barishal","G_winter_013","2",6.36,"449","2021_Barishal"
"10524","1970","Medium","2021","4","Barishal","G_winter_013","3",6.33,"450","2021_Barishal"
"10525","1985","Medium","2021","4","Barishal","G_winter_014","1",5.59,"451","2021_Barishal"
"10526","1985","Medium","2021","4","Barishal","G_winter_014","2",6.08,"452","2021_Barishal"
"10527","1985","Medium","2021","4","Barishal","G_winter_014","3",5.95,"453","2021_Barishal"
"10528","1977","Medium","2021","4","Barishal","G_winter_015","1",6.47,"454","2021_Barishal"
"10529","1977","Medium","2021","4","Barishal","G_winter_015","2",6.71,"455","2021_Barishal"
"10530","1977","Medium","2021","4","Barishal","G_winter_015","3",6.27,"456","2021_Barishal"
"10531","1978","Medium","2021","4","Barishal","G_winter_016","1",6.67,"457","2021_Barishal"
"10532","1978","Medium","2021","4","Barishal","G_winter_016","2",6.51,"458","2021_Barishal"
"10533","1978","Medium","2021","4","Barishal","G_winter_016","3",6.75,"459","2021_Barishal"
"10534","1998","Medium","2021","4","Barishal","G_winter_017","1",7.06,"460","2021_Barishal"
"10535","1998","Medium","2021","4","Barishal","G_winter_017","2",7.14,"461","2021_Barishal"
"10536","1998","Medium","2021","4","Barishal","G_winter_017","3",6.97,"462","2021_Barishal"
"10537","2008","Medium","2021","4","Barishal","G_winter_018","1",6.4,"463","2021_Barishal"
"10538","2008","Medium","2021","4","Barishal","G_winter_018","2",6.09,"464","2021_Barishal"
"10539","2008","Medium","2021","4","Barishal","G_winter_018","3",5.87,"465","2021_Barishal"
"10540","2012","Medium","2021","4","Barishal","G_winter_019","1",7.03,"466","2021_Barishal"
"10541","2012","Medium","2021","4","Barishal","G_winter_019","2",6.68,"467","2021_Barishal"
"10542","2012","Medium","2021","4","Barishal","G_winter_019","3",6.6,"468","2021_Barishal"
"10543","2013","Medium","2021","4","Barishal","G_winter_020","1",6.27,"469","2021_Barishal"
"10544","2013","Medium","2021","4","Barishal","G_winter_020","2",6.51,"470","2021_Barishal"
"10545","2013","Medium","2021","4","Barishal","G_winter_020","3",6.59,"471","2021_Barishal"
"10546","2013","Medium","2021","4","Barishal","G_winter_021","1",4.84,"472","2021_Barishal"
"10547","2013","Medium","2021","4","Barishal","G_winter_021","2",5.61,"473","2021_Barishal"
"10548","2013","Medium","2021","4","Barishal","G_winter_021","3",5.14,"474","2021_Barishal"
"10549","2014","Medium","2021","4","Barishal","G_winter_022","1",6.6,"475","2021_Barishal"
"10550","2014","Medium","2021","4","Barishal","G_winter_022","2",6.36,"476","2021_Barishal"
"10551","2014","Medium","2021","4","Barishal","G_winter_022","3",6.67,"477","2021_Barishal"
"10552","2014","Medium","2021","4","Barishal","G_winter_023","1",6.15,"478","2021_Barishal"
"10553","2014","Medium","2021","4","Barishal","G_winter_023","2",5.87,"479","2021_Barishal"
"10554","2014","Medium","2021","4","Barishal","G_winter_023","3",6.46,"480","2021_Barishal"
"10555","2014","Medium","2021","4","Barishal","G_winter_024","1",6.83,"481","2021_Barishal"
"10556","2014","Medium","2021","4","Barishal","G_winter_024","2",6.7,"482","2021_Barishal"
"10557","2014","Medium","2021","4","Barishal","G_winter_024","3",7.08,"483","2021_Barishal"
"10558","2015","Medium","2021","4","Barishal","G_winter_025","1",7.5,"484","2021_Barishal"
"10559","2015","Medium","2021","4","Barishal","G_winter_025","2",7.67,"485","2021_Barishal"
"10560","2015","Medium","2021","4","Barishal","G_winter_025","3",7.62,"486","2021_Barishal"
"10561","2020","Medium","2021","4","Barishal","G_winter_026","1",7.34,"487","2021_Barishal"
"10562","2020","Medium","2021","4","Barishal","G_winter_026","2",7.13,"488","2021_Barishal"
"10563","2020","Medium","2021","4","Barishal","G_winter_026","3",6.77,"489","2021_Barishal"
"10564","2020","Medium","2021","4","Barishal","G_winter_027","1",6.34,"490","2021_Barishal"
"10565","2020","Medium","2021","4","Barishal","G_winter_027","2",6.71,"491","2021_Barishal"
"10566","2020","Medium","2021","4","Barishal","G_winter_027","3",7.36,"492","2021_Barishal"
"10567","1970","Medium","2021","4","Rajshahi","G_winter_013","1",5.54,"448","2021_Rajshahi"
"10568","1970","Medium","2021","4","Rajshahi","G_winter_013","2",6.17,"449","2021_Rajshahi"
"10569","1970","Medium","2021","4","Rajshahi","G_winter_013","3",5.86,"450","2021_Rajshahi"
"10570","1985","Medium","2021","4","Rajshahi","G_winter_014","1",5.65,"451","2021_Rajshahi"
"10571","1985","Medium","2021","4","Rajshahi","G_winter_014","2",5.44,"452","2021_Rajshahi"
"10572","1985","Medium","2021","4","Rajshahi","G_winter_014","3",5.4,"453","2021_Rajshahi"
"10573","1977","Medium","2021","4","Rajshahi","G_winter_015","1",6.93,"454","2021_Rajshahi"
"10574","1977","Medium","2021","4","Rajshahi","G_winter_015","2",6.7,"455","2021_Rajshahi"
"10575","1977","Medium","2021","4","Rajshahi","G_winter_015","3",6.87,"456","2021_Rajshahi"
"10576","1978","Medium","2021","4","Rajshahi","G_winter_016","1",6.45,"457","2021_Rajshahi"
"10577","1978","Medium","2021","4","Rajshahi","G_winter_016","2",6.55,"458","2021_Rajshahi"
"10578","1978","Medium","2021","4","Rajshahi","G_winter_016","3",7.16,"459","2021_Rajshahi"
"10579","1998","Medium","2021","4","Rajshahi","G_winter_017","1",6.7,"460","2021_Rajshahi"
"10580","1998","Medium","2021","4","Rajshahi","G_winter_017","2",6.68,"461","2021_Rajshahi"
"10581","1998","Medium","2021","4","Rajshahi","G_winter_017","3",6.2,"462","2021_Rajshahi"
"10582","2008","Medium","2021","4","Rajshahi","G_winter_018","1",5.98,"463","2021_Rajshahi"
"10583","2008","Medium","2021","4","Rajshahi","G_winter_018","2",6.61,"464","2021_Rajshahi"
"10584","2008","Medium","2021","4","Rajshahi","G_winter_018","3",6.16,"465","2021_Rajshahi"
"10585","2012","Medium","2021","4","Rajshahi","G_winter_019","1",6.87,"466","2021_Rajshahi"
"10586","2012","Medium","2021","4","Rajshahi","G_winter_019","2",7.87,"467","2021_Rajshahi"
"10587","2012","Medium","2021","4","Rajshahi","G_winter_019","3",6.84,"468","2021_Rajshahi"
"10588","2013","Medium","2021","4","Rajshahi","G_winter_020","1",6.81,"469","2021_Rajshahi"
"10589","2013","Medium","2021","4","Rajshahi","G_winter_020","2",7.15,"470","2021_Rajshahi"
"10590","2013","Medium","2021","4","Rajshahi","G_winter_020","3",5.73,"471","2021_Rajshahi"
"10591","2013","Medium","2021","4","Rajshahi","G_winter_021","1",6.32,"472","2021_Rajshahi"
"10592","2013","Medium","2021","4","Rajshahi","G_winter_021","2",7.22,"473","2021_Rajshahi"
"10593","2013","Medium","2021","4","Rajshahi","G_winter_021","3",5.62,"474","2021_Rajshahi"
"10594","2014","Medium","2021","4","Rajshahi","G_winter_022","1",6.36,"475","2021_Rajshahi"
"10595","2014","Medium","2021","4","Rajshahi","G_winter_022","2",7.14,"476","2021_Rajshahi"
"10596","2014","Medium","2021","4","Rajshahi","G_winter_022","3",6.77,"477","2021_Rajshahi"
"10597","2014","Medium","2021","4","Rajshahi","G_winter_023","1",5.58,"478","2021_Rajshahi"
"10598","2014","Medium","2021","4","Rajshahi","G_winter_023","2",5.55,"479","2021_Rajshahi"
"10599","2014","Medium","2021","4","Rajshahi","G_winter_023","3",6.8,"480","2021_Rajshahi"
"10600","2014","Medium","2021","4","Rajshahi","G_winter_024","1",5.93,"481","2021_Rajshahi"
"10601","2014","Medium","2021","4","Rajshahi","G_winter_024","2",8.53,"482","2021_Rajshahi"
"10602","2014","Medium","2021","4","Rajshahi","G_winter_024","3",5.64,"483","2021_Rajshahi"
"10603","2015","Medium","2021","4","Rajshahi","G_winter_025","1",7.21,"484","2021_Rajshahi"
"10604","2015","Medium","2021","4","Rajshahi","G_winter_025","2",6.83,"485","2021_Rajshahi"
"10605","2015","Medium","2021","4","Rajshahi","G_winter_025","3",6.52,"486","2021_Rajshahi"
"10606","2020","Medium","2021","4","Rajshahi","G_winter_026","1",7.63,"487","2021_Rajshahi"
"10607","2020","Medium","2021","4","Rajshahi","G_winter_026","2",7.13,"488","2021_Rajshahi"
"10608","2020","Medium","2021","4","Rajshahi","G_winter_026","3",7.63,"489","2021_Rajshahi"
"10609","2020","Medium","2021","4","Rajshahi","G_winter_027","1",8.41,"490","2021_Rajshahi"
"10610","2020","Medium","2021","4","Rajshahi","G_winter_027","2",7.11,"491","2021_Rajshahi"
"10611","2020","Medium","2021","4","Rajshahi","G_winter_027","3",7.62,"492","2021_Rajshahi"
"10657","2021","Medium","2022","1","Bhanga","G_winter_028","1",7,"538","2022_Bhanga"
"10658","2021","Medium","2022","1","Bhanga","G_winter_028","2",5.8,"539","2022_Bhanga"
"10659","2021","Medium","2022","1","Bhanga","G_winter_028","3",6.3,"540","2022_Bhanga"
"10612","1970","Medium","2022","1","Bhanga","G_winter_013","1",6.3,"493","2022_Bhanga"
"10613","1970","Medium","2022","1","Bhanga","G_winter_013","2",5.1,"494","2022_Bhanga"
"10614","1970","Medium","2022","1","Bhanga","G_winter_013","3",6.8,"495","2022_Bhanga"
"10615","1985","Medium","2022","1","Bhanga","G_winter_014","1",2.6,"496","2022_Bhanga"
"10616","1985","Medium","2022","1","Bhanga","G_winter_014","2",4.55,"497","2022_Bhanga"
"10617","1985","Medium","2022","1","Bhanga","G_winter_014","3",2.6,"498","2022_Bhanga"
"10618","1977","Medium","2022","1","Bhanga","G_winter_015","1",6.4,"499","2022_Bhanga"
"10619","1977","Medium","2022","1","Bhanga","G_winter_015","2",6.1,"500","2022_Bhanga"
"10620","1977","Medium","2022","1","Bhanga","G_winter_015","3",6.7,"501","2022_Bhanga"
"10621","1978","Medium","2022","1","Bhanga","G_winter_016","1",7.4,"502","2022_Bhanga"
"10622","1978","Medium","2022","1","Bhanga","G_winter_016","2",6.1,"503","2022_Bhanga"
"10623","1978","Medium","2022","1","Bhanga","G_winter_016","3",4.9,"504","2022_Bhanga"
"10624","1998","Medium","2022","1","Bhanga","G_winter_017","1",4.45,"505","2022_Bhanga"
"10625","1998","Medium","2022","1","Bhanga","G_winter_017","2",2.9,"506","2022_Bhanga"
"10626","1998","Medium","2022","1","Bhanga","G_winter_017","3",3.9,"507","2022_Bhanga"
"10627","2008","Medium","2022","1","Bhanga","G_winter_018","1",6.2,"508","2022_Bhanga"
"10628","2008","Medium","2022","1","Bhanga","G_winter_018","2",6,"509","2022_Bhanga"
"10629","2008","Medium","2022","1","Bhanga","G_winter_018","3",5.8,"510","2022_Bhanga"
"10630","2012","Medium","2022","1","Bhanga","G_winter_019","1",6.9,"511","2022_Bhanga"
"10631","2012","Medium","2022","1","Bhanga","G_winter_019","2",7,"512","2022_Bhanga"
"10632","2012","Medium","2022","1","Bhanga","G_winter_019","3",7.6,"513","2022_Bhanga"
"10633","2013","Medium","2022","1","Bhanga","G_winter_020","1",6.8,"514","2022_Bhanga"
"10634","2013","Medium","2022","1","Bhanga","G_winter_020","2",8.6,"515","2022_Bhanga"
"10635","2013","Medium","2022","1","Bhanga","G_winter_020","3",6.08,"516","2022_Bhanga"
"10636","2013","Medium","2022","1","Bhanga","G_winter_021","1",5.3,"517","2022_Bhanga"
"10637","2013","Medium","2022","1","Bhanga","G_winter_021","2",4.8,"518","2022_Bhanga"
"10638","2013","Medium","2022","1","Bhanga","G_winter_021","3",3,"519","2022_Bhanga"
"10639","2014","Medium","2022","1","Bhanga","G_winter_022","1",5.9,"520","2022_Bhanga"
"10640","2014","Medium","2022","1","Bhanga","G_winter_022","2",5.3,"521","2022_Bhanga"
"10641","2014","Medium","2022","1","Bhanga","G_winter_022","3",6.3,"522","2022_Bhanga"
"10642","2014","Medium","2022","1","Bhanga","G_winter_023","1",7.5,"523","2022_Bhanga"
"10643","2014","Medium","2022","1","Bhanga","G_winter_023","2",6.7,"524","2022_Bhanga"
"10644","2014","Medium","2022","1","Bhanga","G_winter_023","3",7.1,"525","2022_Bhanga"
"10645","2014","Medium","2022","1","Bhanga","G_winter_024","1",6.1,"526","2022_Bhanga"
"10646","2014","Medium","2022","1","Bhanga","G_winter_024","2",7.7,"527","2022_Bhanga"
"10647","2014","Medium","2022","1","Bhanga","G_winter_024","3",6.7,"528","2022_Bhanga"
"10648","2015","Medium","2022","1","Bhanga","G_winter_025","1",8.4,"529","2022_Bhanga"
"10649","2015","Medium","2022","1","Bhanga","G_winter_025","2",7.3,"530","2022_Bhanga"
"10650","2015","Medium","2022","1","Bhanga","G_winter_025","3",7.6,"531","2022_Bhanga"
"10651","2020","Medium","2022","1","Bhanga","G_winter_026","1",8.2,"532","2022_Bhanga"
"10652","2020","Medium","2022","1","Bhanga","G_winter_026","2",7.5,"533","2022_Bhanga"
"10653","2020","Medium","2022","1","Bhanga","G_winter_026","3",5.4,"534","2022_Bhanga"
"10654","2020","Medium","2022","1","Bhanga","G_winter_027","1",5.7,"535","2022_Bhanga"
"10655","2020","Medium","2022","1","Bhanga","G_winter_027","2",8,"536","2022_Bhanga"
"10656","2020","Medium","2022","1","Bhanga","G_winter_027","3",7,"537","2022_Bhanga"
"10705","2021","Medium","2022","1","Cumilla","G_winter_028","1",6.9,"538","2022_Cumilla"
"10706","2021","Medium","2022","1","Cumilla","G_winter_028","2",4.8,"539","2022_Cumilla"
"10707","2021","Medium","2022","1","Cumilla","G_winter_028","3",7.25,"540","2022_Cumilla"
"10660","1970","Medium","2022","1","Cumilla","G_winter_013","1",6.1,"493","2022_Cumilla"
"10661","1970","Medium","2022","1","Cumilla","G_winter_013","2",6.15,"494","2022_Cumilla"
"10662","1970","Medium","2022","1","Cumilla","G_winter_013","3",7.43,"495","2022_Cumilla"
"10663","1985","Medium","2022","1","Cumilla","G_winter_014","1",4.87,"496","2022_Cumilla"
"10664","1985","Medium","2022","1","Cumilla","G_winter_014","2",3.5,"497","2022_Cumilla"
"10665","1985","Medium","2022","1","Cumilla","G_winter_014","3",3.55,"498","2022_Cumilla"
"10666","1977","Medium","2022","1","Cumilla","G_winter_015","1",4.63,"499","2022_Cumilla"
"10667","1977","Medium","2022","1","Cumilla","G_winter_015","2",5.4,"500","2022_Cumilla"
"10668","1977","Medium","2022","1","Cumilla","G_winter_015","3",6.04,"501","2022_Cumilla"
"10669","1978","Medium","2022","1","Cumilla","G_winter_016","1",6.82,"502","2022_Cumilla"
"10670","1978","Medium","2022","1","Cumilla","G_winter_016","2",7.15,"503","2022_Cumilla"
"10671","1978","Medium","2022","1","Cumilla","G_winter_016","3",6.75,"504","2022_Cumilla"
"10672","1998","Medium","2022","1","Cumilla","G_winter_017","1",6.73,"505","2022_Cumilla"
"10673","1998","Medium","2022","1","Cumilla","G_winter_017","2",6.14,"506","2022_Cumilla"
"10674","1998","Medium","2022","1","Cumilla","G_winter_017","3",6.51,"507","2022_Cumilla"
"10675","2008","Medium","2022","1","Cumilla","G_winter_018","1",5.01,"508","2022_Cumilla"
"10676","2008","Medium","2022","1","Cumilla","G_winter_018","2",4.93,"509","2022_Cumilla"
"10677","2008","Medium","2022","1","Cumilla","G_winter_018","3",5.18,"510","2022_Cumilla"
"10678","2012","Medium","2022","1","Cumilla","G_winter_019","1",6.63,"511","2022_Cumilla"
"10679","2012","Medium","2022","1","Cumilla","G_winter_019","2",6.12,"512","2022_Cumilla"
"10680","2012","Medium","2022","1","Cumilla","G_winter_019","3",7.5,"513","2022_Cumilla"
"10681","2013","Medium","2022","1","Cumilla","G_winter_020","1",5.92,"514","2022_Cumilla"
"10682","2013","Medium","2022","1","Cumilla","G_winter_020","2",6.26,"515","2022_Cumilla"
"10683","2013","Medium","2022","1","Cumilla","G_winter_020","3",6.56,"516","2022_Cumilla"
"10684","2013","Medium","2022","1","Cumilla","G_winter_021","1",7.17,"517","2022_Cumilla"
"10685","2013","Medium","2022","1","Cumilla","G_winter_021","2",5.79,"518","2022_Cumilla"
"10686","2013","Medium","2022","1","Cumilla","G_winter_021","3",7.1,"519","2022_Cumilla"
"10687","2014","Medium","2022","1","Cumilla","G_winter_022","1",6.33,"520","2022_Cumilla"
"10688","2014","Medium","2022","1","Cumilla","G_winter_022","2",5.18,"521","2022_Cumilla"
"10689","2014","Medium","2022","1","Cumilla","G_winter_022","3",4.98,"522","2022_Cumilla"
"10690","2014","Medium","2022","1","Cumilla","G_winter_023","1",6.66,"523","2022_Cumilla"
"10691","2014","Medium","2022","1","Cumilla","G_winter_023","2",6.16,"524","2022_Cumilla"
"10692","2014","Medium","2022","1","Cumilla","G_winter_023","3",7.23,"525","2022_Cumilla"
"10693","2014","Medium","2022","1","Cumilla","G_winter_024","1",7.98,"526","2022_Cumilla"
"10694","2014","Medium","2022","1","Cumilla","G_winter_024","2",8.19,"527","2022_Cumilla"
"10695","2014","Medium","2022","1","Cumilla","G_winter_024","3",6.9,"528","2022_Cumilla"
"10696","2015","Medium","2022","1","Cumilla","G_winter_025","1",8.85,"529","2022_Cumilla"
"10697","2015","Medium","2022","1","Cumilla","G_winter_025","2",6.5,"530","2022_Cumilla"
"10698","2015","Medium","2022","1","Cumilla","G_winter_025","3",7.55,"531","2022_Cumilla"
"10699","2020","Medium","2022","1","Cumilla","G_winter_026","1",7.13,"532","2022_Cumilla"
"10700","2020","Medium","2022","1","Cumilla","G_winter_026","2",6.8,"533","2022_Cumilla"
"10701","2020","Medium","2022","1","Cumilla","G_winter_026","3",6.7,"534","2022_Cumilla"
"10702","2020","Medium","2022","1","Cumilla","G_winter_027","1",6.99,"535","2022_Cumilla"
"10703","2020","Medium","2022","1","Cumilla","G_winter_027","2",7.35,"536","2022_Cumilla"
"10704","2020","Medium","2022","1","Cumilla","G_winter_027","3",6.93,"537","2022_Cumilla"
"10753","2021","Medium","2022","1","Rangpur","G_winter_028","1",6.4,"538","2022_Rangpur"
"10754","2021","Medium","2022","1","Rangpur","G_winter_028","2",5.59,"539","2022_Rangpur"
"10755","2021","Medium","2022","1","Rangpur","G_winter_028","3",6.34,"540","2022_Rangpur"
"10708","1970","Medium","2022","1","Rangpur","G_winter_013","1",5.62,"493","2022_Rangpur"
"10709","1970","Medium","2022","1","Rangpur","G_winter_013","2",5.68,"494","2022_Rangpur"
"10710","1970","Medium","2022","1","Rangpur","G_winter_013","3",6.11,"495","2022_Rangpur"
"10711","1985","Medium","2022","1","Rangpur","G_winter_014","1",2.85,"496","2022_Rangpur"
"10712","1985","Medium","2022","1","Rangpur","G_winter_014","2",4.12,"497","2022_Rangpur"
"10713","1985","Medium","2022","1","Rangpur","G_winter_014","3",2.44,"498","2022_Rangpur"
"10714","1977","Medium","2022","1","Rangpur","G_winter_015","1",3.13,"499","2022_Rangpur"
"10715","1977","Medium","2022","1","Rangpur","G_winter_015","2",4.12,"500","2022_Rangpur"
"10716","1977","Medium","2022","1","Rangpur","G_winter_015","3",3.76,"501","2022_Rangpur"
"10717","1978","Medium","2022","1","Rangpur","G_winter_016","1",3.39,"502","2022_Rangpur"
"10718","1978","Medium","2022","1","Rangpur","G_winter_016","2",4.84,"503","2022_Rangpur"
"10719","1978","Medium","2022","1","Rangpur","G_winter_016","3",4.83,"504","2022_Rangpur"
"10720","1998","Medium","2022","1","Rangpur","G_winter_017","1",5.56,"505","2022_Rangpur"
"10721","1998","Medium","2022","1","Rangpur","G_winter_017","2",5.48,"506","2022_Rangpur"
"10722","1998","Medium","2022","1","Rangpur","G_winter_017","3",5.82,"507","2022_Rangpur"
"10723","2008","Medium","2022","1","Rangpur","G_winter_018","1",4.78,"508","2022_Rangpur"
"10724","2008","Medium","2022","1","Rangpur","G_winter_018","2",5.13,"509","2022_Rangpur"
"10725","2008","Medium","2022","1","Rangpur","G_winter_018","3",4.99,"510","2022_Rangpur"
"10726","2012","Medium","2022","1","Rangpur","G_winter_019","1",5.5,"511","2022_Rangpur"
"10727","2012","Medium","2022","1","Rangpur","G_winter_019","2",5.04,"512","2022_Rangpur"
"10728","2012","Medium","2022","1","Rangpur","G_winter_019","3",6.38,"513","2022_Rangpur"
"10729","2013","Medium","2022","1","Rangpur","G_winter_020","1",4.74,"514","2022_Rangpur"
"10730","2013","Medium","2022","1","Rangpur","G_winter_020","2",4.56,"515","2022_Rangpur"
"10731","2013","Medium","2022","1","Rangpur","G_winter_020","3",4.14,"516","2022_Rangpur"
"10732","2013","Medium","2022","1","Rangpur","G_winter_021","1",5.13,"517","2022_Rangpur"
"10733","2013","Medium","2022","1","Rangpur","G_winter_021","2",4.9,"518","2022_Rangpur"
"10734","2013","Medium","2022","1","Rangpur","G_winter_021","3",5.32,"519","2022_Rangpur"
"10735","2014","Medium","2022","1","Rangpur","G_winter_022","1",5.61,"520","2022_Rangpur"
"10736","2014","Medium","2022","1","Rangpur","G_winter_022","2",6.28,"521","2022_Rangpur"
"10737","2014","Medium","2022","1","Rangpur","G_winter_022","3",5.9,"522","2022_Rangpur"
"10738","2014","Medium","2022","1","Rangpur","G_winter_023","1",6.1,"523","2022_Rangpur"
"10739","2014","Medium","2022","1","Rangpur","G_winter_023","2",6.04,"524","2022_Rangpur"
"10740","2014","Medium","2022","1","Rangpur","G_winter_023","3",5.64,"525","2022_Rangpur"
"10741","2014","Medium","2022","1","Rangpur","G_winter_024","1",5.79,"526","2022_Rangpur"
"10742","2014","Medium","2022","1","Rangpur","G_winter_024","2",4.8,"527","2022_Rangpur"
"10743","2014","Medium","2022","1","Rangpur","G_winter_024","3",5.27,"528","2022_Rangpur"
"10744","2015","Medium","2022","1","Rangpur","G_winter_025","1",8.32,"529","2022_Rangpur"
"10745","2015","Medium","2022","1","Rangpur","G_winter_025","2",7.38,"530","2022_Rangpur"
"10746","2015","Medium","2022","1","Rangpur","G_winter_025","3",7.93,"531","2022_Rangpur"
"10747","2020","Medium","2022","1","Rangpur","G_winter_026","1",5.08,"532","2022_Rangpur"
"10748","2020","Medium","2022","1","Rangpur","G_winter_026","2",5.27,"533","2022_Rangpur"
"10749","2020","Medium","2022","1","Rangpur","G_winter_026","3",5.38,"534","2022_Rangpur"
"10750","2020","Medium","2022","1","Rangpur","G_winter_027","1",5.54,"535","2022_Rangpur"
"10751","2020","Medium","2022","1","Rangpur","G_winter_027","2",5.68,"536","2022_Rangpur"
"10752","2020","Medium","2022","1","Rangpur","G_winter_027","3",5.17,"537","2022_Rangpur"
"10801","2021","Medium","2022","2","Kushtia","G_winter_028","1",6.28,"538","2022_Kushtia"
"10802","2021","Medium","2022","2","Kushtia","G_winter_028","2",6.04,"539","2022_Kushtia"
"10803","2021","Medium","2022","2","Kushtia","G_winter_028","3",5.93,"540","2022_Kushtia"
"10756","1970","Medium","2022","2","Kushtia","G_winter_013","1",4.76,"493","2022_Kushtia"
"10757","1970","Medium","2022","2","Kushtia","G_winter_013","2",5.32,"494","2022_Kushtia"
"10758","1970","Medium","2022","2","Kushtia","G_winter_013","3",4.49,"495","2022_Kushtia"
"10759","1985","Medium","2022","2","Kushtia","G_winter_014","1",3.49,"496","2022_Kushtia"
"10760","1985","Medium","2022","2","Kushtia","G_winter_014","2",3.29,"497","2022_Kushtia"
"10761","1985","Medium","2022","2","Kushtia","G_winter_014","3",3.55,"498","2022_Kushtia"
"10762","1977","Medium","2022","2","Kushtia","G_winter_015","1",5.13,"499","2022_Kushtia"
"10763","1977","Medium","2022","2","Kushtia","G_winter_015","2",4.28,"500","2022_Kushtia"
"10764","1977","Medium","2022","2","Kushtia","G_winter_015","3",4.52,"501","2022_Kushtia"
"10765","1978","Medium","2022","2","Kushtia","G_winter_016","1",4.42,"502","2022_Kushtia"
"10766","1978","Medium","2022","2","Kushtia","G_winter_016","2",4.59,"503","2022_Kushtia"
"10767","1978","Medium","2022","2","Kushtia","G_winter_016","3",4.82,"504","2022_Kushtia"
"10768","1998","Medium","2022","2","Kushtia","G_winter_017","1",3.65,"505","2022_Kushtia"
"10769","1998","Medium","2022","2","Kushtia","G_winter_017","2",3.26,"506","2022_Kushtia"
"10770","1998","Medium","2022","2","Kushtia","G_winter_017","3",3.01,"507","2022_Kushtia"
"10771","2008","Medium","2022","2","Kushtia","G_winter_018","1",6.25,"508","2022_Kushtia"
"10772","2008","Medium","2022","2","Kushtia","G_winter_018","2",5.2,"509","2022_Kushtia"
"10773","2008","Medium","2022","2","Kushtia","G_winter_018","3",5.26,"510","2022_Kushtia"
"10774","2012","Medium","2022","2","Kushtia","G_winter_019","1",5.74,"511","2022_Kushtia"
"10775","2012","Medium","2022","2","Kushtia","G_winter_019","2",5.28,"512","2022_Kushtia"
"10776","2012","Medium","2022","2","Kushtia","G_winter_019","3",4.9,"513","2022_Kushtia"
"10777","2013","Medium","2022","2","Kushtia","G_winter_020","1",4.94,"514","2022_Kushtia"
"10778","2013","Medium","2022","2","Kushtia","G_winter_020","2",5.49,"515","2022_Kushtia"
"10779","2013","Medium","2022","2","Kushtia","G_winter_020","3",5.64,"516","2022_Kushtia"
"10780","2013","Medium","2022","2","Kushtia","G_winter_021","1",5.6,"517","2022_Kushtia"
"10781","2013","Medium","2022","2","Kushtia","G_winter_021","2",6.45,"518","2022_Kushtia"
"10782","2013","Medium","2022","2","Kushtia","G_winter_021","3",5.29,"519","2022_Kushtia"
"10783","2014","Medium","2022","2","Kushtia","G_winter_022","1",5.07,"520","2022_Kushtia"
"10784","2014","Medium","2022","2","Kushtia","G_winter_022","2",5.04,"521","2022_Kushtia"
"10785","2014","Medium","2022","2","Kushtia","G_winter_022","3",5.11,"522","2022_Kushtia"
"10786","2014","Medium","2022","2","Kushtia","G_winter_023","1",4.65,"523","2022_Kushtia"
"10787","2014","Medium","2022","2","Kushtia","G_winter_023","2",5.82,"524","2022_Kushtia"
"10788","2014","Medium","2022","2","Kushtia","G_winter_023","3",5.89,"525","2022_Kushtia"
"10789","2014","Medium","2022","2","Kushtia","G_winter_024","1",5.4,"526","2022_Kushtia"
"10790","2014","Medium","2022","2","Kushtia","G_winter_024","2",5.05,"527","2022_Kushtia"
"10791","2014","Medium","2022","2","Kushtia","G_winter_024","3",5.46,"528","2022_Kushtia"
"10792","2015","Medium","2022","2","Kushtia","G_winter_025","1",6.63,"529","2022_Kushtia"
"10793","2015","Medium","2022","2","Kushtia","G_winter_025","2",6.03,"530","2022_Kushtia"
"10794","2015","Medium","2022","2","Kushtia","G_winter_025","3",5.88,"531","2022_Kushtia"
"10795","2020","Medium","2022","2","Kushtia","G_winter_026","1",5.55,"532","2022_Kushtia"
"10796","2020","Medium","2022","2","Kushtia","G_winter_026","2",5.18,"533","2022_Kushtia"
"10797","2020","Medium","2022","2","Kushtia","G_winter_026","3",5.18,"534","2022_Kushtia"
"10798","2020","Medium","2022","2","Kushtia","G_winter_027","1",5.18,"535","2022_Kushtia"
"10799","2020","Medium","2022","2","Kushtia","G_winter_027","2",4.94,"536","2022_Kushtia"
"10800","2020","Medium","2022","2","Kushtia","G_winter_027","3",5.21,"537","2022_Kushtia"
"10849","2021","Medium","2022","2","Satkhira","G_winter_028","1",6.27,"538","2022_Satkhira"
"10850","2021","Medium","2022","2","Satkhira","G_winter_028","2",6.35,"539","2022_Satkhira"
"10851","2021","Medium","2022","2","Satkhira","G_winter_028","3",6.33,"540","2022_Satkhira"
"10804","1970","Medium","2022","2","Satkhira","G_winter_013","1",5.81,"493","2022_Satkhira"
"10805","1970","Medium","2022","2","Satkhira","G_winter_013","2",5.06,"494","2022_Satkhira"
"10806","1970","Medium","2022","2","Satkhira","G_winter_013","3",4.98,"495","2022_Satkhira"
"10807","1985","Medium","2022","2","Satkhira","G_winter_014","1",4.33,"496","2022_Satkhira"
"10808","1985","Medium","2022","2","Satkhira","G_winter_014","2",3.33,"497","2022_Satkhira"
"10809","1985","Medium","2022","2","Satkhira","G_winter_014","3",5.2,"498","2022_Satkhira"
"10810","1977","Medium","2022","2","Satkhira","G_winter_015","1",5.74,"499","2022_Satkhira"
"10811","1977","Medium","2022","2","Satkhira","G_winter_015","2",5.93,"500","2022_Satkhira"
"10812","1977","Medium","2022","2","Satkhira","G_winter_015","3",5.3,"501","2022_Satkhira"
"10813","1978","Medium","2022","2","Satkhira","G_winter_016","1",4.97,"502","2022_Satkhira"
"10814","1978","Medium","2022","2","Satkhira","G_winter_016","2",5.23,"503","2022_Satkhira"
"10815","1978","Medium","2022","2","Satkhira","G_winter_016","3",5.28,"504","2022_Satkhira"
"10816","1998","Medium","2022","2","Satkhira","G_winter_017","1",5.9,"505","2022_Satkhira"
"10817","1998","Medium","2022","2","Satkhira","G_winter_017","2",5.68,"506","2022_Satkhira"
"10818","1998","Medium","2022","2","Satkhira","G_winter_017","3",5.54,"507","2022_Satkhira"
"10819","2008","Medium","2022","2","Satkhira","G_winter_018","1",6.02,"508","2022_Satkhira"
"10820","2008","Medium","2022","2","Satkhira","G_winter_018","2",5.3,"509","2022_Satkhira"
"10821","2008","Medium","2022","2","Satkhira","G_winter_018","3",5.81,"510","2022_Satkhira"
"10822","2012","Medium","2022","2","Satkhira","G_winter_019","1",6.06,"511","2022_Satkhira"
"10823","2012","Medium","2022","2","Satkhira","G_winter_019","2",4.74,"512","2022_Satkhira"
"10824","2012","Medium","2022","2","Satkhira","G_winter_019","3",6.86,"513","2022_Satkhira"
"10825","2013","Medium","2022","2","Satkhira","G_winter_020","1",5.89,"514","2022_Satkhira"
"10826","2013","Medium","2022","2","Satkhira","G_winter_020","2",6,"515","2022_Satkhira"
"10827","2013","Medium","2022","2","Satkhira","G_winter_020","3",6.19,"516","2022_Satkhira"
"10828","2013","Medium","2022","2","Satkhira","G_winter_021","1",5.55,"517","2022_Satkhira"
"10829","2013","Medium","2022","2","Satkhira","G_winter_021","2",5.53,"518","2022_Satkhira"
"10830","2013","Medium","2022","2","Satkhira","G_winter_021","3",6.09,"519","2022_Satkhira"
"10831","2014","Medium","2022","2","Satkhira","G_winter_022","1",4.85,"520","2022_Satkhira"
"10832","2014","Medium","2022","2","Satkhira","G_winter_022","2",4.09,"521","2022_Satkhira"
"10833","2014","Medium","2022","2","Satkhira","G_winter_022","3",5.91,"522","2022_Satkhira"
"10834","2014","Medium","2022","2","Satkhira","G_winter_023","1",6.26,"523","2022_Satkhira"
"10835","2014","Medium","2022","2","Satkhira","G_winter_023","2",5.16,"524","2022_Satkhira"
"10836","2014","Medium","2022","2","Satkhira","G_winter_023","3",5.78,"525","2022_Satkhira"
"10837","2014","Medium","2022","2","Satkhira","G_winter_024","1",6.44,"526","2022_Satkhira"
"10838","2014","Medium","2022","2","Satkhira","G_winter_024","2",6.29,"527","2022_Satkhira"
"10839","2014","Medium","2022","2","Satkhira","G_winter_024","3",6.47,"528","2022_Satkhira"
"10840","2015","Medium","2022","2","Satkhira","G_winter_025","1",6.34,"529","2022_Satkhira"
"10841","2015","Medium","2022","2","Satkhira","G_winter_025","2",4.28,"530","2022_Satkhira"
"10842","2015","Medium","2022","2","Satkhira","G_winter_025","3",5.09,"531","2022_Satkhira"
"10843","2020","Medium","2022","2","Satkhira","G_winter_026","1",7.35,"532","2022_Satkhira"
"10844","2020","Medium","2022","2","Satkhira","G_winter_026","2",6.51,"533","2022_Satkhira"
"10845","2020","Medium","2022","2","Satkhira","G_winter_026","3",7.12,"534","2022_Satkhira"
"10846","2020","Medium","2022","2","Satkhira","G_winter_027","1",6.49,"535","2022_Satkhira"
"10847","2020","Medium","2022","2","Satkhira","G_winter_027","2",6.67,"536","2022_Satkhira"
"10848","2020","Medium","2022","2","Satkhira","G_winter_027","3",6.48,"537","2022_Satkhira"
"10897","2021","Medium","2022","3","Gazipur","G_winter_028","1",5.33,"538","2022_Gazipur"
"10898","2021","Medium","2022","3","Gazipur","G_winter_028","2",5.59,"539","2022_Gazipur"
"10899","2021","Medium","2022","3","Gazipur","G_winter_028","3",6.08,"540","2022_Gazipur"
"10852","1970","Medium","2022","3","Gazipur","G_winter_013","1",5.47,"493","2022_Gazipur"
"10853","1970","Medium","2022","3","Gazipur","G_winter_013","2",5.55,"494","2022_Gazipur"
"10854","1970","Medium","2022","3","Gazipur","G_winter_013","3",4.8,"495","2022_Gazipur"
"10855","1985","Medium","2022","3","Gazipur","G_winter_014","1",5.07,"496","2022_Gazipur"
"10856","1985","Medium","2022","3","Gazipur","G_winter_014","2",5.64,"497","2022_Gazipur"
"10857","1985","Medium","2022","3","Gazipur","G_winter_014","3",4.02,"498","2022_Gazipur"
"10858","1977","Medium","2022","3","Gazipur","G_winter_015","1",4.48,"499","2022_Gazipur"
"10859","1977","Medium","2022","3","Gazipur","G_winter_015","2",4.24,"500","2022_Gazipur"
"10860","1977","Medium","2022","3","Gazipur","G_winter_015","3",4.13,"501","2022_Gazipur"
"10861","1978","Medium","2022","3","Gazipur","G_winter_016","1",3.91,"502","2022_Gazipur"
"10862","1978","Medium","2022","3","Gazipur","G_winter_016","2",5.1,"503","2022_Gazipur"
"10863","1978","Medium","2022","3","Gazipur","G_winter_016","3",4.41,"504","2022_Gazipur"
"10864","1998","Medium","2022","3","Gazipur","G_winter_017","1",5.15,"505","2022_Gazipur"
"10865","1998","Medium","2022","3","Gazipur","G_winter_017","2",4.15,"506","2022_Gazipur"
"10866","1998","Medium","2022","3","Gazipur","G_winter_017","3",5.41,"507","2022_Gazipur"
"10867","2008","Medium","2022","3","Gazipur","G_winter_018","1",4.59,"508","2022_Gazipur"
"10868","2008","Medium","2022","3","Gazipur","G_winter_018","2",4.58,"509","2022_Gazipur"
"10869","2008","Medium","2022","3","Gazipur","G_winter_018","3",4.69,"510","2022_Gazipur"
"10870","2012","Medium","2022","3","Gazipur","G_winter_019","1",5.93,"511","2022_Gazipur"
"10871","2012","Medium","2022","3","Gazipur","G_winter_019","2",4.85,"512","2022_Gazipur"
"10872","2012","Medium","2022","3","Gazipur","G_winter_019","3",6.41,"513","2022_Gazipur"
"10873","2013","Medium","2022","3","Gazipur","G_winter_020","1",6.43,"514","2022_Gazipur"
"10874","2013","Medium","2022","3","Gazipur","G_winter_020","2",5.44,"515","2022_Gazipur"
"10875","2013","Medium","2022","3","Gazipur","G_winter_020","3",5.81,"516","2022_Gazipur"
"10876","2013","Medium","2022","3","Gazipur","G_winter_021","1",4.8,"517","2022_Gazipur"
"10877","2013","Medium","2022","3","Gazipur","G_winter_021","2",5.18,"518","2022_Gazipur"
"10878","2013","Medium","2022","3","Gazipur","G_winter_021","3",5,"519","2022_Gazipur"
"10879","2014","Medium","2022","3","Gazipur","G_winter_022","1",6.12,"520","2022_Gazipur"
"10880","2014","Medium","2022","3","Gazipur","G_winter_022","2",5.44,"521","2022_Gazipur"
"10881","2014","Medium","2022","3","Gazipur","G_winter_022","3",5.49,"522","2022_Gazipur"
"10882","2014","Medium","2022","3","Gazipur","G_winter_023","1",5.47,"523","2022_Gazipur"
"10883","2014","Medium","2022","3","Gazipur","G_winter_023","2",5.82,"524","2022_Gazipur"
"10884","2014","Medium","2022","3","Gazipur","G_winter_023","3",5.12,"525","2022_Gazipur"
"10885","2014","Medium","2022","3","Gazipur","G_winter_024","1",4.66,"526","2022_Gazipur"
"10886","2014","Medium","2022","3","Gazipur","G_winter_024","2",4.63,"527","2022_Gazipur"
"10887","2014","Medium","2022","3","Gazipur","G_winter_024","3",5.26,"528","2022_Gazipur"
"10888","2015","Medium","2022","3","Gazipur","G_winter_025","1",5.98,"529","2022_Gazipur"
"10889","2015","Medium","2022","3","Gazipur","G_winter_025","2",5.83,"530","2022_Gazipur"
"10890","2015","Medium","2022","3","Gazipur","G_winter_025","3",6.29,"531","2022_Gazipur"
"10891","2020","Medium","2022","3","Gazipur","G_winter_026","1",6.42,"532","2022_Gazipur"
"10892","2020","Medium","2022","3","Gazipur","G_winter_026","2",6.08,"533","2022_Gazipur"
"10893","2020","Medium","2022","3","Gazipur","G_winter_026","3",6.42,"534","2022_Gazipur"
"10894","2020","Medium","2022","3","Gazipur","G_winter_027","1",5.99,"535","2022_Gazipur"
"10895","2020","Medium","2022","3","Gazipur","G_winter_027","2",6.07,"536","2022_Gazipur"
"10896","2020","Medium","2022","3","Gazipur","G_winter_027","3",6.77,"537","2022_Gazipur"
"10945","2021","Medium","2022","3","Habiganj","G_winter_028","1",6.04,"538","2022_Habiganj"
"10946","2021","Medium","2022","3","Habiganj","G_winter_028","2",5.1,"539","2022_Habiganj"
"10947","2021","Medium","2022","3","Habiganj","G_winter_028","3",6.54,"540","2022_Habiganj"
"10900","1970","Medium","2022","3","Habiganj","G_winter_013","1",6.23,"493","2022_Habiganj"
"10901","1970","Medium","2022","3","Habiganj","G_winter_013","2",3.7,"494","2022_Habiganj"
"10902","1970","Medium","2022","3","Habiganj","G_winter_013","3",5.36,"495","2022_Habiganj"
"10903","1985","Medium","2022","3","Habiganj","G_winter_014","1",2.98,"496","2022_Habiganj"
"10904","1985","Medium","2022","3","Habiganj","G_winter_014","2",6.43,"497","2022_Habiganj"
"10905","1985","Medium","2022","3","Habiganj","G_winter_014","3",8.48,"498","2022_Habiganj"
"10906","1977","Medium","2022","3","Habiganj","G_winter_015","1",4.04,"499","2022_Habiganj"
"10907","1977","Medium","2022","3","Habiganj","G_winter_015","2",6.98,"500","2022_Habiganj"
"10908","1977","Medium","2022","3","Habiganj","G_winter_015","3",5.55,"501","2022_Habiganj"
"10909","1978","Medium","2022","3","Habiganj","G_winter_016","1",5.8,"502","2022_Habiganj"
"10910","1978","Medium","2022","3","Habiganj","G_winter_016","2",4.87,"503","2022_Habiganj"
"10911","1978","Medium","2022","3","Habiganj","G_winter_016","3",4.08,"504","2022_Habiganj"
"10912","1998","Medium","2022","3","Habiganj","G_winter_017","1",8.89,"505","2022_Habiganj"
"10913","1998","Medium","2022","3","Habiganj","G_winter_017","2",6.06,"506","2022_Habiganj"
"10914","1998","Medium","2022","3","Habiganj","G_winter_017","3",8.86,"507","2022_Habiganj"
"10915","2008","Medium","2022","3","Habiganj","G_winter_018","1",5.13,"508","2022_Habiganj"
"10916","2008","Medium","2022","3","Habiganj","G_winter_018","2",5.03,"509","2022_Habiganj"
"10917","2008","Medium","2022","3","Habiganj","G_winter_018","3",3.95,"510","2022_Habiganj"
"10918","2012","Medium","2022","3","Habiganj","G_winter_019","1",4.47,"511","2022_Habiganj"
"10919","2012","Medium","2022","3","Habiganj","G_winter_019","2",5.13,"512","2022_Habiganj"
"10920","2012","Medium","2022","3","Habiganj","G_winter_019","3",4.69,"513","2022_Habiganj"
"10921","2013","Medium","2022","3","Habiganj","G_winter_020","1",5.54,"514","2022_Habiganj"
"10922","2013","Medium","2022","3","Habiganj","G_winter_020","2",4.86,"515","2022_Habiganj"
"10923","2013","Medium","2022","3","Habiganj","G_winter_020","3",5.2,"516","2022_Habiganj"
"10924","2013","Medium","2022","3","Habiganj","G_winter_021","1",4.93,"517","2022_Habiganj"
"10925","2013","Medium","2022","3","Habiganj","G_winter_021","2",4.53,"518","2022_Habiganj"
"10926","2013","Medium","2022","3","Habiganj","G_winter_021","3",4.88,"519","2022_Habiganj"
"10927","2014","Medium","2022","3","Habiganj","G_winter_022","1",4.6,"520","2022_Habiganj"
"10928","2014","Medium","2022","3","Habiganj","G_winter_022","2",4.34,"521","2022_Habiganj"
"10929","2014","Medium","2022","3","Habiganj","G_winter_022","3",3.69,"522","2022_Habiganj"
"10930","2014","Medium","2022","3","Habiganj","G_winter_023","1",4.28,"523","2022_Habiganj"
"10931","2014","Medium","2022","3","Habiganj","G_winter_023","2",5.44,"524","2022_Habiganj"
"10932","2014","Medium","2022","3","Habiganj","G_winter_023","3",7.22,"525","2022_Habiganj"
"10933","2014","Medium","2022","3","Habiganj","G_winter_024","1",3.93,"526","2022_Habiganj"
"10934","2014","Medium","2022","3","Habiganj","G_winter_024","2",5.09,"527","2022_Habiganj"
"10935","2014","Medium","2022","3","Habiganj","G_winter_024","3",6.89,"528","2022_Habiganj"
"10936","2015","Medium","2022","3","Habiganj","G_winter_025","1",5.74,"529","2022_Habiganj"
"10937","2015","Medium","2022","3","Habiganj","G_winter_025","2",5.87,"530","2022_Habiganj"
"10938","2015","Medium","2022","3","Habiganj","G_winter_025","3",6.29,"531","2022_Habiganj"
"10939","2020","Medium","2022","3","Habiganj","G_winter_026","1",7.19,"532","2022_Habiganj"
"10940","2020","Medium","2022","3","Habiganj","G_winter_026","2",5.93,"533","2022_Habiganj"
"10941","2020","Medium","2022","3","Habiganj","G_winter_026","3",6.05,"534","2022_Habiganj"
"10942","2020","Medium","2022","3","Habiganj","G_winter_027","1",8.16,"535","2022_Habiganj"
"10943","2020","Medium","2022","3","Habiganj","G_winter_027","2",7.11,"536","2022_Habiganj"
"10944","2020","Medium","2022","3","Habiganj","G_winter_027","3",5.44,"537","2022_Habiganj"
"10993","2021","Medium","2022","4","Barishal","G_winter_028","1",4.22,"538","2022_Barishal"
"10994","2021","Medium","2022","4","Barishal","G_winter_028","2",4.34,"539","2022_Barishal"
"10995","2021","Medium","2022","4","Barishal","G_winter_028","3",3.69,"540","2022_Barishal"
"10948","1970","Medium","2022","4","Barishal","G_winter_013","1",3.92,"493","2022_Barishal"
"10949","1970","Medium","2022","4","Barishal","G_winter_013","2",4.49,"494","2022_Barishal"
"10950","1970","Medium","2022","4","Barishal","G_winter_013","3",4.15,"495","2022_Barishal"
"10951","1985","Medium","2022","4","Barishal","G_winter_014","1",4.49,"496","2022_Barishal"
"10952","1985","Medium","2022","4","Barishal","G_winter_014","2",2.82,"497","2022_Barishal"
"10953","1985","Medium","2022","4","Barishal","G_winter_014","3",2.68,"498","2022_Barishal"
"10954","1977","Medium","2022","4","Barishal","G_winter_015","1",4.93,"499","2022_Barishal"
"10955","1977","Medium","2022","4","Barishal","G_winter_015","2",3.87,"500","2022_Barishal"
"10956","1977","Medium","2022","4","Barishal","G_winter_015","3",4.84,"501","2022_Barishal"
"10957","1978","Medium","2022","4","Barishal","G_winter_016","1",4.55,"502","2022_Barishal"
"10958","1978","Medium","2022","4","Barishal","G_winter_016","2",4.04,"503","2022_Barishal"
"10959","1978","Medium","2022","4","Barishal","G_winter_016","3",5.33,"504","2022_Barishal"
"10960","1998","Medium","2022","4","Barishal","G_winter_017","1",4.78,"505","2022_Barishal"
"10961","1998","Medium","2022","4","Barishal","G_winter_017","2",4.45,"506","2022_Barishal"
"10962","1998","Medium","2022","4","Barishal","G_winter_017","3",5.08,"507","2022_Barishal"
"10963","2008","Medium","2022","4","Barishal","G_winter_018","1",5.43,"508","2022_Barishal"
"10964","2008","Medium","2022","4","Barishal","G_winter_018","2",4.16,"509","2022_Barishal"
"10965","2008","Medium","2022","4","Barishal","G_winter_018","3",5,"510","2022_Barishal"
"10966","2012","Medium","2022","4","Barishal","G_winter_019","1",5.31,"511","2022_Barishal"
"10967","2012","Medium","2022","4","Barishal","G_winter_019","2",5.35,"512","2022_Barishal"
"10968","2012","Medium","2022","4","Barishal","G_winter_019","3",3.99,"513","2022_Barishal"
"10969","2013","Medium","2022","4","Barishal","G_winter_020","1",5.73,"514","2022_Barishal"
"10970","2013","Medium","2022","4","Barishal","G_winter_020","2",5.01,"515","2022_Barishal"
"10971","2013","Medium","2022","4","Barishal","G_winter_020","3",5.05,"516","2022_Barishal"
"10972","2013","Medium","2022","4","Barishal","G_winter_021","1",4.11,"517","2022_Barishal"
"10973","2013","Medium","2022","4","Barishal","G_winter_021","2",4.34,"518","2022_Barishal"
"10974","2013","Medium","2022","4","Barishal","G_winter_021","3",3.61,"519","2022_Barishal"
"10975","2014","Medium","2022","4","Barishal","G_winter_022","1",4.69,"520","2022_Barishal"
"10976","2014","Medium","2022","4","Barishal","G_winter_022","2",4.61,"521","2022_Barishal"
"10977","2014","Medium","2022","4","Barishal","G_winter_022","3",4.69,"522","2022_Barishal"
"10978","2014","Medium","2022","4","Barishal","G_winter_023","1",5.13,"523","2022_Barishal"
"10979","2014","Medium","2022","4","Barishal","G_winter_023","2",4.48,"524","2022_Barishal"
"10980","2014","Medium","2022","4","Barishal","G_winter_023","3",4.51,"525","2022_Barishal"
"10981","2014","Medium","2022","4","Barishal","G_winter_024","1",6.21,"526","2022_Barishal"
"10982","2014","Medium","2022","4","Barishal","G_winter_024","2",5.44,"527","2022_Barishal"
"10983","2014","Medium","2022","4","Barishal","G_winter_024","3",5.08,"528","2022_Barishal"
"10984","2015","Medium","2022","4","Barishal","G_winter_025","1",4.59,"529","2022_Barishal"
"10985","2015","Medium","2022","4","Barishal","G_winter_025","2",5.01,"530","2022_Barishal"
"10986","2015","Medium","2022","4","Barishal","G_winter_025","3",4.68,"531","2022_Barishal"
"10987","2020","Medium","2022","4","Barishal","G_winter_026","1",4.41,"532","2022_Barishal"
"10988","2020","Medium","2022","4","Barishal","G_winter_026","2",4.48,"533","2022_Barishal"
"10989","2020","Medium","2022","4","Barishal","G_winter_026","3",4.55,"534","2022_Barishal"
"10990","2020","Medium","2022","4","Barishal","G_winter_027","1",5.89,"535","2022_Barishal"
"10991","2020","Medium","2022","4","Barishal","G_winter_027","2",4.08,"536","2022_Barishal"
"10992","2020","Medium","2022","4","Barishal","G_winter_027","3",5.27,"537","2022_Barishal"
"11041","2021","Medium","2022","4","Rajshahi","G_winter_028","1",7.68,"538","2022_Rajshahi"
"11042","2021","Medium","2022","4","Rajshahi","G_winter_028","2",5.91,"539","2022_Rajshahi"
"11043","2021","Medium","2022","4","Rajshahi","G_winter_028","3",6.86,"540","2022_Rajshahi"
"10996","1970","Medium","2022","4","Rajshahi","G_winter_013","1",5.35,"493","2022_Rajshahi"
"10997","1970","Medium","2022","4","Rajshahi","G_winter_013","2",5.47,"494","2022_Rajshahi"
"10998","1970","Medium","2022","4","Rajshahi","G_winter_013","3",5.56,"495","2022_Rajshahi"
"10999","1985","Medium","2022","4","Rajshahi","G_winter_014","1",3.72,"496","2022_Rajshahi"
"11000","1985","Medium","2022","4","Rajshahi","G_winter_014","2",3.31,"497","2022_Rajshahi"
"11001","1985","Medium","2022","4","Rajshahi","G_winter_014","3",4.57,"498","2022_Rajshahi"
"11002","1977","Medium","2022","4","Rajshahi","G_winter_015","1",5.39,"499","2022_Rajshahi"
"11003","1977","Medium","2022","4","Rajshahi","G_winter_015","2",5.59,"500","2022_Rajshahi"
"11004","1977","Medium","2022","4","Rajshahi","G_winter_015","3",6.26,"501","2022_Rajshahi"
"11005","1978","Medium","2022","4","Rajshahi","G_winter_016","1",5.5,"502","2022_Rajshahi"
"11006","1978","Medium","2022","4","Rajshahi","G_winter_016","2",5.99,"503","2022_Rajshahi"
"11007","1978","Medium","2022","4","Rajshahi","G_winter_016","3",6.82,"504","2022_Rajshahi"
"11008","1998","Medium","2022","4","Rajshahi","G_winter_017","1",5.24,"505","2022_Rajshahi"
"11009","1998","Medium","2022","4","Rajshahi","G_winter_017","2",4.47,"506","2022_Rajshahi"
"11010","1998","Medium","2022","4","Rajshahi","G_winter_017","3",5.66,"507","2022_Rajshahi"
"11011","2008","Medium","2022","4","Rajshahi","G_winter_018","1",5.46,"508","2022_Rajshahi"
"11012","2008","Medium","2022","4","Rajshahi","G_winter_018","2",5.63,"509","2022_Rajshahi"
"11013","2008","Medium","2022","4","Rajshahi","G_winter_018","3",5,"510","2022_Rajshahi"
"11014","2012","Medium","2022","4","Rajshahi","G_winter_019","1",6.67,"511","2022_Rajshahi"
"11015","2012","Medium","2022","4","Rajshahi","G_winter_019","2",6.26,"512","2022_Rajshahi"
"11016","2012","Medium","2022","4","Rajshahi","G_winter_019","3",6.62,"513","2022_Rajshahi"
"11017","2013","Medium","2022","4","Rajshahi","G_winter_020","1",5.71,"514","2022_Rajshahi"
"11018","2013","Medium","2022","4","Rajshahi","G_winter_020","2",4.74,"515","2022_Rajshahi"
"11019","2013","Medium","2022","4","Rajshahi","G_winter_020","3",5.17,"516","2022_Rajshahi"
"11020","2013","Medium","2022","4","Rajshahi","G_winter_021","1",6.14,"517","2022_Rajshahi"
"11021","2013","Medium","2022","4","Rajshahi","G_winter_021","2",5.79,"518","2022_Rajshahi"
"11022","2013","Medium","2022","4","Rajshahi","G_winter_021","3",5.92,"519","2022_Rajshahi"
"11023","2014","Medium","2022","4","Rajshahi","G_winter_022","1",5.65,"520","2022_Rajshahi"
"11024","2014","Medium","2022","4","Rajshahi","G_winter_022","2",5.19,"521","2022_Rajshahi"
"11025","2014","Medium","2022","4","Rajshahi","G_winter_022","3",5.89,"522","2022_Rajshahi"
"11026","2014","Medium","2022","4","Rajshahi","G_winter_023","1",6.29,"523","2022_Rajshahi"
"11027","2014","Medium","2022","4","Rajshahi","G_winter_023","2",5.74,"524","2022_Rajshahi"
"11028","2014","Medium","2022","4","Rajshahi","G_winter_023","3",6.96,"525","2022_Rajshahi"
"11029","2014","Medium","2022","4","Rajshahi","G_winter_024","1",6.48,"526","2022_Rajshahi"
"11030","2014","Medium","2022","4","Rajshahi","G_winter_024","2",5.44,"527","2022_Rajshahi"
"11031","2014","Medium","2022","4","Rajshahi","G_winter_024","3",6.38,"528","2022_Rajshahi"
"11032","2015","Medium","2022","4","Rajshahi","G_winter_025","1",7.13,"529","2022_Rajshahi"
"11033","2015","Medium","2022","4","Rajshahi","G_winter_025","2",6.93,"530","2022_Rajshahi"
"11034","2015","Medium","2022","4","Rajshahi","G_winter_025","3",6.9,"531","2022_Rajshahi"
"11035","2020","Medium","2022","4","Rajshahi","G_winter_026","1",6.14,"532","2022_Rajshahi"
"11036","2020","Medium","2022","4","Rajshahi","G_winter_026","2",6.57,"533","2022_Rajshahi"
"11037","2020","Medium","2022","4","Rajshahi","G_winter_026","3",6.58,"534","2022_Rajshahi"
"11038","2020","Medium","2022","4","Rajshahi","G_winter_027","1",5.9,"535","2022_Rajshahi"
"11039","2020","Medium","2022","4","Rajshahi","G_winter_027","2",6.04,"536","2022_Rajshahi"
"11040","2020","Medium","2022","4","Rajshahi","G_winter_027","3",5.72,"537","2022_Rajshahi"
"11092","2021","Medium","2023","1","Bhanga","G_winter_028","1",7.9,"589","2023_Bhanga"
"11093","2021","Medium","2023","1","Bhanga","G_winter_028","2",8.29,"590","2023_Bhanga"
"11094","2021","Medium","2023","1","Bhanga","G_winter_028","3",8.75,"591","2023_Bhanga"
"11044","1970","Medium","2023","1","Bhanga","G_winter_013","1",6.47,"541","2023_Bhanga"
"11045","1970","Medium","2023","1","Bhanga","G_winter_013","2",6.45,"542","2023_Bhanga"
"11046","1970","Medium","2023","1","Bhanga","G_winter_013","3",6.54,"543","2023_Bhanga"
"11047","1985","Medium","2023","1","Bhanga","G_winter_014","1",6.29,"544","2023_Bhanga"
"11048","1985","Medium","2023","1","Bhanga","G_winter_014","2",6.28,"545","2023_Bhanga"
"11049","1985","Medium","2023","1","Bhanga","G_winter_014","3",5.61,"546","2023_Bhanga"
"11050","1977","Medium","2023","1","Bhanga","G_winter_015","1",6.01,"547","2023_Bhanga"
"11051","1977","Medium","2023","1","Bhanga","G_winter_015","2",5.85,"548","2023_Bhanga"
"11052","1977","Medium","2023","1","Bhanga","G_winter_015","3",6.05,"549","2023_Bhanga"
"11053","1978","Medium","2023","1","Bhanga","G_winter_016","1",6.2,"550","2023_Bhanga"
"11054","1978","Medium","2023","1","Bhanga","G_winter_016","2",5.63,"551","2023_Bhanga"
"11055","1978","Medium","2023","1","Bhanga","G_winter_016","3",5.65,"552","2023_Bhanga"
"11056","2022","Medium","2023","1","Bhanga","G_winter_029","1",8.77,"553","2023_Bhanga"
"11057","2022","Medium","2023","1","Bhanga","G_winter_029","2",8.34,"554","2023_Bhanga"
"11058","2022","Medium","2023","1","Bhanga","G_winter_029","3",7.88,"555","2023_Bhanga"
"11059","1998","Medium","2023","1","Bhanga","G_winter_017","1",6.09,"556","2023_Bhanga"
"11060","1998","Medium","2023","1","Bhanga","G_winter_017","2",6.66,"557","2023_Bhanga"
"11061","1998","Medium","2023","1","Bhanga","G_winter_017","3",5.89,"558","2023_Bhanga"
"11062","2008","Medium","2023","1","Bhanga","G_winter_018","1",6.45,"559","2023_Bhanga"
"11063","2008","Medium","2023","1","Bhanga","G_winter_018","2",5.23,"560","2023_Bhanga"
"11064","2008","Medium","2023","1","Bhanga","G_winter_018","3",6.78,"561","2023_Bhanga"
"11065","2012","Medium","2023","1","Bhanga","G_winter_019","1",7.9,"562","2023_Bhanga"
"11066","2012","Medium","2023","1","Bhanga","G_winter_019","2",7.93,"563","2023_Bhanga"
"11067","2012","Medium","2023","1","Bhanga","G_winter_019","3",8.08,"564","2023_Bhanga"
"11068","2013","Medium","2023","1","Bhanga","G_winter_020","1",7.25,"565","2023_Bhanga"
"11069","2013","Medium","2023","1","Bhanga","G_winter_020","2",7.75,"566","2023_Bhanga"
"11070","2013","Medium","2023","1","Bhanga","G_winter_020","3",7.07,"567","2023_Bhanga"
"11071","2013","Medium","2023","1","Bhanga","G_winter_021","1",7.28,"568","2023_Bhanga"
"11072","2013","Medium","2023","1","Bhanga","G_winter_021","2",7.18,"569","2023_Bhanga"
"11073","2013","Medium","2023","1","Bhanga","G_winter_021","3",6.94,"570","2023_Bhanga"
"11074","2014","Medium","2023","1","Bhanga","G_winter_022","1",7.8,"571","2023_Bhanga"
"11075","2014","Medium","2023","1","Bhanga","G_winter_022","2",5.95,"572","2023_Bhanga"
"11076","2014","Medium","2023","1","Bhanga","G_winter_022","3",7.27,"573","2023_Bhanga"
"11077","2014","Medium","2023","1","Bhanga","G_winter_023","1",6.97,"574","2023_Bhanga"
"11078","2014","Medium","2023","1","Bhanga","G_winter_023","2",6.79,"575","2023_Bhanga"
"11079","2014","Medium","2023","1","Bhanga","G_winter_023","3",7.19,"576","2023_Bhanga"
"11080","2014","Medium","2023","1","Bhanga","G_winter_024","1",7.16,"577","2023_Bhanga"
"11081","2014","Medium","2023","1","Bhanga","G_winter_024","2",7.4,"578","2023_Bhanga"
"11082","2014","Medium","2023","1","Bhanga","G_winter_024","3",5.93,"579","2023_Bhanga"
"11083","2015","Medium","2023","1","Bhanga","G_winter_025","1",7.89,"580","2023_Bhanga"
"11084","2015","Medium","2023","1","Bhanga","G_winter_025","2",7.82,"581","2023_Bhanga"
"11085","2015","Medium","2023","1","Bhanga","G_winter_025","3",7.79,"582","2023_Bhanga"
"11086","2020","Medium","2023","1","Bhanga","G_winter_026","1",6.09,"583","2023_Bhanga"
"11087","2020","Medium","2023","1","Bhanga","G_winter_026","2",5.18,"584","2023_Bhanga"
"11088","2020","Medium","2023","1","Bhanga","G_winter_026","3",6.79,"585","2023_Bhanga"
"11089","2020","Medium","2023","1","Bhanga","G_winter_027","1",8.25,"586","2023_Bhanga"
"11090","2020","Medium","2023","1","Bhanga","G_winter_027","2",8.83,"587","2023_Bhanga"
"11091","2020","Medium","2023","1","Bhanga","G_winter_027","3",8.73,"588","2023_Bhanga"
"11143","2021","Medium","2023","1","Cumilla","G_winter_028","1",7.14,"589","2023_Cumilla"
"11144","2021","Medium","2023","1","Cumilla","G_winter_028","2",5.56,"590","2023_Cumilla"
"11145","2021","Medium","2023","1","Cumilla","G_winter_028","3",7.25,"591","2023_Cumilla"
"11095","1970","Medium","2023","1","Cumilla","G_winter_013","1",6.07,"541","2023_Cumilla"
"11096","1970","Medium","2023","1","Cumilla","G_winter_013","2",5.78,"542","2023_Cumilla"
"11097","1970","Medium","2023","1","Cumilla","G_winter_013","3",5.56,"543","2023_Cumilla"
"11098","1985","Medium","2023","1","Cumilla","G_winter_014","1",2.59,"544","2023_Cumilla"
"11099","1985","Medium","2023","1","Cumilla","G_winter_014","2",7.68,"545","2023_Cumilla"
"11100","1985","Medium","2023","1","Cumilla","G_winter_014","3",6.8,"546","2023_Cumilla"
"11101","1977","Medium","2023","1","Cumilla","G_winter_015","1",6.39,"547","2023_Cumilla"
"11102","1977","Medium","2023","1","Cumilla","G_winter_015","2",5.42,"548","2023_Cumilla"
"11103","1977","Medium","2023","1","Cumilla","G_winter_015","3",5.57,"549","2023_Cumilla"
"11104","1978","Medium","2023","1","Cumilla","G_winter_016","1",5.59,"550","2023_Cumilla"
"11105","1978","Medium","2023","1","Cumilla","G_winter_016","2",5.56,"551","2023_Cumilla"
"11106","1978","Medium","2023","1","Cumilla","G_winter_016","3",5.9,"552","2023_Cumilla"
"11107","2022","Medium","2023","1","Cumilla","G_winter_029","1",7.51,"553","2023_Cumilla"
"11108","2022","Medium","2023","1","Cumilla","G_winter_029","2",4.55,"554","2023_Cumilla"
"11109","2022","Medium","2023","1","Cumilla","G_winter_029","3",7.77,"555","2023_Cumilla"
"11110","1998","Medium","2023","1","Cumilla","G_winter_017","1",6.84,"556","2023_Cumilla"
"11111","1998","Medium","2023","1","Cumilla","G_winter_017","2",6.54,"557","2023_Cumilla"
"11112","1998","Medium","2023","1","Cumilla","G_winter_017","3",6.7,"558","2023_Cumilla"
"11113","2008","Medium","2023","1","Cumilla","G_winter_018","1",4.11,"559","2023_Cumilla"
"11114","2008","Medium","2023","1","Cumilla","G_winter_018","2",4.34,"560","2023_Cumilla"
"11115","2008","Medium","2023","1","Cumilla","G_winter_018","3",5.01,"561","2023_Cumilla"
"11116","2012","Medium","2023","1","Cumilla","G_winter_019","1",5.53,"562","2023_Cumilla"
"11117","2012","Medium","2023","1","Cumilla","G_winter_019","2",6.16,"563","2023_Cumilla"
"11118","2012","Medium","2023","1","Cumilla","G_winter_019","3",6.69,"564","2023_Cumilla"
"11119","2013","Medium","2023","1","Cumilla","G_winter_020","1",6.44,"565","2023_Cumilla"
"11120","2013","Medium","2023","1","Cumilla","G_winter_020","2",7.16,"566","2023_Cumilla"
"11121","2013","Medium","2023","1","Cumilla","G_winter_020","3",6.26,"567","2023_Cumilla"
"11122","2013","Medium","2023","1","Cumilla","G_winter_021","1",5.6,"568","2023_Cumilla"
"11123","2013","Medium","2023","1","Cumilla","G_winter_021","2",6.92,"569","2023_Cumilla"
"11124","2013","Medium","2023","1","Cumilla","G_winter_021","3",6.96,"570","2023_Cumilla"
"11125","2014","Medium","2023","1","Cumilla","G_winter_022","1",4.5,"571","2023_Cumilla"
"11126","2014","Medium","2023","1","Cumilla","G_winter_022","2",5.38,"572","2023_Cumilla"
"11127","2014","Medium","2023","1","Cumilla","G_winter_022","3",5.43,"573","2023_Cumilla"
"11128","2014","Medium","2023","1","Cumilla","G_winter_023","1",7.46,"574","2023_Cumilla"
"11129","2014","Medium","2023","1","Cumilla","G_winter_023","2",6.21,"575","2023_Cumilla"
"11130","2014","Medium","2023","1","Cumilla","G_winter_023","3",7.32,"576","2023_Cumilla"
"11131","2014","Medium","2023","1","Cumilla","G_winter_024","1",5.79,"577","2023_Cumilla"
"11132","2014","Medium","2023","1","Cumilla","G_winter_024","2",5.2,"578","2023_Cumilla"
"11133","2014","Medium","2023","1","Cumilla","G_winter_024","3",5.43,"579","2023_Cumilla"
"11134","2015","Medium","2023","1","Cumilla","G_winter_025","1",7.31,"580","2023_Cumilla"
"11135","2015","Medium","2023","1","Cumilla","G_winter_025","2",8.24,"581","2023_Cumilla"
"11136","2015","Medium","2023","1","Cumilla","G_winter_025","3",6.27,"582","2023_Cumilla"
"11137","2020","Medium","2023","1","Cumilla","G_winter_026","1",7.68,"583","2023_Cumilla"
"11138","2020","Medium","2023","1","Cumilla","G_winter_026","2",7.37,"584","2023_Cumilla"
"11139","2020","Medium","2023","1","Cumilla","G_winter_026","3",6,"585","2023_Cumilla"
"11140","2020","Medium","2023","1","Cumilla","G_winter_027","1",6.92,"586","2023_Cumilla"
"11141","2020","Medium","2023","1","Cumilla","G_winter_027","2",4.34,"587","2023_Cumilla"
"11142","2020","Medium","2023","1","Cumilla","G_winter_027","3",8.61,"588","2023_Cumilla"
"11194","2021","Medium","2023","1","Rangpur","G_winter_028","1",7.79,"589","2023_Rangpur"
"11195","2021","Medium","2023","1","Rangpur","G_winter_028","2",7.43,"590","2023_Rangpur"
"11196","2021","Medium","2023","1","Rangpur","G_winter_028","3",7.13,"591","2023_Rangpur"
"11146","1970","Medium","2023","1","Rangpur","G_winter_013","1",5.42,"541","2023_Rangpur"
"11147","1970","Medium","2023","1","Rangpur","G_winter_013","2",5.61,"542","2023_Rangpur"
"11148","1970","Medium","2023","1","Rangpur","G_winter_013","3",6.45,"543","2023_Rangpur"
"11149","1985","Medium","2023","1","Rangpur","G_winter_014","1",3.5,"544","2023_Rangpur"
"11150","1985","Medium","2023","1","Rangpur","G_winter_014","2",4.55,"545","2023_Rangpur"
"11151","1985","Medium","2023","1","Rangpur","G_winter_014","3",4.95,"546","2023_Rangpur"
"11152","1977","Medium","2023","1","Rangpur","G_winter_015","1",8.06,"547","2023_Rangpur"
"11153","1977","Medium","2023","1","Rangpur","G_winter_015","2",8.01,"548","2023_Rangpur"
"11154","1977","Medium","2023","1","Rangpur","G_winter_015","3",6,"549","2023_Rangpur"
"11155","1978","Medium","2023","1","Rangpur","G_winter_016","1",6.62,"550","2023_Rangpur"
"11156","1978","Medium","2023","1","Rangpur","G_winter_016","2",7.35,"551","2023_Rangpur"
"11157","1978","Medium","2023","1","Rangpur","G_winter_016","3",7.12,"552","2023_Rangpur"
"11158","2022","Medium","2023","1","Rangpur","G_winter_029","1",6.78,"553","2023_Rangpur"
"11159","2022","Medium","2023","1","Rangpur","G_winter_029","2",8.26,"554","2023_Rangpur"
"11160","2022","Medium","2023","1","Rangpur","G_winter_029","3",8.94,"555","2023_Rangpur"
"11161","1998","Medium","2023","1","Rangpur","G_winter_017","1",7.95,"556","2023_Rangpur"
"11162","1998","Medium","2023","1","Rangpur","G_winter_017","2",7.01,"557","2023_Rangpur"
"11163","1998","Medium","2023","1","Rangpur","G_winter_017","3",7.93,"558","2023_Rangpur"
"11164","2008","Medium","2023","1","Rangpur","G_winter_018","1",5.81,"559","2023_Rangpur"
"11165","2008","Medium","2023","1","Rangpur","G_winter_018","2",6,"560","2023_Rangpur"
"11166","2008","Medium","2023","1","Rangpur","G_winter_018","3",5.71,"561","2023_Rangpur"
"11167","2012","Medium","2023","1","Rangpur","G_winter_019","1",7.18,"562","2023_Rangpur"
"11168","2012","Medium","2023","1","Rangpur","G_winter_019","2",7.28,"563","2023_Rangpur"
"11169","2012","Medium","2023","1","Rangpur","G_winter_019","3",8.61,"564","2023_Rangpur"
"11170","2013","Medium","2023","1","Rangpur","G_winter_020","1",4.72,"565","2023_Rangpur"
"11171","2013","Medium","2023","1","Rangpur","G_winter_020","2",4.2,"566","2023_Rangpur"
"11172","2013","Medium","2023","1","Rangpur","G_winter_020","3",5.65,"567","2023_Rangpur"
"11173","2013","Medium","2023","1","Rangpur","G_winter_021","1",5.34,"568","2023_Rangpur"
"11174","2013","Medium","2023","1","Rangpur","G_winter_021","2",5.89,"569","2023_Rangpur"
"11175","2013","Medium","2023","1","Rangpur","G_winter_021","3",4.95,"570","2023_Rangpur"
"11176","2014","Medium","2023","1","Rangpur","G_winter_022","1",4.04,"571","2023_Rangpur"
"11177","2014","Medium","2023","1","Rangpur","G_winter_022","2",4.17,"572","2023_Rangpur"
"11178","2014","Medium","2023","1","Rangpur","G_winter_022","3",5.28,"573","2023_Rangpur"
"11179","2014","Medium","2023","1","Rangpur","G_winter_023","1",5.44,"574","2023_Rangpur"
"11180","2014","Medium","2023","1","Rangpur","G_winter_023","2",4.94,"575","2023_Rangpur"
"11181","2014","Medium","2023","1","Rangpur","G_winter_023","3",4.79,"576","2023_Rangpur"
"11182","2014","Medium","2023","1","Rangpur","G_winter_024","1",7.2,"577","2023_Rangpur"
"11183","2014","Medium","2023","1","Rangpur","G_winter_024","2",8.13,"578","2023_Rangpur"
"11184","2014","Medium","2023","1","Rangpur","G_winter_024","3",8.21,"579","2023_Rangpur"
"11185","2015","Medium","2023","1","Rangpur","G_winter_025","1",6.94,"580","2023_Rangpur"
"11186","2015","Medium","2023","1","Rangpur","G_winter_025","2",6.58,"581","2023_Rangpur"
"11187","2015","Medium","2023","1","Rangpur","G_winter_025","3",7.68,"582","2023_Rangpur"
"11188","2020","Medium","2023","1","Rangpur","G_winter_026","1",8.92,"583","2023_Rangpur"
"11189","2020","Medium","2023","1","Rangpur","G_winter_026","2",7.95,"584","2023_Rangpur"
"11190","2020","Medium","2023","1","Rangpur","G_winter_026","3",7.31,"585","2023_Rangpur"
"11191","2020","Medium","2023","1","Rangpur","G_winter_027","1",8.49,"586","2023_Rangpur"
"11192","2020","Medium","2023","1","Rangpur","G_winter_027","2",6.35,"587","2023_Rangpur"
"11193","2020","Medium","2023","1","Rangpur","G_winter_027","3",7.24,"588","2023_Rangpur"
"11245","2021","Medium","2023","2","Kushtia","G_winter_028","1",4.79,"589","2023_Kushtia"
"11246","2021","Medium","2023","2","Kushtia","G_winter_028","2",4.71,"590","2023_Kushtia"
"11247","2021","Medium","2023","2","Kushtia","G_winter_028","3",4.21,"591","2023_Kushtia"
"11197","1970","Medium","2023","2","Kushtia","G_winter_013","1",5.85,"541","2023_Kushtia"
"11198","1970","Medium","2023","2","Kushtia","G_winter_013","2",5.38,"542","2023_Kushtia"
"11199","1970","Medium","2023","2","Kushtia","G_winter_013","3",5.56,"543","2023_Kushtia"
"11200","1985","Medium","2023","2","Kushtia","G_winter_014","1",4.08,"544","2023_Kushtia"
"11201","1985","Medium","2023","2","Kushtia","G_winter_014","2",3.83,"545","2023_Kushtia"
"11202","1985","Medium","2023","2","Kushtia","G_winter_014","3",3.33,"546","2023_Kushtia"
"11203","1977","Medium","2023","2","Kushtia","G_winter_015","1",6.02,"547","2023_Kushtia"
"11204","1977","Medium","2023","2","Kushtia","G_winter_015","2",6.34,"548","2023_Kushtia"
"11205","1977","Medium","2023","2","Kushtia","G_winter_015","3",6.14,"549","2023_Kushtia"
"11206","1978","Medium","2023","2","Kushtia","G_winter_016","1",6.12,"550","2023_Kushtia"
"11207","1978","Medium","2023","2","Kushtia","G_winter_016","2",6.53,"551","2023_Kushtia"
"11208","1978","Medium","2023","2","Kushtia","G_winter_016","3",6.08,"552","2023_Kushtia"
"11209","2022","Medium","2023","2","Kushtia","G_winter_029","1",5.93,"553","2023_Kushtia"
"11210","2022","Medium","2023","2","Kushtia","G_winter_029","2",6.68,"554","2023_Kushtia"
"11211","2022","Medium","2023","2","Kushtia","G_winter_029","3",5.45,"555","2023_Kushtia"
"11212","1998","Medium","2023","2","Kushtia","G_winter_017","1",5.33,"556","2023_Kushtia"
"11213","1998","Medium","2023","2","Kushtia","G_winter_017","2",6.09,"557","2023_Kushtia"
"11214","1998","Medium","2023","2","Kushtia","G_winter_017","3",4.79,"558","2023_Kushtia"
"11215","2008","Medium","2023","2","Kushtia","G_winter_018","1",5.05,"559","2023_Kushtia"
"11216","2008","Medium","2023","2","Kushtia","G_winter_018","2",5.14,"560","2023_Kushtia"
"11217","2008","Medium","2023","2","Kushtia","G_winter_018","3",4.36,"561","2023_Kushtia"
"11218","2012","Medium","2023","2","Kushtia","G_winter_019","1",6.97,"562","2023_Kushtia"
"11219","2012","Medium","2023","2","Kushtia","G_winter_019","2",6.07,"563","2023_Kushtia"
"11220","2012","Medium","2023","2","Kushtia","G_winter_019","3",6.94,"564","2023_Kushtia"
"11221","2013","Medium","2023","2","Kushtia","G_winter_020","1",6,"565","2023_Kushtia"
"11222","2013","Medium","2023","2","Kushtia","G_winter_020","2",5.58,"566","2023_Kushtia"
"11223","2013","Medium","2023","2","Kushtia","G_winter_020","3",4.23,"567","2023_Kushtia"
"11224","2013","Medium","2023","2","Kushtia","G_winter_021","1",5.67,"568","2023_Kushtia"
"11225","2013","Medium","2023","2","Kushtia","G_winter_021","2",4.76,"569","2023_Kushtia"
"11226","2013","Medium","2023","2","Kushtia","G_winter_021","3",4.39,"570","2023_Kushtia"
"11227","2014","Medium","2023","2","Kushtia","G_winter_022","1",4.34,"571","2023_Kushtia"
"11228","2014","Medium","2023","2","Kushtia","G_winter_022","2",4.04,"572","2023_Kushtia"
"11229","2014","Medium","2023","2","Kushtia","G_winter_022","3",3.65,"573","2023_Kushtia"
"11230","2014","Medium","2023","2","Kushtia","G_winter_023","1",5.31,"574","2023_Kushtia"
"11231","2014","Medium","2023","2","Kushtia","G_winter_023","2",5.08,"575","2023_Kushtia"
"11232","2014","Medium","2023","2","Kushtia","G_winter_023","3",4.68,"576","2023_Kushtia"
"11233","2014","Medium","2023","2","Kushtia","G_winter_024","1",6.18,"577","2023_Kushtia"
"11234","2014","Medium","2023","2","Kushtia","G_winter_024","2",5.26,"578","2023_Kushtia"
"11235","2014","Medium","2023","2","Kushtia","G_winter_024","3",4.81,"579","2023_Kushtia"
"11236","2015","Medium","2023","2","Kushtia","G_winter_025","1",5.21,"580","2023_Kushtia"
"11237","2015","Medium","2023","2","Kushtia","G_winter_025","2",5.39,"581","2023_Kushtia"
"11238","2015","Medium","2023","2","Kushtia","G_winter_025","3",4.33,"582","2023_Kushtia"
"11239","2020","Medium","2023","2","Kushtia","G_winter_026","1",5.63,"583","2023_Kushtia"
"11240","2020","Medium","2023","2","Kushtia","G_winter_026","2",5.19,"584","2023_Kushtia"
"11241","2020","Medium","2023","2","Kushtia","G_winter_026","3",4.38,"585","2023_Kushtia"
"11242","2020","Medium","2023","2","Kushtia","G_winter_027","1",6.89,"586","2023_Kushtia"
"11243","2020","Medium","2023","2","Kushtia","G_winter_027","2",7.01,"587","2023_Kushtia"
"11244","2020","Medium","2023","2","Kushtia","G_winter_027","3",6.86,"588","2023_Kushtia"
"11296","2021","Medium","2023","2","Satkhira","G_winter_028","1",6.45,"589","2023_Satkhira"
"11297","2021","Medium","2023","2","Satkhira","G_winter_028","2",6.51,"590","2023_Satkhira"
"11298","2021","Medium","2023","2","Satkhira","G_winter_028","3",6.45,"591","2023_Satkhira"
"11248","1970","Medium","2023","2","Satkhira","G_winter_013","1",5.78,"541","2023_Satkhira"
"11249","1970","Medium","2023","2","Satkhira","G_winter_013","2",5.51,"542","2023_Satkhira"
"11250","1970","Medium","2023","2","Satkhira","G_winter_013","3",5.42,"543","2023_Satkhira"
"11251","1985","Medium","2023","2","Satkhira","G_winter_014","1",4.33,"544","2023_Satkhira"
"11252","1985","Medium","2023","2","Satkhira","G_winter_014","2",3.58,"545","2023_Satkhira"
"11253","1985","Medium","2023","2","Satkhira","G_winter_014","3",4.01,"546","2023_Satkhira"
"11254","1977","Medium","2023","2","Satkhira","G_winter_015","1",5.79,"547","2023_Satkhira"
"11255","1977","Medium","2023","2","Satkhira","G_winter_015","2",6.03,"548","2023_Satkhira"
"11256","1977","Medium","2023","2","Satkhira","G_winter_015","3",5.43,"549","2023_Satkhira"
"11257","1978","Medium","2023","2","Satkhira","G_winter_016","1",4.96,"550","2023_Satkhira"
"11258","1978","Medium","2023","2","Satkhira","G_winter_016","2",5.05,"551","2023_Satkhira"
"11259","1978","Medium","2023","2","Satkhira","G_winter_016","3",5.21,"552","2023_Satkhira"
"11260","2022","Medium","2023","2","Satkhira","G_winter_029","1",7.78,"553","2023_Satkhira"
"11261","2022","Medium","2023","2","Satkhira","G_winter_029","2",7.28,"554","2023_Satkhira"
"11262","2022","Medium","2023","2","Satkhira","G_winter_029","3",7.65,"555","2023_Satkhira"
"11263","1998","Medium","2023","2","Satkhira","G_winter_017","1",5.6,"556","2023_Satkhira"
"11264","1998","Medium","2023","2","Satkhira","G_winter_017","2",5.33,"557","2023_Satkhira"
"11265","1998","Medium","2023","2","Satkhira","G_winter_017","3",5.59,"558","2023_Satkhira"
"11266","2008","Medium","2023","2","Satkhira","G_winter_018","1",5.59,"559","2023_Satkhira"
"11267","2008","Medium","2023","2","Satkhira","G_winter_018","2",5.98,"560","2023_Satkhira"
"11268","2008","Medium","2023","2","Satkhira","G_winter_018","3",5.76,"561","2023_Satkhira"
"11269","2012","Medium","2023","2","Satkhira","G_winter_019","1",4.11,"562","2023_Satkhira"
"11270","2012","Medium","2023","2","Satkhira","G_winter_019","2",4.58,"563","2023_Satkhira"
"11271","2012","Medium","2023","2","Satkhira","G_winter_019","3",4.65,"564","2023_Satkhira"
"11272","2013","Medium","2023","2","Satkhira","G_winter_020","1",4.54,"565","2023_Satkhira"
"11273","2013","Medium","2023","2","Satkhira","G_winter_020","2",5.04,"566","2023_Satkhira"
"11274","2013","Medium","2023","2","Satkhira","G_winter_020","3",4.07,"567","2023_Satkhira"
"11275","2013","Medium","2023","2","Satkhira","G_winter_021","1",5.27,"568","2023_Satkhira"
"11276","2013","Medium","2023","2","Satkhira","G_winter_021","2",5.34,"569","2023_Satkhira"
"11277","2013","Medium","2023","2","Satkhira","G_winter_021","3",5.2,"570","2023_Satkhira"
"11278","2014","Medium","2023","2","Satkhira","G_winter_022","1",4.85,"571","2023_Satkhira"
"11279","2014","Medium","2023","2","Satkhira","G_winter_022","2",4.64,"572","2023_Satkhira"
"11280","2014","Medium","2023","2","Satkhira","G_winter_022","3",4.29,"573","2023_Satkhira"
"11281","2014","Medium","2023","2","Satkhira","G_winter_023","1",5.68,"574","2023_Satkhira"
"11282","2014","Medium","2023","2","Satkhira","G_winter_023","2",5.89,"575","2023_Satkhira"
"11283","2014","Medium","2023","2","Satkhira","G_winter_023","3",5.44,"576","2023_Satkhira"
"11284","2014","Medium","2023","2","Satkhira","G_winter_024","1",7.41,"577","2023_Satkhira"
"11285","2014","Medium","2023","2","Satkhira","G_winter_024","2",6.71,"578","2023_Satkhira"
"11286","2014","Medium","2023","2","Satkhira","G_winter_024","3",6.67,"579","2023_Satkhira"
"11287","2015","Medium","2023","2","Satkhira","G_winter_025","1",4.92,"580","2023_Satkhira"
"11288","2015","Medium","2023","2","Satkhira","G_winter_025","2",4.6,"581","2023_Satkhira"
"11289","2015","Medium","2023","2","Satkhira","G_winter_025","3",4.36,"582","2023_Satkhira"
"11290","2020","Medium","2023","2","Satkhira","G_winter_026","1",7.39,"583","2023_Satkhira"
"11291","2020","Medium","2023","2","Satkhira","G_winter_026","2",7.41,"584","2023_Satkhira"
"11292","2020","Medium","2023","2","Satkhira","G_winter_026","3",7.33,"585","2023_Satkhira"
"11293","2020","Medium","2023","2","Satkhira","G_winter_027","1",6.71,"586","2023_Satkhira"
"11294","2020","Medium","2023","2","Satkhira","G_winter_027","2",6.67,"587","2023_Satkhira"
"11295","2020","Medium","2023","2","Satkhira","G_winter_027","3",6.87,"588","2023_Satkhira"
"11347","2021","Medium","2023","3","Gazipur","G_winter_028","1",7.35,"589","2023_Gazipur"
"11348","2021","Medium","2023","3","Gazipur","G_winter_028","2",7.5,"590","2023_Gazipur"
"11349","2021","Medium","2023","3","Gazipur","G_winter_028","3",6.25,"591","2023_Gazipur"
"11299","1970","Medium","2023","3","Gazipur","G_winter_013","1",7.03,"541","2023_Gazipur"
"11300","1970","Medium","2023","3","Gazipur","G_winter_013","2",6.25,"542","2023_Gazipur"
"11301","1970","Medium","2023","3","Gazipur","G_winter_013","3",5.15,"543","2023_Gazipur"
"11302","1985","Medium","2023","3","Gazipur","G_winter_014","1",3.79,"544","2023_Gazipur"
"11303","1985","Medium","2023","3","Gazipur","G_winter_014","2",3.38,"545","2023_Gazipur"
"11304","1985","Medium","2023","3","Gazipur","G_winter_014","3",3.34,"546","2023_Gazipur"
"11305","1977","Medium","2023","3","Gazipur","G_winter_015","1",6.17,"547","2023_Gazipur"
"11306","1977","Medium","2023","3","Gazipur","G_winter_015","2",3.81,"548","2023_Gazipur"
"11307","1977","Medium","2023","3","Gazipur","G_winter_015","3",5.63,"549","2023_Gazipur"
"11308","1978","Medium","2023","3","Gazipur","G_winter_016","1",7.12,"550","2023_Gazipur"
"11309","1978","Medium","2023","3","Gazipur","G_winter_016","2",6.4,"551","2023_Gazipur"
"11310","1978","Medium","2023","3","Gazipur","G_winter_016","3",6.05,"552","2023_Gazipur"
"11311","2022","Medium","2023","3","Gazipur","G_winter_029","1",6.77,"553","2023_Gazipur"
"11312","2022","Medium","2023","3","Gazipur","G_winter_029","2",7.12,"554","2023_Gazipur"
"11313","2022","Medium","2023","3","Gazipur","G_winter_029","3",6.28,"555","2023_Gazipur"
"11314","1998","Medium","2023","3","Gazipur","G_winter_017","1",6.06,"556","2023_Gazipur"
"11315","1998","Medium","2023","3","Gazipur","G_winter_017","2",6.05,"557","2023_Gazipur"
"11316","1998","Medium","2023","3","Gazipur","G_winter_017","3",6.17,"558","2023_Gazipur"
"11317","2008","Medium","2023","3","Gazipur","G_winter_018","1",6.21,"559","2023_Gazipur"
"11318","2008","Medium","2023","3","Gazipur","G_winter_018","2",5.58,"560","2023_Gazipur"
"11319","2008","Medium","2023","3","Gazipur","G_winter_018","3",5.97,"561","2023_Gazipur"
"11320","2012","Medium","2023","3","Gazipur","G_winter_019","1",7.67,"562","2023_Gazipur"
"11321","2012","Medium","2023","3","Gazipur","G_winter_019","2",6.17,"563","2023_Gazipur"
"11322","2012","Medium","2023","3","Gazipur","G_winter_019","3",6.7,"564","2023_Gazipur"
"11323","2013","Medium","2023","3","Gazipur","G_winter_020","1",6.26,"565","2023_Gazipur"
"11324","2013","Medium","2023","3","Gazipur","G_winter_020","2",5.99,"566","2023_Gazipur"
"11325","2013","Medium","2023","3","Gazipur","G_winter_020","3",5.55,"567","2023_Gazipur"
"11326","2013","Medium","2023","3","Gazipur","G_winter_021","1",7.51,"568","2023_Gazipur"
"11327","2013","Medium","2023","3","Gazipur","G_winter_021","2",7.43,"569","2023_Gazipur"
"11328","2013","Medium","2023","3","Gazipur","G_winter_021","3",6.11,"570","2023_Gazipur"
"11329","2014","Medium","2023","3","Gazipur","G_winter_022","1",6.37,"571","2023_Gazipur"
"11330","2014","Medium","2023","3","Gazipur","G_winter_022","2",6.27,"572","2023_Gazipur"
"11331","2014","Medium","2023","3","Gazipur","G_winter_022","3",6.24,"573","2023_Gazipur"
"11332","2014","Medium","2023","3","Gazipur","G_winter_023","1",7.54,"574","2023_Gazipur"
"11333","2014","Medium","2023","3","Gazipur","G_winter_023","2",7.39,"575","2023_Gazipur"
"11334","2014","Medium","2023","3","Gazipur","G_winter_023","3",7.34,"576","2023_Gazipur"
"11335","2014","Medium","2023","3","Gazipur","G_winter_024","1",6.48,"577","2023_Gazipur"
"11336","2014","Medium","2023","3","Gazipur","G_winter_024","2",6.85,"578","2023_Gazipur"
"11337","2014","Medium","2023","3","Gazipur","G_winter_024","3",6.67,"579","2023_Gazipur"
"11338","2015","Medium","2023","3","Gazipur","G_winter_025","1",7.25,"580","2023_Gazipur"
"11339","2015","Medium","2023","3","Gazipur","G_winter_025","2",6.63,"581","2023_Gazipur"
"11340","2015","Medium","2023","3","Gazipur","G_winter_025","3",6.11,"582","2023_Gazipur"
"11341","2020","Medium","2023","3","Gazipur","G_winter_026","1",7.7,"583","2023_Gazipur"
"11342","2020","Medium","2023","3","Gazipur","G_winter_026","2",8.2,"584","2023_Gazipur"
"11343","2020","Medium","2023","3","Gazipur","G_winter_026","3",7.33,"585","2023_Gazipur"
"11344","2020","Medium","2023","3","Gazipur","G_winter_027","1",7.28,"586","2023_Gazipur"
"11345","2020","Medium","2023","3","Gazipur","G_winter_027","2",7.03,"587","2023_Gazipur"
"11346","2020","Medium","2023","3","Gazipur","G_winter_027","3",6.72,"588","2023_Gazipur"
"11398","2021","Medium","2023","3","Habiganj","G_winter_028","1",6.67,"589","2023_Habiganj"
"11399","2021","Medium","2023","3","Habiganj","G_winter_028","2",6.44,"590","2023_Habiganj"
"11400","2021","Medium","2023","3","Habiganj","G_winter_028","3",7.1,"591","2023_Habiganj"
"11350","1970","Medium","2023","3","Habiganj","G_winter_013","1",5.33,"541","2023_Habiganj"
"11351","1970","Medium","2023","3","Habiganj","G_winter_013","2",4.97,"542","2023_Habiganj"
"11352","1970","Medium","2023","3","Habiganj","G_winter_013","3",6.27,"543","2023_Habiganj"
"11353","1985","Medium","2023","3","Habiganj","G_winter_014","1",5.44,"544","2023_Habiganj"
"11354","1985","Medium","2023","3","Habiganj","G_winter_014","2",4.82,"545","2023_Habiganj"
"11355","1985","Medium","2023","3","Habiganj","G_winter_014","3",4.65,"546","2023_Habiganj"
"11357","1977","Medium","2023","3","Habiganj","G_winter_015","2",4.64,"548","2023_Habiganj"
"11358","1977","Medium","2023","3","Habiganj","G_winter_015","3",3.6,"549","2023_Habiganj"
"11359","1978","Medium","2023","3","Habiganj","G_winter_016","1",5.27,"550","2023_Habiganj"
"11360","1978","Medium","2023","3","Habiganj","G_winter_016","2",4.8,"551","2023_Habiganj"
"11361","1978","Medium","2023","3","Habiganj","G_winter_016","3",5.25,"552","2023_Habiganj"
"11362","2022","Medium","2023","3","Habiganj","G_winter_029","1",6.96,"553","2023_Habiganj"
"11363","2022","Medium","2023","3","Habiganj","G_winter_029","2",6.73,"554","2023_Habiganj"
"11364","2022","Medium","2023","3","Habiganj","G_winter_029","3",6.8,"555","2023_Habiganj"
"11365","1998","Medium","2023","3","Habiganj","G_winter_017","1",6.48,"556","2023_Habiganj"
"11366","1998","Medium","2023","3","Habiganj","G_winter_017","2",5.47,"557","2023_Habiganj"
"11367","1998","Medium","2023","3","Habiganj","G_winter_017","3",5.5,"558","2023_Habiganj"
"11368","2008","Medium","2023","3","Habiganj","G_winter_018","1",4.78,"559","2023_Habiganj"
"11369","2008","Medium","2023","3","Habiganj","G_winter_018","2",4.13,"560","2023_Habiganj"
"11370","2008","Medium","2023","3","Habiganj","G_winter_018","3",4.36,"561","2023_Habiganj"
"11371","2012","Medium","2023","3","Habiganj","G_winter_019","1",7.38,"562","2023_Habiganj"
"11372","2012","Medium","2023","3","Habiganj","G_winter_019","2",6.66,"563","2023_Habiganj"
"11373","2012","Medium","2023","3","Habiganj","G_winter_019","3",5.12,"564","2023_Habiganj"
"11374","2013","Medium","2023","3","Habiganj","G_winter_020","1",6.12,"565","2023_Habiganj"
"11375","2013","Medium","2023","3","Habiganj","G_winter_020","2",5.93,"566","2023_Habiganj"
"11376","2013","Medium","2023","3","Habiganj","G_winter_020","3",5.93,"567","2023_Habiganj"
"11377","2013","Medium","2023","3","Habiganj","G_winter_021","1",5.95,"568","2023_Habiganj"
"11378","2013","Medium","2023","3","Habiganj","G_winter_021","2",5.13,"569","2023_Habiganj"
"11379","2013","Medium","2023","3","Habiganj","G_winter_021","3",5.54,"570","2023_Habiganj"
"11380","2014","Medium","2023","3","Habiganj","G_winter_022","1",2.79,"571","2023_Habiganj"
"11381","2014","Medium","2023","3","Habiganj","G_winter_022","2",2.84,"572","2023_Habiganj"
"11382","2014","Medium","2023","3","Habiganj","G_winter_022","3",2.84,"573","2023_Habiganj"
"11383","2014","Medium","2023","3","Habiganj","G_winter_023","1",6.31,"574","2023_Habiganj"
"11384","2014","Medium","2023","3","Habiganj","G_winter_023","2",6.37,"575","2023_Habiganj"
"11385","2014","Medium","2023","3","Habiganj","G_winter_023","3",7.2,"576","2023_Habiganj"
"11386","2014","Medium","2023","3","Habiganj","G_winter_024","1",6.21,"577","2023_Habiganj"
"11387","2014","Medium","2023","3","Habiganj","G_winter_024","2",5.94,"578","2023_Habiganj"
"11388","2014","Medium","2023","3","Habiganj","G_winter_024","3",4.76,"579","2023_Habiganj"
"11389","2015","Medium","2023","3","Habiganj","G_winter_025","1",6.77,"580","2023_Habiganj"
"11390","2015","Medium","2023","3","Habiganj","G_winter_025","2",6.48,"581","2023_Habiganj"
"11391","2015","Medium","2023","3","Habiganj","G_winter_025","3",6.66,"582","2023_Habiganj"
"11392","2020","Medium","2023","3","Habiganj","G_winter_026","1",6.89,"583","2023_Habiganj"
"11393","2020","Medium","2023","3","Habiganj","G_winter_026","2",6.89,"584","2023_Habiganj"
"11394","2020","Medium","2023","3","Habiganj","G_winter_026","3",6.54,"585","2023_Habiganj"
"11395","2020","Medium","2023","3","Habiganj","G_winter_027","1",7.16,"586","2023_Habiganj"
"11396","2020","Medium","2023","3","Habiganj","G_winter_027","2",6.7,"587","2023_Habiganj"
"11397","2020","Medium","2023","3","Habiganj","G_winter_027","3",6.5,"588","2023_Habiganj"
"11449","2021","Medium","2023","4","Barishal","G_winter_028","1",4.4,"589","2023_Barishal"
"11450","2021","Medium","2023","4","Barishal","G_winter_028","2",4.45,"590","2023_Barishal"
"11451","2021","Medium","2023","4","Barishal","G_winter_028","3",5.32,"591","2023_Barishal"
"11401","1970","Medium","2023","4","Barishal","G_winter_013","1",5.66,"541","2023_Barishal"
"11402","1970","Medium","2023","4","Barishal","G_winter_013","2",4.62,"542","2023_Barishal"
"11403","1970","Medium","2023","4","Barishal","G_winter_013","3",5.77,"543","2023_Barishal"
"11404","1985","Medium","2023","4","Barishal","G_winter_014","1",2.83,"544","2023_Barishal"
"11405","1985","Medium","2023","4","Barishal","G_winter_014","2",3.26,"545","2023_Barishal"
"11406","1985","Medium","2023","4","Barishal","G_winter_014","3",4.19,"546","2023_Barishal"
"11407","1977","Medium","2023","4","Barishal","G_winter_015","1",3.85,"547","2023_Barishal"
"11408","1977","Medium","2023","4","Barishal","G_winter_015","2",3.67,"548","2023_Barishal"
"11409","1977","Medium","2023","4","Barishal","G_winter_015","3",3.8,"549","2023_Barishal"
"11410","1978","Medium","2023","4","Barishal","G_winter_016","1",4.24,"550","2023_Barishal"
"11411","1978","Medium","2023","4","Barishal","G_winter_016","2",3.61,"551","2023_Barishal"
"11412","1978","Medium","2023","4","Barishal","G_winter_016","3",4.44,"552","2023_Barishal"
"11413","2022","Medium","2023","4","Barishal","G_winter_029","1",4.29,"553","2023_Barishal"
"11414","2022","Medium","2023","4","Barishal","G_winter_029","2",4.35,"554","2023_Barishal"
"11415","2022","Medium","2023","4","Barishal","G_winter_029","3",3.24,"555","2023_Barishal"
"11416","1998","Medium","2023","4","Barishal","G_winter_017","1",4.13,"556","2023_Barishal"
"11417","1998","Medium","2023","4","Barishal","G_winter_017","2",3.9,"557","2023_Barishal"
"11418","1998","Medium","2023","4","Barishal","G_winter_017","3",4.44,"558","2023_Barishal"
"11419","2008","Medium","2023","4","Barishal","G_winter_018","1",4.5,"559","2023_Barishal"
"11420","2008","Medium","2023","4","Barishal","G_winter_018","2",4.32,"560","2023_Barishal"
"11421","2008","Medium","2023","4","Barishal","G_winter_018","3",4.99,"561","2023_Barishal"
"11422","2012","Medium","2023","4","Barishal","G_winter_019","1",4.37,"562","2023_Barishal"
"11423","2012","Medium","2023","4","Barishal","G_winter_019","2",4.25,"563","2023_Barishal"
"11424","2012","Medium","2023","4","Barishal","G_winter_019","3",4.41,"564","2023_Barishal"
"11425","2013","Medium","2023","4","Barishal","G_winter_020","1",4.4,"565","2023_Barishal"
"11426","2013","Medium","2023","4","Barishal","G_winter_020","2",4.45,"566","2023_Barishal"
"11427","2013","Medium","2023","4","Barishal","G_winter_020","3",4.28,"567","2023_Barishal"
"11428","2013","Medium","2023","4","Barishal","G_winter_021","1",4.58,"568","2023_Barishal"
"11429","2013","Medium","2023","4","Barishal","G_winter_021","2",4.24,"569","2023_Barishal"
"11430","2013","Medium","2023","4","Barishal","G_winter_021","3",4.71,"570","2023_Barishal"
"11431","2014","Medium","2023","4","Barishal","G_winter_022","1",4,"571","2023_Barishal"
"11432","2014","Medium","2023","4","Barishal","G_winter_022","2",4.56,"572","2023_Barishal"
"11433","2014","Medium","2023","4","Barishal","G_winter_022","3",4.34,"573","2023_Barishal"
"11434","2014","Medium","2023","4","Barishal","G_winter_023","1",5.7,"574","2023_Barishal"
"11435","2014","Medium","2023","4","Barishal","G_winter_023","2",5.95,"575","2023_Barishal"
"11436","2014","Medium","2023","4","Barishal","G_winter_023","3",5.29,"576","2023_Barishal"
"11437","2014","Medium","2023","4","Barishal","G_winter_024","1",3.62,"577","2023_Barishal"
"11438","2014","Medium","2023","4","Barishal","G_winter_024","2",4.16,"578","2023_Barishal"
"11439","2014","Medium","2023","4","Barishal","G_winter_024","3",3.46,"579","2023_Barishal"
"11440","2015","Medium","2023","4","Barishal","G_winter_025","1",5.46,"580","2023_Barishal"
"11441","2015","Medium","2023","4","Barishal","G_winter_025","2",5.23,"581","2023_Barishal"
"11442","2015","Medium","2023","4","Barishal","G_winter_025","3",5.44,"582","2023_Barishal"
"11443","2020","Medium","2023","4","Barishal","G_winter_026","1",3.5,"583","2023_Barishal"
"11444","2020","Medium","2023","4","Barishal","G_winter_026","2",3.45,"584","2023_Barishal"
"11445","2020","Medium","2023","4","Barishal","G_winter_026","3",4.25,"585","2023_Barishal"
"11446","2020","Medium","2023","4","Barishal","G_winter_027","1",4.63,"586","2023_Barishal"
"11447","2020","Medium","2023","4","Barishal","G_winter_027","2",2.97,"587","2023_Barishal"
"11448","2020","Medium","2023","4","Barishal","G_winter_027","3",4.74,"588","2023_Barishal"
"11500","2021","Medium","2023","4","Rajshahi","G_winter_028","1",7.21,"589","2023_Rajshahi"
"11501","2021","Medium","2023","4","Rajshahi","G_winter_028","2",6.8,"590","2023_Rajshahi"
"11502","2021","Medium","2023","4","Rajshahi","G_winter_028","3",6.26,"591","2023_Rajshahi"
"11452","1970","Medium","2023","4","Rajshahi","G_winter_013","1",4.73,"541","2023_Rajshahi"
"11453","1970","Medium","2023","4","Rajshahi","G_winter_013","2",5.56,"542","2023_Rajshahi"
"11454","1970","Medium","2023","4","Rajshahi","G_winter_013","3",5.22,"543","2023_Rajshahi"
"11455","1985","Medium","2023","4","Rajshahi","G_winter_014","1",5.65,"544","2023_Rajshahi"
"11456","1985","Medium","2023","4","Rajshahi","G_winter_014","2",5.66,"545","2023_Rajshahi"
"11457","1985","Medium","2023","4","Rajshahi","G_winter_014","3",6.44,"546","2023_Rajshahi"
"11458","1977","Medium","2023","4","Rajshahi","G_winter_015","1",4.37,"547","2023_Rajshahi"
"11459","1977","Medium","2023","4","Rajshahi","G_winter_015","2",4.89,"548","2023_Rajshahi"
"11460","1977","Medium","2023","4","Rajshahi","G_winter_015","3",4.86,"549","2023_Rajshahi"
"11461","1978","Medium","2023","4","Rajshahi","G_winter_016","1",4.98,"550","2023_Rajshahi"
"11462","1978","Medium","2023","4","Rajshahi","G_winter_016","2",6.05,"551","2023_Rajshahi"
"11463","1978","Medium","2023","4","Rajshahi","G_winter_016","3",5.71,"552","2023_Rajshahi"
"11464","2022","Medium","2023","4","Rajshahi","G_winter_029","1",5.93,"553","2023_Rajshahi"
"11465","2022","Medium","2023","4","Rajshahi","G_winter_029","2",8.85,"554","2023_Rajshahi"
"11466","2022","Medium","2023","4","Rajshahi","G_winter_029","3",8.61,"555","2023_Rajshahi"
"11467","1998","Medium","2023","4","Rajshahi","G_winter_017","1",5.35,"556","2023_Rajshahi"
"11468","1998","Medium","2023","4","Rajshahi","G_winter_017","2",4.29,"557","2023_Rajshahi"
"11469","1998","Medium","2023","4","Rajshahi","G_winter_017","3",5.15,"558","2023_Rajshahi"
"11470","2008","Medium","2023","4","Rajshahi","G_winter_018","1",6.42,"559","2023_Rajshahi"
"11471","2008","Medium","2023","4","Rajshahi","G_winter_018","2",5.32,"560","2023_Rajshahi"
"11472","2008","Medium","2023","4","Rajshahi","G_winter_018","3",6.11,"561","2023_Rajshahi"
"11473","2012","Medium","2023","4","Rajshahi","G_winter_019","1",6.94,"562","2023_Rajshahi"
"11474","2012","Medium","2023","4","Rajshahi","G_winter_019","2",7.21,"563","2023_Rajshahi"
"11475","2012","Medium","2023","4","Rajshahi","G_winter_019","3",6.98,"564","2023_Rajshahi"
"11476","2013","Medium","2023","4","Rajshahi","G_winter_020","1",6.42,"565","2023_Rajshahi"
"11477","2013","Medium","2023","4","Rajshahi","G_winter_020","2",5.93,"566","2023_Rajshahi"
"11478","2013","Medium","2023","4","Rajshahi","G_winter_020","3",6.31,"567","2023_Rajshahi"
"11479","2013","Medium","2023","4","Rajshahi","G_winter_021","1",6.51,"568","2023_Rajshahi"
"11480","2013","Medium","2023","4","Rajshahi","G_winter_021","2",6.53,"569","2023_Rajshahi"
"11481","2013","Medium","2023","4","Rajshahi","G_winter_021","3",5.48,"570","2023_Rajshahi"
"11482","2014","Medium","2023","4","Rajshahi","G_winter_022","1",5.79,"571","2023_Rajshahi"
"11483","2014","Medium","2023","4","Rajshahi","G_winter_022","2",5.65,"572","2023_Rajshahi"
"11484","2014","Medium","2023","4","Rajshahi","G_winter_022","3",5.86,"573","2023_Rajshahi"
"11485","2014","Medium","2023","4","Rajshahi","G_winter_023","1",7.06,"574","2023_Rajshahi"
"11486","2014","Medium","2023","4","Rajshahi","G_winter_023","2",6.29,"575","2023_Rajshahi"
"11487","2014","Medium","2023","4","Rajshahi","G_winter_023","3",6.28,"576","2023_Rajshahi"
"11488","2014","Medium","2023","4","Rajshahi","G_winter_024","1",7.5,"577","2023_Rajshahi"
"11489","2014","Medium","2023","4","Rajshahi","G_winter_024","2",7.13,"578","2023_Rajshahi"
"11490","2014","Medium","2023","4","Rajshahi","G_winter_024","3",7.23,"579","2023_Rajshahi"
"11491","2015","Medium","2023","4","Rajshahi","G_winter_025","1",6.38,"580","2023_Rajshahi"
"11492","2015","Medium","2023","4","Rajshahi","G_winter_025","2",6.26,"581","2023_Rajshahi"
"11493","2015","Medium","2023","4","Rajshahi","G_winter_025","3",6.17,"582","2023_Rajshahi"
"11494","2020","Medium","2023","4","Rajshahi","G_winter_026","1",5.23,"583","2023_Rajshahi"
"11495","2020","Medium","2023","4","Rajshahi","G_winter_026","2",4.63,"584","2023_Rajshahi"
"11496","2020","Medium","2023","4","Rajshahi","G_winter_026","3",5.19,"585","2023_Rajshahi"
"11497","2020","Medium","2023","4","Rajshahi","G_winter_027","1",4.9,"586","2023_Rajshahi"
"11498","2020","Medium","2023","4","Rajshahi","G_winter_027","2",5.36,"587","2023_Rajshahi"
"11499","2020","Medium","2023","4","Rajshahi","G_winter_027","3",5.94,"588","2023_Rajshahi"
